CASE_ID,ACCIDENT_YEAR,PROC_DATE,JURIS,COLLISION_DATE,COLLISION_TIME,OFFICER_ID,REPORTING_DISTRICT,DAY_OF_WEEK,CHP_SHIFT,POPULATION,CNTY_CITY_LOC,SPECIAL_COND,BEAT_TYPE,CHP_BEAT_TYPE,CITY_DIVISION_LAPD,CHP_BEAT_CLASS,BEAT_NUMBER,PRIMARY_RD,SECONDARY_RD,DISTANCE,DIRECTION,INTERSECTION,WEATHER_1,WEATHER_2,STATE_HWY_IND,CALTRANS_COUNTY,CALTRANS_DISTRICT,STATE_ROUTE,ROUTE_SUFFIX,POSTMILE_PREFIX,POSTMILE,LOCATION_TYPE,RAMP_INTERSECTION,SIDE_OF_HWY,TOW_AWAY,COLLISION_SEVERITY,NUMBER_KILLED,NUMBER_INJURED,PARTY_COUNT,PRIMARY_COLL_FACTOR,PCF_CODE_OF_VIOL,PCF_VIOL_CATEGORY,PCF_VIOLATION,PCF_VIOL_SUBSECTION,HIT_AND_RUN,TYPE_OF_COLLISION,MVIW,PED_ACTION,ROAD_SURFACE,ROAD_COND_1,ROAD_COND_2,LIGHTING,CONTROL_DEVICE,CHP_ROAD_TYPE,PEDESTRIAN_ACCIDENT,BICYCLE_ACCIDENT,MOTORCYCLE_ACCIDENT,TRUCK_ACCIDENT,NOT_PRIVATE_PROPERTY,ALCOHOL_INVOLVED,STWD_VEHTYPE_AT_FAULT,CHP_VEHTYPE_AT_FAULT,COUNT_SEVERE_INJ,COUNT_VISIBLE_INJ,COUNT_COMPLAINT_PAIN,COUNT_PED_KILLED,COUNT_PED_INJURED,COUNT_BICYCLIST_KILLED,COUNT_BICYCLIST_INJURED,COUNT_MC_KILLED,COUNT_MC_INJURED,PRIMARY_RAMP,SECONDARY_RAMP,LATITUDE,LONGITUDE,COUNTY,CITY,POINT_X,POINT_Y
6386641,2014,2014-06-03,1942,2014-01-07,1455,39262,648,2,5,7,1942,0,0,0,,0,6TL2,"WESTERN AV","HOLLYWOOD BL",0.00,,Y,A,-,N,,,,,,,,,,N,4,0,1,2,A,-,11,21456,B,N,G,B,B,A,H,-,A,A,0,Y,,,,Y,,N,60,0,0,1,0,1,0,0,0,0,"- ","- ",,,"LOS ANGELES","LOS ANGELES",-118.30927011,34.101750029999998
6386669,2014,2014-06-03,1942,2014-01-26,1255,40560,1445,7,5,7,1942,0,0,0,N,0,20TL59,"BEETHOVEN ST","VENICE BL",210.00,S,N,A,-,N,,,,,,,,,,N,4,0,1,2,A,-,11,21956,A,F,G,B,E,A,H,-,A,D,0,Y,,,,Y,,N,60,0,0,1,0,1,0,0,0,0,"- ","- ",,,"LOS ANGELES","LOS ANGELES",-118.44092764,33.999391920000001
6386673,2014,2014-06-03,1942,2014-01-20,1915,37468,2054,1,5,7,1942,0,0,0,,0,20A34,OLYMPIC,KINGSLEY,0.00,,Y,A,-,N,,,,,,,,,,N,2,0,1,2,A,-,10,21950,A,N,G,B,B,A,H,-,C,A,0,Y,,,,Y,,A,07,1,0,0,0,1,0,0,0,0,"- ","- ",,,"LOS ANGELES","LOS ANGELES",-118.30315005,34.052630010000001
6386680,2014,2014-06-03,1942,2014-01-09,1630,37613,0646,4,5,7,1942,0,0,0,F,0,20T56,"IVAR AV","SELMA AV",245.00,N,N,A,-,N,,,,,,,,,,N,4,0,1,2,A,-,09,21804,A,N,G,B,F,A,H,-,A,D,0,Y,,,,Y,,A,01,0,0,1,0,1,0,0,0,0,"- ","- ",,,"LOS ANGELES","LOS ANGELES",-118.32815973,34.100451939999999
6386694,2014,2016-05-20,1956,2014-02-14,1630,1242,24,5,5,5,1956,0,0,0,,0,002,"BERYL ST","RT 1",0.00,,Y,A,-,Y,LA,7,1,-,-,20.231,I,5,S,N,3,0,1,2,A,-,01,23152,A,N,G,B,D,A,H,-,A,A,0,Y,,,,Y,Y,A,01,0,1,0,0,1,0,0,0,0,"- ","- ",,,"LOS ANGELES","REDONDO BEACH",-118.38852703000001,33.849039179999998
6386705,2014,2014-06-03,1942,2014-01-31,1840,37966,0644,5,5,7,1942,0,0,0,F,0,6TL2,"SUNSET BL","ALTA VISTA BL",40.00,W,N,A,-,N,,,,,,,,,,N,3,0,1,2,A,-,11,21956,A,N,G,B,E,A,H,-,C,D,0,Y,,,,Y,Y,N,60,0,1,0,0,1,0,0,0,0,"- ","- ",,,"LOS ANGELES","LOS ANGELES",-118.34719183999999,34.097992689999998
6386714,2014,2014-06-17,1942,2014-02-07,1730,22801,0677,5,5,7,1942,0,0,0,F,0,6EL6,"VAN NESS AV","MELROSE AV",5.00,N,N,A,-,N,,,,,,,,,,N,4,0,1,2,A,-,11,21456,B,N,G,B,B,A,-,-,B,A,0,Y,,,,Y,,N,60,0,0,1,0,1,0,0,0,0,"- ","- ",,,"LOS ANGELES","LOS ANGELES",-118.31570038,34.083523710000001
6387032,2014,2015-02-19,1941,2014-02-20,1210,1014,,4,5,7,1941,0,0,0,,0,,"7TH ST","LONG BEACH BL",12.00,W,N,A,-,N,,,,,,,,,,N,4,0,1,2,-,-,"- ",,,N,G,B,B,A,H,-,A,A,0,Y,,,,Y,,-,"- ",0,0,1,0,1,0,0,0,0,"- ","- ",,,"LOS ANGELES","LONG BEACH",-118.1894994,33.775340620000001
6387106,2014,2014-06-17,1928,2014-02-05,1844,371,H520,3,5,5,1928,0,0,0,,0,0H3,"ROSECRANS AV","CERISE AV",7.00,W,N,B,-,N,,,,,,,,,,N,2,0,1,2,A,-,11,21456,B,N,D,B,B,A,H,-,C,A,0,Y,,,,Y,,N,60,1,0,0,0,1,0,0,0,0,"- ","- ",,,"LOS ANGELES",HAWTHORNE,-118.33306302,33.90193
6387109,2014,2014-06-17,1941,2014-02-03,1539,10548,,1,5,7,1941,0,0,0,,0,,"CORONADO AV","8TH ST",0.00,,Y,A,-,N,,,,,,,,,,N,3,0,2,3,A,-,10,21950,A,N,A,B,B,A,H,-,A,A,0,Y,,,,Y,,A,,0,2,0,0,2,0,0,0,0,"- ","- ",,,"LOS ANGELES","LONG BEACH",-118.15353002000001,33.77713001
6387110,2014,2014-06-17,1928,2014-02-01,1429,357,513,6,5,5,1928,0,0,0,,0,0H4,"HAWTHORN BL","135TH ST",0.00,,Y,A,-,N,,,,,,,,,,N,3,0,1,2,A,-,10,21950,A,N,G,B,B,A,H,-,A,A,0,Y,,,,Y,,A,01,0,1,0,0,1,0,0,0,0,"- ","- ",,,"LOS ANGELES",HAWTHORNE,-118.35276,33.909840000000003
6387153,2014,2014-06-17,1941,2014-02-21,1401,10025,,5,5,7,1941,0,0,0,,0,,MAGNOLIA,8TH,0.00,,Y,A,-,N,,,,,,,,,,N,4,0,1,2,A,-,03,22350,,F,B,B,E,A,H,-,A,A,0,Y,,,,Y,,A,,0,0,1,0,1,0,0,0,0,"- ","- ",,,"LOS ANGELES","LONG BEACH",-118.19804013,33.776590069999997
6387235,2014,2014-06-19,1942,2014-01-14,0015,36434,1203,2,5,7,1942,0,0,0,L,0,12XL57,"WESTERN AV","46TH ST",99.00,N,N,A,-,N,,,,,,,,,,N,2,0,1,2,A,-,11,21956,,N,G,B,D,A,H,-,C,B,0,Y,,,,Y,,N,60,1,0,0,0,1,0,0,0,0,"- ","- ",,,"LOS ANGELES","LOS ANGELES",-118.30893,34.002163000000003
6387275,2014,2014-06-03,1965,2014-01-23,1811,3566,0B1K,4,5,5,1965,0,0,0,,0,B001,"SANTA MONICA BL","ALLEY 3",0.00,,Y,A,-,N,,,,,,,,,,N,3,0,1,2,A,-,11,21950,B,N,G,B,B,A,H,-,C,D,0,Y,,,,Y,,N,60,0,1,0,0,1,0,0,0,0,"- ","- ",,,"LOS ANGELES","SANTA MONICA",-118.49567,34.016039999999997
6387283,2014,2014-06-09,9575,2014-01-04,1825,019920,,6,2,9,1900,0,1,3,,2,081,"ROSEMEAD BL","HUNTINGTON DR",0.00,,Y,A,-,N,,,,,,,,,,N,3,0,1,2,A,-,"- ",,,N,G,B,B,A,H,-,C,A,0,Y,,,,Y,,N,60,0,1,0,0,1,0,0,0,0,"- ","- ",34.130130000000001,-118.07312,"LOS ANGELES",UNINCORPORATED,-118.0733,34.130280069999998
6387293,2014,2014-06-11,1948,2014-01-15,0716,400,1948,3,5,5,1948,0,0,0,,0,001,"FLORAL DR","CREST VISTA DR",5.00,E,N,A,-,N,,,,,,,,,,N,3,0,1,2,A,-,03,22350,,N,A,B,B,A,H,-,A,D,0,Y,,,,Y,,-,,0,1,0,0,1,0,0,0,0,"- ","- ",,,"LOS ANGELES","MONTEREY PARK",-118.14710614000001,34.042122589999998
6387360,2014,2014-06-09,9530,2014-01-21,1400,13604,,2,2,9,1900,0,3,5,,2,001,"FIRESTONE BL","HOLMES AV",5.00,W,N,B,-,N,,,,,,,,,,N,3,0,1,2,A,-,"- ",,,N,G,B,B,A,H,-,A,A,0,Y,,,,Y,,A,07,0,1,0,0,1,0,0,0,0,"- ","- ",33.960259999999998,-118.24052,"LOS ANGELES",UNINCORPORATED,-118.24086646000001,33.960149999999999
6387882,2014,2014-06-16,1928,2014-02-13,1130,312,530,4,5,5,1928,0,0,0,,0,0H1,"IMPERIAL HWY","HAWTHORNE BL",0.00,,Y,A,-,N,,,,,,,,,,N,3,0,1,2,A,-,10,21950,A,N,G,B,B,A,H,-,A,A,0,Y,,,,Y,,A,01,0,1,0,0,1,0,0,0,0,"- ","- ",,,"LOS ANGELES",HAWTHORNE,-118.35271001,33.930960059999997
6388099,2014,2014-06-13,1942,2014-02-02,2210,37912,1979,7,5,7,1942,0,0,0,,0,19A79,"OSBORNE ST","BEACHEY AV",300.00,W,N,A,-,N,,,,,,,,,,N,3,0,1,3,A,-,03,22350,,F,G,B,D,B,H,-,C,D,0,Y,,,,Y,,-,99,0,1,0,0,1,0,0,0,0,"- ","- ",,,"LOS ANGELES","LOS ANGELES",-118.43012869,34.239131100000002
6388111,2014,2014-06-13,1942,2014-02-08,1015,30452,1037,6,5,7,1942,0,0,0,J,0,9TL53,"VICTORY BL","BALBOA BL",1275.00,W,N,A,-,N,,,,,,,,,,N,3,0,1,2,B,-,22,,,F,G,B,F,A,H,-,A,D,0,Y,,,,Y,,A,01,0,1,0,0,1,0,0,0,0,"- ","- ",,,"LOS ANGELES","LOS ANGELES",-118.5053084,34.186626050000001
6388115,2014,2014-06-13,1942,2014-02-09,1300,38850,1599,7,5,7,1942,0,0,0,O,0,16T626,"CAHUENGA BL WEST","IONE DR",110.00,S,N,A,-,N,,,,,,,,,,Y,2,0,2,5,A,-,01,23152,A,F,C,E,E,A,H,-,A,D,0,Y,,,,Y,Y,A,01,2,0,0,0,1,0,0,0,0,"- ","- ",,,"LOS ANGELES","LOS ANGELES",-118.35170814,34.131440089999998
6388675,2014,2014-06-06,1947,2014-01-27,1755,1401,,1,5,5,1947,0,0,0,,0,00E,"OLYMPIC BL","TAYLOR AV",0.00,,Y,A,-,N,,,,,,,,,,N,3,0,2,3,A,-,10,21950,A,N,A,B,B,A,H,-,C,D,0,Y,,,,Y,,A,01,0,1,1,0,2,0,0,0,0,"- ","- ",,,"LOS ANGELES",MONTEBELLO,-118.11509005000001,34.007650009999999
6388773,2014,2014-06-05,1942,2014-01-30,0800,36633,1025,4,5,7,1942,0,0,0,J,0,10A17,"WELBY WY","ETIWANDA AV",0.00,,Y,B,-,N,,,,,,,,,,N,3,0,1,2,A,-,"- ",,,N,G,B,B,A,H,-,A,D,0,Y,,,,Y,,A,01,0,1,0,0,1,0,0,0,0,"- ","- ",,,"LOS ANGELES","LOS ANGELES",-118.53169011999999,34.19295005
6388789,2014,2014-06-04,1942,2014-01-29,1840,38321,0938,3,5,7,1942,0,0,0,I,0,,"VICTORY BL","VARNA AV",0.00,,Y,A,-,N,,,,,,,,,,N,4,0,1,2,A,-,10,21950,A,N,G,B,B,A,H,-,C,A,0,Y,,,,Y,,A,08,0,0,1,0,1,0,0,0,0,"- ","- ",,,"LOS ANGELES","LOS ANGELES",-118.42473003000001,34.186670120000002
6388809,2014,2014-06-05,1942,2014-01-01,2040,38603,2133,3,5,7,1942,0,0,0,,0,19T75,"SHERMAN WY","FALLBROOK AV",45.00,E,N,A,-,N,,,,,,,,,,N,4,0,1,2,A,-,11,21954,A,N,G,B,D,A,H,-,C,A,0,Y,,,,Y,,N,60,0,0,1,0,1,0,0,0,0,"- ","- ",,,"LOS ANGELES","LOS ANGELES",-118.62327151,34.200994369999997
6389451,2014,2014-07-08,1941,2014-02-16,0733,10550,,7,5,7,1941,0,0,0,,0,,"ANAHEIM ST","CEDAR AV",45.00,W,N,A,-,N,,,,,,,,,,Y,4,0,2,2,A,-,00,23103,B,F,G,B,F,A,H,-,A,D,0,Y,,,,Y,,A,,0,0,2,0,1,0,0,0,0,"- ","- ",,,"LOS ANGELES","LONG BEACH",-118.19520779,33.782600000000002
6389478,2014,2014-06-18,1942,2014-01-30,1715,37966,0665,4,5,7,1942,0,0,0,F,0,14TL52,"SANTA MONICA BL","MANSFIELD AV",8.00,W,N,C,-,N,,,,,,,,,,N,4,0,1,2,A,-,11,21950,B,F,G,B,B,B,H,-,C,D,0,Y,,,,Y,,N,60,0,0,1,0,1,0,0,0,0,"- ","- ",,,"LOS ANGELES","LOS ANGELES",-118.34045637,34.090719999999997
6389483,2014,2014-07-08,1941,2014-02-19,1508,10363,,3,5,7,1941,0,0,0,,0,,"PACIFIC COAST HWY",LEMON,0.00,,Y,A,-,N,,,,,,,,,,Y,3,0,2,4,A,-,09,21801,A,N,A,C,F,A,H,-,A,A,0,Y,,,,Y,,A,,0,1,1,0,2,0,0,0,0,"- ","- ",,,"LOS ANGELES","LONG BEACH",-118.17852004,33.789870059999998
6389487,2014,2014-07-07,1941,2014-02-19,0754,6185,,3,5,7,1941,0,0,0,,0,,"ATLANTA AV","COLUMBIA ST",0.00,,Y,A,-,N,,,,,,,,,,N,3,0,1,2,A,-,10,21950,A,N,G,B,B,A,H,-,A,A,0,Y,,,,Y,,A,,0,1,0,0,1,0,0,0,0,"- ","- ",,,"LOS ANGELES","LONG BEACH",-118.18503004999999,33.808930109999999
6389493,2014,2014-06-18,1942,2014-01-30,1745,33779,1583,4,5,7,1942,0,0,0,O,0,15TL44,"LAUREL CANYON BL","MOORPARK ST",143.00,S,N,B,C,N,,,,,,,,,,N,3,0,1,3,A,-,11,21954,A,N,D,B,E,B,H,-,C,A,0,Y,,,,Y,,N,60,0,1,0,0,1,0,0,0,0,"- ","- ",,,"LOS ANGELES","LOS ANGELES",-118.39648323999999,34.14998782
6389502,2014,2014-06-18,1942,2014-01-23,1805,41043,0755,4,5,7,1942,0,0,0,G,0,7X19,"HAUSER BL","PICO BL",5.00,N,N,A,-,N,,,,,,,,,,N,3,0,1,2,D,-,00,,,N,G,B,B,A,H,-,C,A,0,Y,,,,Y,,-,"- ",0,1,0,0,1,0,0,0,0,"- ","- ",,,"LOS ANGELES","LOS ANGELES",-118.35686292,34.048712379999998
6389510,2014,2014-06-18,1942,2014-01-23,1145,37686,0646,4,5,7,1942,0,0,0,F,0,6T7,"HAWTHORN AV","HIGHLAND AV",10.00,E,N,A,-,N,,,,,,,,,,N,4,0,1,2,A,-,10,21950,A,F,G,B,B,A,H,-,A,D,0,Y,,,,Y,,-,99,0,0,1,0,1,0,0,0,0,"- ","- ",,,"LOS ANGELES","LOS ANGELES",-118.33865702999999,34.100540000000002
6389517,2014,2014-06-18,1942,2014-01-29,1545,38202,0842,3,5,7,1942,0,0,0,H,0,8TL28,"ARMACOST AV","TEXAS AV",8.00,N,N,A,-,N,,,,,,,,,,N,3,0,1,2,A,-,11,21950,B,N,D,B,B,A,H,-,A,A,0,Y,,,,Y,,N,60,0,1,0,0,1,0,0,0,0,"- ","- ",,,"LOS ANGELES","LOS ANGELES",-118.46287531,34.044937859999997
6390083,2014,2014-07-01,1942,2014-02-18,1345,,0176,2,5,7,1942,0,0,0,A,0,1A85,"SAN JULIAN ST","7TH ST",110.00,S,N,A,-,N,,,,,,,,,,N,3,0,1,2,A,-,21,22106,,N,G,B,F,A,H,-,A,D,0,Y,,,,Y,,D,22,0,1,0,0,1,0,0,0,0,"- ","- ",,,"LOS ANGELES","LOS ANGELES",-118.24769129000001,34.040970979999997
6390125,2014,2014-06-17,1942,2014-02-14,0830,39473,2144,5,5,7,1942,0,0,0,,0,16TL20,"BASSETT ST","SALE AV",10.00,E,N,A,-,N,,,,,,,,,,N,4,0,1,2,A,-,21,22106,,N,G,B,E,A,H,-,A,D,0,Y,,,,Y,,D,22,0,0,1,0,1,0,0,0,0,"- ","- ",,,"LOS ANGELES","LOS ANGELES",-118.61896089,34.195367060000002
6390129,2014,2016-02-03,1942,2014-02-20,0830,30452,1689,4,5,7,1942,0,0,0,P,0,9TL53,"PENROSE ST","SAN FERNANDO RD",309.00,E,N,A,-,Y,LA,7,5,-,-,34.316,R,1,S,N,2,0,1,2,C,-,18,,,N,G,B,B,A,H,-,A,A,0,Y,,,Y,Y,Y,-,"- ",1,0,0,0,1,0,0,0,0,"- ","- ",,,"LOS ANGELES","LOS ANGELES",-118.37617523999999,34.226258919999999
6390372,2014,2014-06-20,9530,2014-02-20,0645,15760,,4,1,9,1900,0,3,5,,2,001,"NADEAU ST","PARMALEE AV",0.00,,Y,A,-,N,,,,,,,,,,N,4,0,1,2,A,-,03,22350,,N,G,B,B,A,H,-,A,D,0,Y,,,,Y,,D,22,0,0,1,0,1,0,0,0,0,"- ","- ",33.967500000000001,-118.25060000000001,"LOS ANGELES",UNINCORPORATED,-118.24994005000001,33.967450059999997
6390395,2014,2014-06-19,1942,2014-02-12,2125,39119,1266,3,5,7,1942,0,0,0,L,0,12X55,MANCHESTER,BROADWAY,0.00,,Y,A,-,N,,,,,,,,,,N,3,0,1,2,A,-,10,21950,A,N,G,B,B,A,H,-,C,A,0,Y,,,,Y,,D,22,0,1,0,0,1,0,0,0,0,"- ","- ",,,"LOS ANGELES","LOS ANGELES",-118.27828005000001,33.960080079999997
6390402,2014,2014-06-09,1942,2014-01-25,2215,39349,0235,6,5,7,1942,0,0,0,B,0,4T43,"ALVARADO ST","BEVERLY BL",274.00,S,N,A,-,N,,,,,,,,,,N,3,0,1,2,A,-,11,21950,B,N,G,B,D,A,H,-,C,D,0,Y,,,,Y,,N,60,0,1,0,0,1,0,0,0,0,"- ","- ",,,"LOS ANGELES","LOS ANGELES",-118.27074949,34.066009139999998
6390409,2014,2014-06-09,1942,2014-01-21,0800,33260,0233,2,5,7,1942,0,0,0,B,0,2TL15,"RAMPART BL","2ND ST",6.00,S,N,A,-,N,,,,,,,,,,N,3,0,1,2,A,-,06,21951,,N,G,B,B,A,H,-,A,D,0,Y,,,,Y,,A,01,0,1,0,0,1,0,0,0,0,"- ","- ",,,"LOS ANGELES","LOS ANGELES",-118.27748917,34.068455419999999
6390421,2014,2014-06-25,1942,2014-01-16,0800,37505,0252,4,5,7,1942,0,0,0,B,0,,"WITMER ST","INGRAHAM ST",0.00,,Y,A,-,N,,,,,,,,,,N,3,0,1,2,A,-,12,22450,,F,D,B,E,A,H,-,A,A,0,Y,,,,Y,,-,99,0,1,0,0,1,0,0,0,0,"- ","- ",,,"LOS ANGELES","LOS ANGELES",-118.26717004,34.05306006
6390437,2014,2014-06-09,1942,2014-01-22,0055,31659,423,3,5,7,1942,0,0,0,,0,4A15,"MISSION RD","WORKMAN AV",25.00,S,N,A,-,N,,,,,,,,,,,4,0,1,2,A,-,"- ",,,N,E,I,F,A,H,-,C,D,0,Y,,,,Y,,A,01,0,0,1,0,1,0,0,0,0,"- ","- ",,,"LOS ANGELES","LOS ANGELES",-118.21371429,34.061127140000004
6390441,2014,2014-06-27,1942,2014-01-15,1120,31816,412,3,5,7,1942,0,0,0,,0,4TL43,"AVENUE 26","ARTESIAN ST",90.00,W,N,A,-,N,,,,,,,,,,N,4,0,1,2,A,-,11,21954,A,N,D,B,F,A,H,-,A,D,0,Y,,,,Y,,-,"- ",0,0,1,0,1,0,0,0,0,"- ","- ",,,"LOS ANGELES","LOS ANGELES",-118.21935148,34.080755230000001
6390445,2014,2014-06-09,1942,2014-01-18,1040,33260,0415,6,5,7,1942,0,0,0,D,0,4TL45,"WORKMAN ST","AVENUE 26",403.00,S,N,A,-,N,,,,,,,,,,N,3,0,1,2,A,-,11,21953,,F,G,B,E,A,H,-,A,D,0,Y,,,,Y,,N,60,0,1,0,0,1,0,0,0,0,"- ","- ",,,"LOS ANGELES","LOS ANGELES",-118.21440511,34.07540522
6390453,2014,2014-06-09,1942,2014-01-21,0930,36238,0424,2,5,7,1942,0,0,0,D,0,4TL43,"SOTO ST","VALLEY BL",10.00,N,N,A,-,N,,,,,,,,,,N,4,0,1,2,A,-,10,21950,A,N,G,B,B,A,H,-,A,D,0,Y,,,,Y,,A,01,0,0,1,0,1,0,0,0,0,"- ","- ",,,"LOS ANGELES","LOS ANGELES",-118.19701734,34.06456532
6390456,2014,2014-06-10,1976,2014-01-10,1808,597,,5,5,5,1976,0,0,0,,0,,"BRIGHT AV","PHILADELPHIA ST",264.00,S,N,A,-,N,,,,,,,,,,N,4,0,1,2,A,-,11,21954,A,N,G,B,D,A,H,-,C,D,0,Y,,,,Y,,N,60,0,0,1,0,1,0,0,0,0,"- ","- ",,,"LOS ANGELES",WHITTIER,-118.03617396,33.97836616
6390488,2014,2014-06-25,9530,2014-02-03,2035,20141,,1,2,9,1900,0,3,5,,2,001,"MOUNTAIN VIEW AV","FLORENCE AV",5.00,S,N,A,-,N,,,,,,,,,,N,4,0,1,2,A,-,10,21950,A,N,G,B,B,A,H,-,C,A,0,Y,,,,Y,,D,22,0,0,1,0,1,0,0,0,0,"- ","- ",33.97334,-118.21782,"LOS ANGELES",UNINCORPORATED,-118.21756761,33.973396430000001
6391644,2014,2014-06-12,1946,2014-01-04,1214,P48,,6,5,4,1946,0,0,0,,0,001,GREYSTONE,IVY,0.00,,Y,A,-,N,,,,,,,,,,N,3,0,1,2,A,-,11,21954,A,N,G,B,D,A,H,-,A,D,0,Y,,,,Y,,N,60,0,1,0,0,1,0,0,0,0,"- ","- ",,,"LOS ANGELES",MONROVIA,-117.99893007,34.156940079999998
6392268,2014,2014-06-09,1942,2014-01-28,1110,37505,0111,2,5,7,1942,0,0,0,A,0,13TL53,"HILL ST","COLLEGE ST",0.00,,Y,A,-,N,,,,,,,,,,N,3,0,1,2,A,-,10,21950,A,N,D,B,B,A,H,-,A,A,0,Y,,,,Y,,A,07,0,1,0,0,1,0,0,0,0,"- ","- ",,,"LOS ANGELES","LOS ANGELES",-118.23872007,34.064430029999997
6392304,2014,2014-06-09,1942,2014-01-17,1435,38922,0202,5,5,7,1942,0,0,0,B,0,2A1,"MADISON AV","SANTA MONICA",100.00,S,N,A,-,N,,,,,,,,,,N,3,0,1,2,A,-,11,21456,A,N,G,B,D,A,-,-,A,D,0,Y,,,,Y,,N,60,0,1,0,0,1,0,0,0,0,"- ","- ",,,"LOS ANGELES","LOS ANGELES",-118.28927285,34.09060581
6392308,2014,2014-06-09,1942,2014-01-23,1900,34426,0246,4,5,7,1942,0,0,0,B,0,2TL28,"3RD ST","BONNIE BRAE ST",0.00,,Y,A,-,N,,,,,,,,,,N,4,0,2,3,A,-,21,22106,,N,G,B,B,A,H,-,C,A,0,Y,,,,Y,,A,01,0,0,2,0,2,0,0,0,0,"- ","- ",,,"LOS ANGELES","LOS ANGELES",-118.27021001999999,34.06187001
6392312,2014,2014-06-09,1942,2014-01-19,1145,38175,0211,7,5,7,1942,0,0,0,B,0,2A1,"SANTA MONICA BL","VERMONT AV",200.00,E,N,A,-,N,,,,,,,,,,N,4,0,1,2,A,-,03,22350,,F,G,B,F,A,H,-,A,D,0,Y,,,,Y,,-,99,0,0,1,0,1,0,0,0,0,"- ","- ",,,"LOS ANGELES","LOS ANGELES",-118.29107071999999,34.090870000000002
6392320,2014,2014-06-09,1942,2014-01-20,2140,38233,0245,1,5,7,1942,0,0,0,B,0,13T53W,"ALVARADO ST","MARYLAND ST",130.00,N,N,A,-,N,,,,,,,,,,N,3,0,1,2,A,-,11,21954,A,N,G,B,D,A,H,-,C,A,0,Y,,,,Y,Y,N,60,0,1,0,0,1,0,0,0,0,"- ","- ",,,"LOS ANGELES","LOS ANGELES",-118.2735445,34.061617230000003
6392380,2014,2014-06-09,1942,2014-01-27,1405,40406,182,1,5,7,1942,0,0,0,R,0,1A61,"12TH ST","OLIVER ST",0.00,,Y,A,-,N,,,,,,,,,,N,3,0,1,2,A,-,10,21950,A,N,G,B,B,A,H,-,A,A,0,Y,,,,Y,,A,01,0,1,0,0,1,0,0,0,0,"- ","- ",,,"LOS ANGELES","LOS ANGELES",-118.26226,34.039409999999997
6392464,2014,2014-06-23,1900,2014-01-16,0630,270,,4,5,5,1919,0,0,0,,0,,DENNI,"DEL AMO",100.00,N,N,A,-,N,,,,,,,,,,N,4,0,1,2,A,-,10,21950,A,N,D,B,D,A,H,-,B,D,0,Y,,,,Y,,-,99,0,0,1,0,1,0,0,0,0,"- ","- ",,,"LOS ANGELES",CERRITOS,-118.054715,33.846488000000001
6392731,2014,2014-06-16,1942,2014-02-26,2220,38996,1595,3,5,7,1942,0,0,0,O,0,10TL35,"VENTURA BL","LAUREL CANYON BL",15.00,W,N,B,-,N,,,,,,,,,,N,3,0,1,2,A,-,10,21950,A,F,G,B,B,B,H,-,C,A,0,Y,,,,Y,,-,99,0,1,0,0,1,0,0,0,0,"- ","- ",,,"LOS ANGELES","LOS ANGELES",-118.39530923,34.143565809999998
6392735,2014,2014-06-16,1942,2014-02-24,2020,39701,1557,1,5,7,1942,0,0,0,O,0,16T23,"LANKERSHIM BL","CAMARILLO ST",1.00,S,N,A,-,N,,,,,,,,,,N,4,0,1,2,A,-,10,21950,A,F,G,B,B,A,H,-,C,A,0,Y,,,,Y,,-,99,0,0,1,0,1,0,0,0,0,"- ","- ",,,"LOS ANGELES","LOS ANGELES",-118.37029853,34.157657550000003
6392747,2014,2014-06-16,1942,2014-02-23,1515,37404,1025,7,5,7,1942,0,0,0,J,0,1063,"ETIWANDA AV","SHERMAN WY",0.00,,Y,A,-,N,,,,,,,,,,N,4,0,1,2,A,-,"- ",,,N,-,B,B,A,H,-,A,A,0,Y,,,,Y,,A,01,0,0,1,0,1,0,0,0,0,"- ","- ",,,"LOS ANGELES","LOS ANGELES",-118.53168012,34.201180039999997
6392759,2014,2014-06-16,1942,2014-02-24,1030,32774,0914,1,5,7,1942,0,0,0,I,0,9T55,"VAN NUYS BL","SHERMAN WY",0.00,,Y,A,-,N,,,,,,,,,,N,3,0,1,2,A,-,10,21950,A,N,G,B,B,A,H,-,A,D,0,Y,,,,Y,,A,07,0,1,0,0,1,0,0,0,0,"- ","- ",,,"LOS ANGELES","LOS ANGELES",-118.4487201,34.201190070000003
6392776,2014,2014-06-16,1942,2014-02-22,1400,35903,2143,6,5,7,1942,0,0,0,,0,21X96,"FALLBROOK AV","VICTORY BL",300.00,N,N,A,-,N,,,,,,,,,,N,3,0,1,2,A,-,11,21954,A,N,-,B,D,A,H,-,A,D,0,Y,,,,Y,,N,60,0,1,0,0,1,0,0,0,0,"- ","- ",,,"LOS ANGELES","LOS ANGELES",-118.62339,34.187283010000002
6392796,2014,2014-06-16,1942,2014-02-27,0105,39701,2156,4,5,7,1942,0,0,0,,0,16T23,"CANOGA PARK","VANOWEN ST",7.00,S,N,C,-,N,,,,,,,,,,Y,3,0,1,2,D,-,00,,,F,G,B,B,B,H,-,C,A,0,Y,,,,Y,,-,"- ",0,1,0,0,1,0,0,0,0,"- ","- ",,,"LOS ANGELES","LOS ANGELES",-118.59748,34.193730799999997