CASE_ID,ACCIDENT_YEAR,PROC_DATE,JURIS,COLLISION_DATE,COLLISION_TIME,OFFICER_ID,REPORTING_DISTRICT,DAY_OF_WEEK,CHP_SHIFT,POPULATION,CNTY_CITY_LOC,SPECIAL_COND,BEAT_TYPE,CHP_BEAT_TYPE,CITY_DIVISION_LAPD,CHP_BEAT_CLASS,BEAT_NUMBER,PRIMARY_RD,SECONDARY_RD,DISTANCE,DIRECTION,INTERSECTION,WEATHER_1,WEATHER_2,STATE_HWY_IND,CALTRANS_COUNTY,CALTRANS_DISTRICT,STATE_ROUTE,ROUTE_SUFFIX,POSTMILE_PREFIX,POSTMILE,LOCATION_TYPE,RAMP_INTERSECTION,SIDE_OF_HWY,TOW_AWAY,COLLISION_SEVERITY,NUMBER_KILLED,NUMBER_INJURED,PARTY_COUNT,PRIMARY_COLL_FACTOR,PCF_CODE_OF_VIOL,PCF_VIOL_CATEGORY,PCF_VIOLATION,PCF_VIOL_SUBSECTION,HIT_AND_RUN,TYPE_OF_COLLISION,MVIW,PED_ACTION,ROAD_SURFACE,ROAD_COND_1,ROAD_COND_2,LIGHTING,CONTROL_DEVICE,CHP_ROAD_TYPE,PEDESTRIAN_ACCIDENT,BICYCLE_ACCIDENT,MOTORCYCLE_ACCIDENT,TRUCK_ACCIDENT,NOT_PRIVATE_PROPERTY,ALCOHOL_INVOLVED,STWD_VEHTYPE_AT_FAULT,CHP_VEHTYPE_AT_FAULT,COUNT_SEVERE_INJ,COUNT_VISIBLE_INJ,COUNT_COMPLAINT_PAIN,COUNT_PED_KILLED,COUNT_PED_INJURED,COUNT_BICYCLIST_KILLED,COUNT_BICYCLIST_INJURED,COUNT_MC_KILLED,COUNT_MC_INJURED,PRIMARY_RAMP,SECONDARY_RAMP,LATITUDE,LONGITUDE,COUNTY,CITY,POINT_X,POINT_Y
6443763,2014,2014-07-02,9535,2014-03-26,1530,12125,,3,2,9,1900,0,3,5,,2,002,"WOODS AV","OLYMPIC BL",8.00,S,N,A,-,N,,,,,,,,,,N,4,0,1,2,A,-,10,21950,A,N,G,B,B,A,H,-,A,A,0,Y,,,,Y,,A,08,0,0,1,0,1,0,0,0,0,"- ","- ",34.016539999999999,-118.15958000000001,"LOS ANGELES",UNINCORPORATED,-118.1595361,34.01648866
6443779,2014,2014-07-02,9535,2014-03-21,2135,019725,,5,2,9,1900,0,3,5,,2,002,"GARFIELD AV","NORTHSIDE DR",0.00,,Y,A,-,N,,,,,,,,,,N,3,0,1,2,A,-,10,21950,A,N,G,B,B,A,H,-,C,D,0,Y,,,,Y,,A,01,0,1,0,0,1,0,0,0,0,"- ","- ",34.091299999999997,-118.13048000000001,"LOS ANGELES",UNINCORPORATED,-118.1305201,34.012980059999997
6443803,2014,2015-11-17,9535,2014-03-17,2230,19839,,1,3,7,1942,0,1,1,,2,111,"RT 10","STATE ST",150.00,E,N,A,-,Y,LA,7,10,-,-,18.657,R,2,W,N,4,0,1,2,A,-,11,21954,A,M,G,B,D,A,H,-,C,D,0,Y,,,,Y,,N,60,0,0,1,0,1,0,0,0,0,"- ","- ",34.05536,-118.21043,"LOS ANGELES","LOS ANGELES",-118.20970569000001,34.054409229999997
6443836,2014,2014-07-02,9535,2014-03-19,0620,15797,,3,1,9,1900,0,2,4,,2,025,"ATLANTIC BL","6TH ST",0.00,,Y,A,-,N,,,,,,,,,,N,4,0,1,2,A,-,10,21950,A,N,H,B,B,A,H,-,B,A,0,Y,,,,Y,,A,01,0,0,1,0,1,0,0,0,0,"- ","- ",34.024999999999999,-118.15600000000001,"LOS ANGELES",UNINCORPORATED,-118.15593008,34.024890079999999
6444084,2014,2014-06-26,9535,2014-02-26,1410,13421,,3,2,9,1900,0,3,5,,2,002,"LA VERNE AV","EAGLE ST",113.00,N,N,B,-,N,,,,,,,,,,N,3,0,1,2,A,-,21,22106,,N,G,B,E,A,H,-,A,D,0,Y,,,,Y,,A,07,0,1,0,0,1,0,0,0,0,"- ","- ",34.029209999999999,-118.15980999999999,"LOS ANGELES",UNINCORPORATED,-118.16006793,34.028490240000004
6444108,2014,2014-06-26,9535,2014-02-21,1940,19973,,5,2,9,1900,0,3,5,,2,002,"DENNISON ST","BONNIE BEACH PL",10.00,W,N,A,-,N,,,,,,,,,,N,3,0,1,2,A,-,11,21954,A,F,G,B,D,A,H,-,C,D,0,Y,,,,Y,Y,N,60,0,1,0,0,1,0,0,0,0,"- ","- ",34.020780000000002,-118.18120999999999,"LOS ANGELES",UNINCORPORATED,-118.18128292999999,34.020720480000001
6444119,2014,2014-06-26,1900,2014-02-16,0200,519501,332,7,5,4,1939,0,0,0,,0,35T1,"MANSEL AV","156TH ST",0.00,,Y,A,-,N,,,,,,,,,,N,3,0,1,2,A,-,11,21956,A,N,G,B,E,A,H,-,C,A,0,Y,,,,Y,,N,60,0,1,0,0,1,0,0,0,0,"- ","- ",,,"LOS ANGELES",LAWNDALE,-118.35584009999999,33.889660050000003
6444176,2014,2014-07-05,1942,2014-03-12,1810,40487,2014,3,5,7,1942,0,0,0,,0,20A16,"W 2ND ST","KINGSLEY DR",0.00,,Y,A,-,N,,,,,,,,,,N,3,0,1,2,A,-,10,21950,A,N,G,B,D,A,H,-,A,A,0,Y,,,,Y,,D,22,0,1,0,0,1,0,0,0,0,"- ","- ",,,"LOS ANGELES","LOS ANGELES",-118.30291011,34.071160079999999
6444212,2014,2014-07-19,1942,2014-04-07,1040,26805,1623,1,5,7,1942,0,0,0,P,0,16T35,"VAN NUYS BL",NORRIS,12.00,E,N,A,-,N,,,,,,,,,,N,3,0,1,2,A,-,10,21950,C,N,G,B,B,A,H,-,A,A,0,Y,,,,Y,,D,22,0,1,0,0,1,0,0,0,0,"- ","- ",,,"LOS ANGELES","LOS ANGELES",-118.41621031,34.270401810000003
6444232,2014,2014-07-19,1942,2014-04-09,1255,26319,0901,3,5,7,1942,0,0,0,I,0,19TL74,"RAYNER ST","SEPULVEDA BL",0.00,,Y,A,-,N,,,,,,,,,,N,3,0,1,2,A,-,10,21950,A,N,G,B,B,A,H,-,A,A,0,Y,,,,Y,,-,,0,1,0,0,1,0,0,0,0,"- ","- ",,,"LOS ANGELES","LOS ANGELES",-118.46617003999999,34.214190000000002
6444297,2014,2014-07-07,1900,2014-03-20,1254,445344,2814,4,5,5,1915,0,0,0,,0,282T1,"ARANBE AV","POPLAR AV",80.00,S,N,A,-,N,,,,,,,,,,N,3,0,1,2,A,-,08,22107,,F,B,B,E,A,H,-,A,D,0,Y,,,,Y,,A,01,0,1,0,0,1,0,0,0,0,"- ","- ",,,"LOS ANGELES",COMPTON,-118.23208889999999,33.899780800000002
6444670,2014,2015-03-09,1913,2014-03-28,0915,3920,30,5,5,4,1913,0,0,0,,0,002,"6TH ST","COLLEGE WY",0.00,,Y,A,-,N,,,,,,,,,,N,4,0,1,2,A,-,11,21954,A,N,G,B,D,A,H,-,A,A,0,Y,,,,Y,,N,60,0,0,1,0,1,0,0,0,0,"- ","- ",,,"LOS ANGELES",CLAREMONT,-117.71261004999999,34.099660010000001
6444677,2014,2014-07-09,1913,2014-03-04,0710,3886,13,2,5,4,1913,0,0,0,,0,001,"HARRISON AV","SCROBY LN",6.00,E,N,A,-,N,,,,,,,,,,N,4,0,1,2,A,-,10,21952,,F,D,B,D,A,H,-,A,D,0,Y,,,,Y,,-,,0,0,1,0,1,0,0,0,0,"- ","- ",,,"LOS ANGELES",CLAREMONT,-117.72559022999999,34.098590000000002
6444840,2014,2015-11-09,1900,2014-02-11,1545,530600,2610,2,5,6,1950,0,0,0,,0,263T1,"3RD ST EAST","RT 138",0.00,,Y,A,-,Y,LA,7,138,-,-,43.950,I,6,E,N,4,0,1,2,D,-,00,,,N,G,B,B,A,H,-,A,A,0,Y,,,,Y,Y,-,"- ",0,0,1,0,1,0,0,0,0,"- ","- ",,,"LOS ANGELES",PALMDALE,-118.12484221,34.579857920000002
6445133,2014,2014-07-09,1963,2014-03-05,2012,60321,247,3,5,3,1963,0,0,0,,0,TWO,"PALOMAR RD","HUNTINGTON DR",110.00,N,N,A,-,N,,,,,,,,,,N,3,0,2,3,A,-,10,21950,A,N,B,B,D,A,H,-,C,A,0,Y,,,,Y,,A,07,0,1,1,0,2,0,0,0,0,"- ","- ",,,"LOS ANGELES","SAN MARINO",-118.09309736,34.12688241
6445279,2014,2015-02-27,1942,2014-03-12,1155,31255,0721,3,5,7,1942,0,0,0,G,0,7TL72,"GRACIE ALLEN DR","GEORGE BURNS RD",10.00,E,N,A,-,N,,,,,,,,,,N,3,0,1,2,A,-,10,21950,A,N,G,B,B,A,H,-,A,D,0,Y,,,,Y,,A,07,0,1,0,0,1,0,0,0,0,"- ","- ",,,"LOS ANGELES","LOS ANGELES",-118.38160704000001,34.075310000000002
6445803,2014,2016-01-21,1972,2014-02-13,0817,14197,,4,5,6,1972,0,0,0,,0,,"WESTERN AV",SEPULVEDA,36.00,S,N,A,-,Y,LA,7,213,-,-,6.990,H,-,S,N,4,0,1,2,A,-,11,21954,A,N,G,B,D,A,H,-,A,A,0,Y,,,,Y,,N,,0,0,1,0,1,0,0,0,0,"- ","- ",,,"LOS ANGELES",TORRANCE,-118.30893752,33.817191549999997
6445811,2014,2015-08-12,1942,2014-02-14,2225,36646,9999,5,5,7,1942,0,0,0,,0,18T23,"IMPERIAL HWY","COMPTON AV",65.00,E,N,A,-,N,,,,,,,,,,N,3,0,1,2,A,-,"- ",,,N,A,B,D,A,H,-,C,A,0,Y,,,,Y,,N,60,0,1,0,0,1,0,0,0,0,"- ","- ",,,"LOS ANGELES","LOS ANGELES",-118.24606618,33.929492969999998
6445812,2014,2014-07-02,1900,2014-02-03,0745,519501,0331,1,5,4,1939,0,0,0,,0,35T1,"147TH ST","AVIS AV",0.00,,Y,A,-,N,,,,,,,,,,N,4,0,1,2,A,-,10,21950,A,N,G,B,B,A,H,-,A,A,0,Y,,,,Y,,A,01,0,0,1,0,1,0,0,0,0,"- ","- ",,,"LOS ANGELES",LAWNDALE,-118.34501002,33.898270029999999
6445831,2014,2014-07-02,1942,2014-02-22,1905,39976,0532,6,5,7,1942,0,0,0,E,0,5A25,"RONAN ST","M ST",0.00,,Y,A,-,N,,,,,,,,,,N,4,0,1,2,A,-,10,21950,A,F,G,B,B,A,H,-,C,D,0,Y,,,,Y,,-,99,0,0,1,0,1,0,0,0,0,"- ","- ",,,"LOS ANGELES","LOS ANGELES",-118.27278002,33.788620100000003
6445843,2014,2016-02-03,1972,2014-03-21,1931,15555,,5,5,6,1972,0,0,0,,0,,PCH,"JANET LN",400.00,E,N,A,-,Y,LA,7,1,-,-,16.560,H,-,N,Y,3,0,1,2,A,-,11,21955,,N,G,B,D,A,H,-,C,D,0,Y,,,,Y,,N,,0,1,0,0,1,0,0,0,0,"- ","- ",,,"LOS ANGELES",TORRANCE,-118.35973313,33.808479839999997
6445852,2014,2014-07-09,1942,2014-03-19,1745,39291,0354,3,5,7,1942,0,0,0,C,0,12T73,"JEFFERSON BL","7TH AV",0.00,,Y,A,-,N,,,,,,,,,,Y,3,0,7,6,A,-,09,21801,A,N,D,C,F,A,H,-,A,A,0,Y,,,,Y,,A,01,0,5,2,0,4,0,0,0,0,"- ","- ",,,"LOS ANGELES","LOS ANGELES",-118.32478003999999,34.025590100000002
6445883,2014,2014-07-09,1942,2014-03-18,1130,38503,0331,2,5,7,1942,0,0,0,C,0,12T41,"LA BREA AV","FERNDALE ST",0.00,,Y,A,-,N,,,,,,,,,,N,4,0,1,2,A,-,10,21950,A,N,D,B,B,A,H,-,A,D,0,Y,,,,Y,,A,01,0,0,1,0,1,0,0,0,0,"- ","- ",,,"LOS ANGELES","LOS ANGELES",-118.35193012000001,34.03051009
6445895,2014,2014-07-09,1942,2014-03-17,1715,40529,0331,1,5,7,1942,0,0,0,C,0,18T39,"LA BREA AV","FERNDALE ST",0.00,,Y,A,-,N,,,,,,,,,,N,2,0,1,2,A,-,10,21950,A,N,G,B,B,A,H,-,A,A,0,Y,,,,Y,,A,07,1,0,0,0,1,0,0,0,0,"- ","- ",,,"LOS ANGELES","LOS ANGELES",-118.35193012000001,34.03051009
6445908,2014,2014-07-09,1942,2014-03-16,2235,37688,0357,7,5,7,1942,0,0,0,C,0,3F72,"VERMONT AV","EXPOSITION BL",0.00,,Y,A,-,N,,,,,,,,,,N,3,0,1,2,A,-,11,21456,B,F,G,B,B,A,H,-,C,A,0,Y,,,,Y,,N,60,0,1,0,0,1,0,0,0,0,"- ","- ",,,"LOS ANGELES","LOS ANGELES",-118.29153003,34.018350050000002
6445921,2014,2014-07-11,1942,2014-03-13,1635,38688,526,4,5,7,1942,0,0,0,,0,12T73,"AVALON BL","I ST",90.00,S,N,A,-,N,,,,,,,,,,N,3,0,1,2,A,-,11,21954,A,N,G,B,D,A,H,-,A,D,0,Y,,,,Y,,N,60,0,1,0,0,1,0,0,0,0,"- ","- ",,,"LOS ANGELES","LOS ANGELES",-118.26252762999999,33.780953879999998
6446214,2014,2014-07-21,1942,2014-04-01,1413,38181,984,2,5,7,1942,0,0,0,,0,10TL34,"VENTURA BL","CEDROS AV",12.00,W,N,B,-,N,,,,,,,,,,N,4,0,1,2,A,-,08,22107,,N,G,B,B,A,H,-,A,A,0,Y,,,,Y,,A,07,0,0,1,0,1,0,0,0,0,"- ","- ",,,"LOS ANGELES","LOS ANGELES",-118.45308882,34.151646470000003
6446230,2014,2014-07-21,1942,2014-04-02,1000,39281,1003,3,5,7,1942,0,0,0,J,0,21TL61,"RESEDA BL","ROSCOE BL",120.00,N,N,A,-,N,,,,,,,,,,N,4,0,1,2,C,-,18,,,N,G,B,D,A,H,-,A,D,0,Y,,,,Y,,-,"- ",0,0,1,0,1,0,0,0,0,"- ","- ",,,"LOS ANGELES","LOS ANGELES",-118.53607328,34.22107913
6446234,2014,2014-07-22,1942,2014-04-02,0750,38980,1097,3,5,7,1942,0,0,0,J,0,15TL45,"RANCHO ST","WHITE OAK AV",2.00,E,N,A,-,N,,,,,,,,,,N,2,0,1,2,A,-,10,21950,A,N,G,B,B,B,H,-,A,A,0,Y,,,,Y,,A,01,1,0,0,0,1,0,0,0,0,"- ","- ",,,"LOS ANGELES","LOS ANGELES",-118.51526364,34.155601470000001
6446315,2014,2014-07-02,1900,2014-03-15,1800,478454,2611,6,5,6,1950,0,0,0,,0,262T1,"ELIZABETH LAKE RD","TIERRA SUBIDA AV",0.00,,Y,A,-,N,,,,,,,,,,N,4,0,1,2,A,-,10,21952,,M,G,B,F,A,H,-,A,A,0,Y,,,,Y,,-,99,0,0,1,0,1,0,0,0,0,"- ","- ",,,"LOS ANGELES",PALMDALE,-118.14750008,34.587170110000002
6446499,2014,2014-07-11,1941,2014-04-03,1745,5462,,4,5,7,1941,0,0,0,,0,,"PACIFIC AV","52ND ST",14.00,S,N,A,-,N,,,,,,,,,,N,2,0,1,2,A,-,11,21954,A,N,G,B,D,A,H,-,A,A,0,Y,,,,Y,,N,,1,0,0,0,1,0,0,0,0,"- ","- ",,,"LOS ANGELES","LONG BEACH",-118.19848,33.850450000000002
6446526,2014,2014-07-12,1902,2014-04-04,1316,623,8,5,5,5,1902,0,0,0,,0,001,"SECOND ST","NEWMAN AV",8.00,N,N,A,-,N,,,,,,,,,,N,3,0,2,3,A,-,03,22350,,N,G,B,B,A,H,-,A,D,0,Y,,,,Y,,A,01,0,2,0,0,2,0,0,0,0,"- ","- ",,,"LOS ANGELES",ARCADIA,-118.02533033,34.146561929999997
6446732,2014,2014-07-11,1900,2014-03-16,1440,530045,1014,7,5,3,1995,0,0,0,,0,101T4,"PACIFIC COAST HWY","CORRAL CANYON RD",2640.00,S,N,A,-,N,,,,,,,,,,Y,3,0,1,2,A,-,03,22350,,N,E,I,F,A,H,-,A,D,0,Y,,,,Y,,A,07,0,1,0,0,1,0,0,0,0,"- ","- ",,,"LOS ANGELES",MALIBU,-118.75117381,34.030943970000003
6446791,2014,2014-07-03,1905,2014-03-17,0747,1081,312,1,5,4,1905,0,0,0,,0,082,"SUNSET AV","5TH ST",0.00,,Y,-,-,N,,,,,,,,,,N,4,0,2,3,A,-,03,22350,,N,G,B,B,-,H,-,A,A,0,Y,,,,Y,,A,01,0,0,2,0,2,0,0,0,0,"- ","- ",,,"LOS ANGELES",AZUSA,-117.91139,34.129850079999997
6446811,2014,2014-07-03,1942,2014-03-04,1910,40025,1452,2,5,7,1942,0,0,0,N,0,8TL35,"WASHINGTON BL",SPEEDWAY,100.00,E,N,A,-,N,,,,,,,,,,N,3,0,2,3,A,-,03,22350,,N,G,B,E,A,H,-,C,D,0,Y,,Y,,Y,,C,02,0,1,1,0,1,0,0,0,1,"- ","- ",,,"LOS ANGELES","LOS ANGELES",-118.46630570000001,33.979361740000002
6446813,2014,2014-07-07,1900,2014-03-10,0818,253807,2607,1,5,6,1950,0,0,0,,0,261T1,"AVENUE S","58TH ST EAST",0.00,,Y,A,-,N,,,,,,,,,,Y,3,0,6,4,A,-,09,21801,A,N,A,C,-,A,H,-,A,A,0,Y,,,,Y,,A,07,0,3,3,0,1,0,0,0,0,"- ","- ",,,"LOS ANGELES",PALMDALE,-118.02496008999999,34.557960049999998
6446816,2014,2014-07-07,1942,2014-03-12,1520,35592,1745,3,5,7,1942,0,0,0,Q,0,17A81,"SAN JOSE ST","LOUISE AV",165.00,W,N,A,-,N,,,,,,,,,,N,3,0,1,2,A,-,11,21950,B,N,B,B,D,A,H,-,A,D,0,Y,,,,Y,,N,60,0,1,0,0,1,0,0,0,0,"- ","- ",,,"LOS ANGELES","LOS ANGELES",-118.511585,34.261199679999997
6446823,2014,2014-07-07,1942,2014-03-08,1925,40560,2081,6,5,7,1942,0,0,0,,0,20T59,"ARLINGTON AV","16TH PL",60.00,S,N,A,-,N,,,,,,,,,,N,3,0,1,2,A,-,03,22350,,F,G,B,E,A,H,-,C,D,0,Y,,,,Y,,-,99,0,1,0,0,1,0,0,0,0,"- ","- ",,,"LOS ANGELES","LOS ANGELES",-118.31773,34.042505439999999
6446824,2014,2014-07-07,1942,2014-03-18,1425,38956,1963,2,5,7,1942,0,0,0,,0,15T44,"WOODMAN AV","VAN NUYS BL",0.00,,Y,A,-,N,,,,,,,,,,N,3,0,2,3,A,-,10,21950,A,N,-,B,B,A,H,-,A,A,0,Y,,,,Y,,A,07,0,1,1,0,2,0,0,0,0,"- ","- ",,,"LOS ANGELES","LOS ANGELES",-118.44818005,34.247080019999999
6446828,2014,2014-07-07,1942,2014-03-18,1435,36336,1981,2,5,7,1942,0,0,0,,0,9TL52,"RAYEN ST","LANGDON AV",6.00,E,N,A,-,N,,,,,,,,,,N,3,0,1,2,A,-,10,21950,A,N,G,B,B,A,H,-,A,A,0,Y,,,,Y,,A,01,0,1,0,0,1,0,0,0,0,"- ","- ",,,"LOS ANGELES","LOS ANGELES",-118.46977019000001,34.231899900000002
6446842,2014,2014-07-07,1942,2014-03-03,1910,40690,RD143,1,5,7,1942,0,0,0,,0,14QL19,"WALGROVE AV","VICTORIA AV",0.00,,Y,A,-,N,,,,,,,,,,N,4,0,1,2,A,-,10,21950,A,N,G,B,B,A,H,-,D,D,0,Y,,,,Y,,A,01,0,0,1,0,1,0,0,0,0,"- ","- ",,,"LOS ANGELES","LOS ANGELES",-118.44893999999999,34.000620079999997
6446847,2014,2014-07-07,1942,2014-03-16,2245,06652,1008,7,5,7,1942,0,0,0,J,0,10A99,"BALBOA BL","SATICOY ST",1056.00,N,N,A,-,N,,,,,,,,,,N,2,0,1,2,A,-,11,21955,,N,G,B,D,A,H,-,D,D,0,Y,,,,Y,,N,60,1,0,0,0,1,0,0,0,0,"- ","- ",,,"LOS ANGELES","LOS ANGELES",-118.50115,34.211316490000002
6446866,2014,2014-07-07,1942,2014-03-10,0745,37715,0822,1,5,7,1942,0,0,0,H,0,14T47,"SUNSET BL","EL MEDIO AV",12.00,E,N,A,-,N,,,,,,,,,,N,3,0,1,2,A,-,11,21106,B,N,G,B,B,A,H,-,A,A,0,Y,,,,Y,,N,60,0,1,0,0,1,0,0,0,0,"- ","- ",,,"LOS ANGELES","LOS ANGELES",-118.53328078,34.048775759999998
6446965,2014,2016-01-19,9590,2014-03-14,2330,20443,,5,3,7,1942,0,1,2,,2,070,"RT 101","GLENDALE BL",1280.00,S,N,A,-,Y,LA,7,101,-,-,2.240,H,-,N,N,3,0,1,2,A,-,11,21954,A,N,G,B,E,A,H,-,C,D,1,Y,,,,Y,,N,60,0,1,0,0,1,0,0,0,0,"- ","- ",34.068170000000002,-118.25646999999999,"LOS ANGELES","LOS ANGELES",-118.25714164,34.068353020000004
6447735,2014,2015-08-14,1942,2014-02-24,1335,41404,,1,5,7,1942,0,0,0,,0,,"ORANGE DR","SUNSET BL",55.00,S,N,A,-,N,,,,,,,,,,N,4,0,1,2,A,-,11,21954,A,N,G,B,D,A,H,-,A,A,0,Y,,,,Y,,N,60,0,0,1,0,1,0,0,0,0,"- ","- ",,,"LOS ANGELES","LOS ANGELES",-118.34159,34.097819149999999
6447807,2014,2014-06-19,1942,2014-02-12,1225,40460,0714,3,5,7,1942,0,0,0,G,0,7TL71,"FULLER AV","OAKWOOD AV",0.00,S,N,A,-,N,,,,,,,,,,N,4,0,1,2,A,-,10,21952,,F,G,B,F,A,H,-,A,D,0,Y,,,,Y,,-,99,0,0,1,0,1,0,0,0,0,"- ","- ",,,"LOS ANGELES","LOS ANGELES",-118.34984006000001,34.078250009999998
6447832,2014,2014-06-19,1900,2014-02-10,1730,519064,1617,1,5,5,1977,0,0,0,,0,167T1,"CARSON ST","MAIN ST",3.00,W,N,A,-,N,,,,,,,,,,N,4,0,1,2,A,-,10,21950,A,N,G,B,B,A,H,-,C,A,0,Y,,,,Y,,A,07,0,0,1,0,1,0,0,0,0,"- ","- ",,,"LOS ANGELES",CARSON,-118.27808985999999,33.831679999999999
6448091,2014,2014-07-23,1942,2014-04-10,1235,38181,0939,4,5,7,1942,0,0,0,I,0,10TL34,"ETHEL AV","VICTORY BL",15.00,N,N,A,-,N,,,,,,,,,,N,3,0,1,2,A,-,10,21950,A,F,G,B,B,A,H,-,A,A,0,Y,,,,Y,,-,99,0,1,0,0,1,0,0,0,0,"- ","- ",,,"LOS ANGELES","LOS ANGELES",-118.41814205999999,34.186721110000001
6448092,2014,2014-07-21,1942,2014-04-14,2210,38477,2128,1,5,7,1942,0,0,0,,0,15T43,"SATICOY ST","WINNETKA AV",7.00,W,N,A,-,N,,,,,,,,,,N,3,0,1,2,A,-,11,21456,B,N,G,B,B,A,H,-,C,A,0,Y,,,,Y,,N,60,0,1,0,0,1,0,0,0,0,"- ","- ",,,"LOS ANGELES","LOS ANGELES",-118.57102311,34.208370000000002
6448104,2014,2014-07-21,1942,2014-04-14,2100,38017,1737,1,5,7,1942,0,0,0,Q,0,19T73W,"SAN FERNANDO MISSION BL","HAYVENHURST AV",0.00,,Y,A,-,N,,,,,,,,,,N,4,0,1,2,A,-,11,21953,,N,D,B,B,A,H,-,C,A,0,Y,,,,Y,Y,N,60,0,0,1,0,1,0,0,0,0,"- ","- ",,,"LOS ANGELES","LOS ANGELES",-118.49344012,34.271970080000003
6448129,2014,2014-07-22,1942,2014-04-08,2255,37575,0727,2,5,7,1942,0,0,0,G,0,8TL35,"BEVERLY BL","MCCADDEN PL",0.00,,Y,A,-,N,,,,,,,,,,N,2,0,1,2,A,-,10,21950,A,N,G,B,B,A,H,-,C,D,0,Y,,,,Y,,A,01,1,0,0,0,1,0,0,0,0,"- ","- ",,,"LOS ANGELES","LOS ANGELES",-118.33726006000001,34.076200040000003
6448132,2014,2014-07-21,1942,2014-04-09,1130,38185,1756,3,5,7,1942,0,0,0,Q,0,19TL73,"ZELZAH AV","HIAWATHA ST",4.00,N,N,A,-,N,,,,,,,,,,N,3,0,1,2,A,-,11,21950,B,N,G,B,B,A,H,-,A,A,0,Y,,,,Y,,N,60,0,1,0,0,1,0,0,0,0,"- ","- ",,,"LOS ANGELES","LOS ANGELES",-118.52333,34.259070970000003
6448159,2014,2015-03-12,1942,2014-04-14,0600,40731,0939,1,5,7,1942,0,0,0,I,0,9TL53,"OXNARD ST","COLDWATER CANYON AV",102.00,E,N,A,-,N,,,,,,,,,,N,4,0,1,2,A,-,03,22350,,F,D,B,E,A,H,-,B,D,0,Y,,,,Y,,-,99,0,0,1,0,1,0,0,0,0,"- ","- ",,,"LOS ANGELES","LOS ANGELES",-118.41342342999999,34.179414899999998
6448262,2014,2014-07-07,1942,2014-03-25,1335,40024,0639,2,5,7,1942,0,0,0,F,0,8T28,"RUSSELL AV","WESTERN AV",145.00,E,N,A,-,N,,,,,,,,,,N,4,0,1,2,A,-,11,21954,A,N,G,B,D,A,H,-,A,A,0,Y,,,,Y,,N,60,0,0,1,0,1,0,0,0,0,"- ","- ",,,"LOS ANGELES","LOS ANGELES",-118.30881194,34.104170099999997
6448289,2014,2014-07-07,1942,2014-03-17,1500,31255,0667,1,5,7,1942,0,0,0,F,0,7TL72,"BRONSON AV","FOUNTAIN AV",0.00,,Y,A,-,N,,,,,,,,,,N,4,0,1,2,A,-,10,21950,A,N,G,B,B,A,H,-,A,A,0,Y,,,,Y,,A,08,0,0,1,0,1,0,0,0,0,"- ","- ",,,"LOS ANGELES","LOS ANGELES",-118.31798008,34.094410009999997
6448297,2014,2014-07-07,1942,2014-03-23,1610,R2138,0801,7,5,7,1942,0,0,0,H,0,34TF34,"PALISADE CT","PALISADES DR",0.00,,Y,A,-,N,,,,,,,,,,N,3,0,1,2,A,-,"- ",,,N,G,B,B,A,H,-,A,A,0,Y,,,,Y,,A,08,0,1,0,0,1,0,0,0,0,"- ","- ",,,"LOS ANGELES","LOS ANGELES",-118.55902012999999,34.07554004
6448306,2014,2014-07-07,1942,2014-03-19,1600,39424,0753,3,5,7,1942,0,0,0,G,0,7A21,"SAN VICENTE BL",CURSON,0.00,,Y,A,-,N,,,,,,,,,,N,4,0,1,2,A,-,"- ",,,N,G,B,B,A,H,-,A,A,0,Y,,,,Y,,A,01,0,0,1,0,1,0,0,0,0,"- ","- ",,,"LOS ANGELES","LOS ANGELES",-118.35814008,34.055130009999999
6448315,2014,2014-07-07,1942,2014-03-20,1645,40608,1385,4,5,7,1942,0,0,0,M,0,13XL4,"E GAGE AV","SAN PEDRO ST",300.00,E,N,A,-,N,,,,,,,,,,N,3,0,1,2,A,-,11,21954,A,N,G,B,E,A,H,-,A,D,0,Y,,,,Y,,N,60,0,1,0,0,1,0,0,0,0,"- ","- ",,,"LOS ANGELES","LOS ANGELES",-118.26859241,33.982446539999998
6448607,2014,2015-02-24,1942,2014-03-20,1555,41344,0201,4,5,7,1942,0,0,0,B,0,2A56,"WILLOWBROOK AV","VERMONT AV",0.00,,Y,A,-,N,,,,,,,,,,N,4,0,1,2,A,-,11,21954,A,N,-,B,D,A,H,-,A,A,0,Y,,,,Y,,N,60,0,0,1,0,1,0,0,0,0,"- ","- ",,,"LOS ANGELES","LOS ANGELES",-118.29174011000001,34.08978003
6448714,2014,2015-02-26,1942,2014-03-20,0710,32996,1331,4,5,7,1942,0,0,0,M,0,13TL55,"GRAND AV","30TH ST",0.00,,Y,A,-,N,,,,,,,,,,Y,3,0,4,3,A,-,12,21453,A,N,D,C,B,A,H,-,A,A,0,Y,,,,Y,,A,01,0,1,3,0,1,0,0,0,0,"- ","- ",,,"LOS ANGELES","LOS ANGELES",-118.27426011,34.023380090000003