CASE_ID,ACCIDENT_YEAR,PROC_DATE,JURIS,COLLISION_DATE,COLLISION_TIME,OFFICER_ID,REPORTING_DISTRICT,DAY_OF_WEEK,CHP_SHIFT,POPULATION,CNTY_CITY_LOC,SPECIAL_COND,BEAT_TYPE,CHP_BEAT_TYPE,CITY_DIVISION_LAPD,CHP_BEAT_CLASS,BEAT_NUMBER,PRIMARY_RD,SECONDARY_RD,DISTANCE,DIRECTION,INTERSECTION,WEATHER_1,WEATHER_2,STATE_HWY_IND,CALTRANS_COUNTY,CALTRANS_DISTRICT,STATE_ROUTE,ROUTE_SUFFIX,POSTMILE_PREFIX,POSTMILE,LOCATION_TYPE,RAMP_INTERSECTION,SIDE_OF_HWY,TOW_AWAY,COLLISION_SEVERITY,NUMBER_KILLED,NUMBER_INJURED,PARTY_COUNT,PRIMARY_COLL_FACTOR,PCF_CODE_OF_VIOL,PCF_VIOL_CATEGORY,PCF_VIOLATION,PCF_VIOL_SUBSECTION,HIT_AND_RUN,TYPE_OF_COLLISION,MVIW,PED_ACTION,ROAD_SURFACE,ROAD_COND_1,ROAD_COND_2,LIGHTING,CONTROL_DEVICE,CHP_ROAD_TYPE,PEDESTRIAN_ACCIDENT,BICYCLE_ACCIDENT,MOTORCYCLE_ACCIDENT,TRUCK_ACCIDENT,NOT_PRIVATE_PROPERTY,ALCOHOL_INVOLVED,STWD_VEHTYPE_AT_FAULT,CHP_VEHTYPE_AT_FAULT,COUNT_SEVERE_INJ,COUNT_VISIBLE_INJ,COUNT_COMPLAINT_PAIN,COUNT_PED_KILLED,COUNT_PED_INJURED,COUNT_BICYCLIST_KILLED,COUNT_BICYCLIST_INJURED,COUNT_MC_KILLED,COUNT_MC_INJURED,PRIMARY_RAMP,SECONDARY_RAMP,LATITUDE,LONGITUDE,COUNTY,CITY,POINT_X,POINT_Y
6454851,2014,2014-07-23,1925,2014-04-20,1308,19980,239,7,5,6,1925,0,0,0,,0,004,"WILSON AV","CHEVY CHASE DR",318.00,E,N,A,-,N,,,,,,,,,,N,4,0,1,2,A,-,09,21801,A,N,G,B,F,A,H,-,A,D,0,Y,,,,Y,,A,07,0,0,1,0,1,0,0,0,0,"- ","- ",,,"LOS ANGELES",GLENDALE,-118.23846138,34.14807931
6454859,2014,2014-07-23,1925,2014-04-19,1617,22310,248,6,5,6,1925,0,0,0,,0,003,"S LOUISE ST","E HARVARD ST",0.00,,Y,A,-,N,,,,,,,,,,N,4,0,1,2,A,-,10,21950,A,N,G,B,B,-,H,-,A,A,0,Y,,,,Y,,A,,0,0,1,0,1,0,0,0,0,"- ","- ",,,"LOS ANGELES",GLENDALE,-118.25260004,34.144440000000003
6454871,2014,2014-07-23,1925,2014-04-16,1026,24681,240,3,5,6,1925,0,0,0,,0,003,"E BROADWAY","E WILSON AV",12.00,,N,A,-,N,,,,,,,,,,N,3,0,1,2,A,-,11,21456,B,N,G,B,B,A,H,-,A,A,0,Y,,,,Y,,N,,0,1,0,0,1,0,0,0,0,"- ","- ",,,"LOS ANGELES",GLENDALE,-118.22958011,34.146670039999997
6455055,2014,2014-07-18,1942,2014-04-10,1943,38694,328,4,5,7,1942,0,0,0,,0,3T5,HOOVER,"32ND ST",0.00,,Y,A,-,N,,,,,,,,,,N,3,0,1,2,A,-,11,21456,B,F,G,B,B,A,H,-,C,A,0,Y,,,,Y,,N,60,0,1,0,0,1,0,0,0,0,"- ","- ",,,"LOS ANGELES","LOS ANGELES",-118.28397011,34.025560079999998
6455092,2014,2014-07-11,1900,2014-04-09,1357,478252,2112,3,5,5,1943,0,0,0,,0,212T3,"PLATT AV","BULLIS RD",0.00,,Y,A,-,N,,,,,,,,,,N,3,0,2,2,A,-,12,22450,A,N,G,B,B,A,H,-,A,A,0,Y,,,,Y,,A,07,0,1,1,0,1,0,0,0,0,"- ","- ",,,"LOS ANGELES",LYNWOOD,-118.20054009,33.924770029999998
6455100,2014,2014-07-11,1942,2014-04-03,2035,39282,0529,4,5,7,1942,0,0,0,E,0,5T21,"ANAHEIM ST","QUAY AV",163.00,E,N,A,-,N,,,,,,,,,,Y,2,0,2,4,A,-,01,23152,A,F,B,E,E,A,H,-,C,A,0,Y,,,,Y,Y,A,01,1,1,0,0,1,0,0,0,0,"- ","- ",,,"LOS ANGELES","LOS ANGELES",-118.25805551000001,33.780215249999998
6455116,2014,2014-07-11,1942,2014-04-07,2145,39436,0522,1,5,7,1942,0,0,0,E,0,5TL25,"OPP ST","RONAN AV",11.00,W,N,A,-,N,,,,,,,,,,Y,4,0,1,2,A,-,11,21954,A,F,G,B,B,A,H,-,C,A,0,Y,,,,Y,,N,60,0,0,1,0,1,0,0,0,0,"- ","- ",,,"LOS ANGELES","LOS ANGELES",-118.27255602,33.782367639999997
6455235,2014,2014-06-13,1942,2014-01-31,1120,40088,2027,5,5,7,1942,0,0,0,,0,20E3,ALEXANDRIA,"6TH ST",6.00,S,N,A,-,N,,,,,,,,,,N,4,0,1,2,D,-,00,,,N,G,B,B,A,H,-,A,A,0,Y,,,,Y,,-,"- ",0,0,1,0,1,0,0,0,0,"- ","- ",,,"LOS ANGELES","LOS ANGELES",-118.29792999999999,34.063593539999999
6455699,2014,2014-07-09,1942,2014-03-25,1410,37146,0509,2,5,7,1942,0,0,0,E,0,12TL73,"WESTERN AV","242ND PL",280.00,S,N,A,-,N,,,,,,,,,,Y,4,0,1,2,A,-,11,21955,,N,G,B,D,A,H,-,A,D,0,Y,,,,Y,,A,01,0,0,1,0,1,0,0,0,0,"- ","- ",,,"LOS ANGELES","LOS ANGELES",-118.30773786,33.804172199999996
6455917,2014,2014-07-05,1900,2014-03-30,1800,523421,0610,7,5,6,1985,0,0,0,,0,61T1,"SOLEDAD CANYON RD","LANGSIDE AV",750.00,E,N,A,-,N,,,,,,,,,,N,3,0,1,2,D,-,00,,,M,G,A,F,A,H,-,C,D,0,Y,Y,,,Y,,-,"- ",0,1,0,0,1,0,0,0,0,"- ","- ",,,"LOS ANGELES","SANTA CLARITA",-118.48270395,34.419389940000002
6456082,2014,2014-07-07,1900,2014-03-20,2228,486417,0647,4,5,6,1985,0,0,0,,0,62T1,"VALENCIA BL","CINEMA DR",528.00,E,N,A,-,N,,,,,,,,,,N,4,0,1,2,A,-,11,21955,,M,G,B,D,A,H,-,C,D,0,Y,,,,Y,,N,60,0,0,1,0,1,0,0,0,0,"- ","- ",,,"LOS ANGELES","SANTA CLARITA",-118.54657477000001,34.422196700000001
6456213,2014,2015-12-15,1900,2014-04-18,0640,512429,0522,5,5,4,1971,0,0,0,,0,52T1/A,"RT 164","OLIVE ST",0.00,,Y,B,-,N,,,,,,,,,,N,3,0,1,2,A,-,10,21950,A,N,G,B,D,A,H,-,B,D,0,Y,,,,Y,,N,60,0,1,0,0,1,0,0,0,0,"- ","- ",,,"LOS ANGELES","TEMPLE CITY",-118.07339,34.097287999999999
6456422,2014,2014-06-17,1900,2014-01-14,0755,480745,0456,2,5,6,1949,0,0,0,,0,45T1,"EXCELSIOR DR","NORWALK BL",10.00,E,N,A,-,N,,,,,,,,,,N,3,0,1,2,A,-,10,21950,A,N,-,B,B,A,H,-,A,A,0,Y,,,,Y,,D,22,0,1,0,0,1,0,0,0,0,"- ","- ",,,"LOS ANGELES",NORWALK,-118.07291712,33.894919999999999
6456447,2014,2014-06-17,1900,2014-01-17,1740,424382,466,5,5,4,1936,0,0,0,,0,46T1,"TROJAN WY","NORTHAM ST",270.00,N,N,A,-,N,,,,,,,,,,N,4,0,1,2,A,-,11,21955,,N,G,B,D,A,H,-,C,D,0,Y,,,,Y,,N,60,0,0,1,0,1,0,0,0,0,"- ","- ",,,"LOS ANGELES","LA MIRADA",-118.01587255,33.886440219999997
6456452,2014,2014-06-20,1942,2014-02-28,2300,41217,2033,5,5,7,1942,0,0,0,,0,20A33,"WILSHIRE BL","OXFORD AV",0.00,,Y,C,-,N,,,,,,,,,,N,4,0,1,2,A,-,12,21453,A,N,G,B,B,B,H,-,C,A,0,Y,,,,Y,,-,99,0,0,1,0,1,0,0,0,0,"- ","- ",,,"LOS ANGELES","LOS ANGELES",-118.30783011,34.061700070000001
6456482,2014,2014-07-07,1942,2014-03-24,0610,39950,1425,1,5,7,1942,0,0,0,N,0,14A25,"BARRINGTON AV","NATIONAL BL",0.00,,Y,A,-,N,,,,,,,,,,N,4,0,1,2,A,-,10,21950,A,N,G,B,B,A,H,-,C,-,0,Y,,,,Y,,A,01,0,0,1,0,1,0,0,0,0,"- ","- ",,,"LOS ANGELES","LOS ANGELES",-118.43865012000001,34.022660020000004
6456496,2014,2014-07-11,1942,2014-04-13,1725,38477,1539,7,5,7,1942,0,0,0,O,0,15TL43,"CAHUENGA BL","OXNARD ST",245.00,S,N,A,-,N,,,,,,,,,,N,2,0,2,3,A,-,21,22106,,N,H,B,D,A,H,-,A,A,0,Y,,,,Y,Y,A,07,1,1,0,0,2,0,0,0,0,"- ","- ",,,"LOS ANGELES","LOS ANGELES",-118.36157564,34.178768050000002
6456536,2014,2014-07-11,1942,2014-04-12,1730,35481,0985,6,5,7,1942,0,0,0,I,0,21TL62,"MOORPARK ST","VAN NUYS PL",0.00,,Y,A,-,N,,,,,,,,,,N,3,0,1,2,D,-,00,,,N,G,B,B,A,H,-,A,A,0,Y,,,,Y,,-,"- ",0,1,0,0,1,0,0,0,0,"- ","- ",,,"LOS ANGELES","LOS ANGELES",-118.44869002,34.151910110000003
6456548,2014,2014-07-11,1942,2014-04-11,1550,30825,0933,5,5,7,1942,0,0,0,I,0,15TL46,"BESSEMER ST","CEDROS AV",149.00,W,N,A,-,N,,,,,,,,,,N,3,0,1,2,B,-,22,,,N,G,B,E,A,H,-,A,D,0,Y,,,,Y,,A,01,0,1,0,0,1,0,0,0,0,"- ","- ",,,"LOS ANGELES","LOS ANGELES",-118.45309,34.180929999999996
6456549,2014,2014-07-07,1942,2014-03-24,2110,24475,2063,1,5,7,1942,0,0,0,,0,6T7,"WESTERN AV","11TH ST",0.00,,Y,A,-,N,,,,,,,,,,N,3,0,1,2,A,-,10,21950,A,F,G,B,B,A,H,-,C,A,0,Y,,,,Y,,-,99,0,1,0,0,1,0,0,0,0,"- ","- ",,,"LOS ANGELES","LOS ANGELES",-118.30906,34.050809999999998
6456573,2014,2014-07-09,1942,2014-04-09,1040,36083,0884,3,5,7,1942,0,0,0,H,0,7T23,"PICO BL","WESTWOOD BL",0.00,,Y,A,-,N,,,,,,,,,,N,3,0,1,2,A,-,11,21456,B,N,G,B,B,A,H,-,A,A,0,Y,,,,Y,,N,60,0,1,0,0,1,0,0,0,0,"- ","- ",,,"LOS ANGELES","LOS ANGELES",-118.42847002000001,34.040120109999997
6456582,2014,2014-07-09,1942,2014-04-08,1915,40157,0667,2,5,7,1942,0,0,0,F,0,6T7,"GOWER ST","LEXINGTON AV",0.00,,Y,A,-,N,,,,,,,,,,N,3,0,1,2,A,-,10,21950,A,N,G,B,B,A,H,-,C,D,0,Y,,,,Y,,A,01,0,1,0,0,1,0,0,0,0,"- ","- ",,,"LOS ANGELES","LOS ANGELES",-118.3222801,34.092560089999999
6456585,2014,2014-07-09,1942,2014-04-13,2025,40315,1406,7,5,7,1942,0,0,0,N,0,8T35,"OVERLAND AV","FRANCIS PL",108.00,N,N,A,-,N,,,,,,,,,,N,4,0,1,2,A,-,06,21750,,F,G,J,E,A,H,-,C,D,0,Y,,,,Y,,-,99,0,0,1,0,1,0,0,0,0,"- ","- ",,,"LOS ANGELES","LOS ANGELES",-118.4096327,34.02212419
6456593,2014,2014-07-09,1942,2014-04-11,0209,37511,0645,5,5,7,1942,0,0,0,F,0,8T35,"SUNSET BL","LA BREA AV",125.00,W,N,A,-,N,,,,,,,,,,N,2,0,1,2,A,-,11,21954,A,N,G,B,D,A,D,-,C,A,0,Y,,,,Y,Y,N,60,1,0,0,0,1,0,0,0,0,"- ","- ",,,"LOS ANGELES","LOS ANGELES",-118.42299,34.079880000000003
6456633,2014,2014-07-09,1942,2014-04-09,1520,40024,0659,3,5,7,1942,0,0,0,F,0,7T38,"SERRANIA AV","FOUNTAIN AV",2.00,N,N,A,-,N,,,,,,,,,,N,4,0,1,2,A,-,11,21950,B,N,G,B,B,A,H,-,A,A,0,Y,,,,Y,,N,60,0,0,1,0,1,0,0,0,0,"- ","- ",,,"LOS ANGELES","LOS ANGELES",-118.30700009,34.094985479999998
6456703,2014,2014-07-10,1942,2014-04-11,0805,38480,1018,5,5,7,1942,0,0,0,J,0,10A39,"COHASSET ST","BLEWITT AV",0.00,,Y,A,-,N,,,,,,,,,,N,4,0,1,2,A,-,11,21950,B,N,G,B,B,A,A,H,-,D,0,Y,,,,Y,,A,01,0,0,1,0,1,0,0,0,0,"- ","- ",,,"LOS ANGELES","LOS ANGELES",-118.47821,34.206630019999999
6456829,2014,2014-08-08,1942,2014-04-02,1200,39359,1124,3,5,7,1942,0,0,0,K,0,4TL43,"TREADWELL ST","N SAN FERNANDO RD",60.00,E,N,A,-,N,,,,,,,,,,N,3,0,1,2,A,-,03,22350,,N,G,B,E,A,H,-,A,D,0,Y,,,,Y,,-,,0,1,0,0,1,0,0,0,0,"- ","- ",,,"LOS ANGELES","LOS ANGELES",-118.25021374000001,34.119510810000001
6457030,2014,2014-06-17,1900,2014-01-19,2220,478963,0451,7,5,6,1949,0,0,0,,0,13T1E,"IMPERIAL HWY","ORR AND DAY RD",30.00,W,N,A,-,N,,,,,,,,,,N,3,0,2,4,A,-,11,21954,A,N,G,B,D,A,H,-,C,A,0,Y,,,,Y,Y,-,"- ",0,2,0,0,2,0,0,0,0,"- ","- ",,,"LOS ANGELES",NORWALK,-118.09180257,33.917054960000002
6457077,2014,2014-07-01,1900,2014-02-03,0732,440091,0454,1,5,6,1949,0,0,0,,0,45T1,"NORWALK BL","SHERIDAN ST",45.00,N,N,A,-,N,,,,,,,,,,N,3,0,1,2,A,-,03,22350,,N,G,B,D,A,H,-,A,A,0,Y,,,,Y,,A,01,0,1,0,0,1,0,0,0,0,"- ","- ",,,"LOS ANGELES",NORWALK,-118.07297249,33.903193369999997
6457098,2014,2015-08-12,1900,2014-03-03,0820,442391,0463,1,5,4,1936,0,0,0,,0,46T1,"IMPERIAL HWY","OXFORD DR",0.00,,Y,A,-,N,,,,,,,,,,N,3,0,1,2,A,-,"- ",,,N,-,B,B,A,H,-,A,A,0,Y,,,,Y,,A,01,0,1,0,0,1,0,0,0,0,"- ","- ",,,"LOS ANGELES","LA MIRADA",-117.99899008,33.91719003
6457155,2014,2014-07-09,9530,2014-04-17,1544,20732,2,4,2,9,1900,0,3,5,,2,001,"FLORENCE AV","CROCKETT BL",76.00,E,N,A,-,N,,,,,,,,,,N,2,0,1,2,A,-,11,21955,,N,G,B,D,A,H,-,A,D,0,Y,,,,Y,,N,60,1,0,0,0,1,0,0,0,0,"- ","- ",33.975999999999999,-118.285,"LOS ANGELES",UNINCORPORATED,-118.23659983,33.974719999999998
6457190,2014,2014-07-11,1942,2014-04-08,2300,39349,1123,2,5,7,1942,0,0,0,K,0,11TL21,"EDENHURST AV","INGLEDALE TER",5.00,N,N,A,-,N,,,,,,,,,,N,4,0,1,3,A,-,05,21650,,F,B,E,E,A,H,-,C,D,0,Y,,,,Y,,-,99,0,0,1,0,1,0,0,0,0,"- ","- ",,,"LOS ANGELES","LOS ANGELES",-118.2622992,34.119411380000003
6457200,2014,2014-07-10,1953,2014-04-11,1847,0346,PASAD,5,5,6,1953,0,0,0,,0,003,"MOUNTAIN ST","CATALINA AV",0.00,,Y,A,-,N,,,,,,,,,,N,3,0,1,2,A,-,11,21954,A,N,-,B,D,A,H,-,A,A,0,Y,,,,Y,,N,60,0,1,0,0,1,0,0,0,0,"- ","- ",,,"LOS ANGELES",PASADENA,-118.12955003,34.161600100000001
6457212,2014,2014-07-10,1942,2014-04-01,0830,37908,0488,2,5,7,1942,0,0,0,D,0,4A97,"GRANDE VISTA AV","8TH ST",0.00,,Y,A,-,N,,,,,,,,,,N,3,0,1,2,A,-,"- ",,,N,G,B,B,A,H,-,A,A,0,Y,,,,Y,,D,22,0,1,0,0,1,0,0,0,0,"- ","- ",,,"LOS ANGELES","LOS ANGELES",-118.20854009,34.023269999999997
6457240,2014,2014-07-10,1942,2014-04-07,0810,33260,0443,1,5,7,1942,0,0,0,D,0,2T15,"SAN PABLO ST","ALCAZAR ST",120.00,S,N,A,-,N,,,,,,,,,,N,4,0,1,2,B,-,22,,,N,G,B,F,A,H,-,A,D,0,Y,,,,Y,,A,01,0,0,1,0,1,0,0,0,0,"- ","- ",,,"LOS ANGELES","LOS ANGELES",-118.20288164999999,34.063141979999997
6457272,2014,2014-07-10,1942,2014-04-11,1850,34458,0455,5,5,7,1942,0,0,0,D,0,4TL4,"CESAR E CHAVEZ AV","SOTO ST",15.00,S,N,A,-,N,,,,,,,,,,N,4,0,1,2,A,-,11,21456,B,N,G,B,B,A,H,-,A,A,0,Y,,,,Y,,N,60,0,0,1,0,1,0,0,0,0,"- ","- ",,,"LOS ANGELES","LOS ANGELES",-118.20776624,34.046790899999998
6457901,2014,2016-04-26,1900,2014-04-04,1215,272541,1014,5,5,3,1995,0,0,0,,0,101T1,"RT 1","W MALIBU RD",3.00,E,N,A,-,Y,LA,7,1,-,-,49.731,I,5,N,Y,4,0,1,3,A,-,11,21954,A,N,C,C,E,A,H,-,A,D,0,Y,,Y,,Y,,N,60,0,0,1,0,0,0,0,0,1,"- ","- ",,,"LOS ANGELES",MALIBU,-118.73109561,34.033578579999997
6457982,2014,2014-07-10,1942,2014-04-01,0600,35393,1215,2,5,7,1942,0,0,0,L,0,12T41,"NORMANDIE AV","56TH ST",0.00,,Y,A,-,N,,,,,,,,,,N,4,0,1,2,A,-,10,21950,A,F,G,B,B,A,H,-,B,-,0,Y,,,,Y,Y,-,99,0,0,1,0,1,0,0,0,0,"- ","- ",,,"LOS ANGELES","LOS ANGELES",-118.30021001,33.99156
6458017,2014,2014-07-08,1942,2014-03-23,0005,36309,1263,7,5,7,1942,0,0,0,L,0,12A53,"WESTERN AV","MANCHESTER AV",7.00,N,N,A,-,N,,,,,,,,,,N,3,0,1,2,A,-,10,21950,A,N,G,B,B,A,H,-,C,A,0,Y,,,,Y,,A,01,0,1,0,0,1,0,0,0,0,"- ","- ",,,"LOS ANGELES","LOS ANGELES",-118.30901038,33.959989200000003
6458048,2014,2014-07-10,9575,2014-04-01,0735,20030,,2,1,9,1900,0,2,4,,2,025,"LAKE AV","CALAVERAS ST",0.00,,Y,A,-,N,,,,,,,,,,N,4,0,1,2,A,-,12,21453,A,F,G,-,B,A,H,-,A,A,0,Y,,,,Y,,A,07,0,0,1,0,1,0,0,0,0,"- ","- ",34.183779999999999,-118.13137,"LOS ANGELES",UNINCORPORATED,-118.13161008,34.183750070000002
6458062,2014,2014-07-08,1942,2014-03-27,1150,33599,1864,4,5,7,1942,0,0,0,R,0,18TL23,"120TH ST","CENTRAL AV",0.00,,Y,A,-,N,,,,,,,,,,N,3,0,2,3,A,-,10,21950,A,N,G,B,B,A,H,-,A,A,0,Y,,,,Y,,A,08,0,1,1,0,2,0,0,0,0,"- ","- ",,,"LOS ANGELES","LOS ANGELES",-118.2543601,33.923729999999999
6458079,2014,2014-08-06,1942,2014-03-14,0650,33599,1826,5,5,7,1942,0,0,0,R,0,18TL23,"GRANDEE AV","103RD ST",1000.00,N,N,A,-,N,,,,,,,,,,N,4,0,1,2,A,-,10,21952,,F,G,B,D,A,H,-,A,D,0,Y,,,,Y,,-,99,0,0,1,0,1,0,0,0,0,"- ","- ",,,"LOS ANGELES","LOS ANGELES",-118.24347233,33.945951649999998
6458088,2014,2014-07-18,1900,2014-02-27,0735,449495,0456,4,5,6,1949,0,0,0,,0,45T1,"ALONDA BL","CLARKDALE AV",57.00,E,N,C,-,N,,,,,,,,,,N,4,0,1,2,A,-,11,21954,A,N,G,B,D,B,H,-,A,D,0,Y,,,,Y,,N,60,0,0,1,0,1,0,0,0,0,"- ","- ",,,"LOS ANGELES",NORWALK,-118.07986259,33.887720000000002
6458174,2014,2014-07-09,1942,2014-03-19,0755,40681,RD033,3,5,7,1942,0,0,0,,0,3A15,"30TH ST","WALTON AV",150.00,W,N,A,-,N,,,,,,,,,,N,4,0,1,2,A,-,11,21956,A,N,G,B,E,A,H,-,A,D,0,Y,,,,Y,,N,60,0,0,1,0,1,0,0,0,0,"- ","- ",,,"LOS ANGELES","LOS ANGELES",-118.29528409,34.027160000000002
6458234,2014,2014-06-17,1900,2014-01-12,1810,514341,0453,7,5,6,1949,0,0,0,,0,45T1,"FOSTER RD","MCRAE AV",120.00,W,N,A,-,N,,,,,,,,,,N,3,0,1,2,A,-,11,21954,A,F,G,B,D,A,H,-,D,D,0,Y,,,,Y,,N,60,0,1,0,0,1,0,0,0,0,"- ","- ",,,"LOS ANGELES",NORWALK,-118.0894646,33.91001481
6458581,2014,2014-07-11,1942,2014-04-29,1945,36814,0464,2,5,7,1942,0,0,0,D,0,4TL43,"SAINT LOUIS ST","4TH ST",0.00,,Y,A,-,N,,,,,,,,,,N,3,0,1,2,A,-,10,21950,A,N,G,B,B,A,H,-,C,A,0,Y,,,,Y,,D,22,0,1,0,0,1,0,0,0,0,"- ","- ",,,"LOS ANGELES","LOS ANGELES",-118.21545001,34.042250060000001
6458732,2014,2014-07-17,1900,2014-04-09,1540,543244,1369,3,5,5,1952,0,0,0,,0,136PMS,"FLOWER ST","PASSAGE AV",3.00,W,N,A,-,N,,,,,,,,,,N,3,0,2,3,A,-,06,21951,,N,G,B,B,A,H,-,A,D,0,Y,,,,Y,,D,,0,1,1,0,2,0,0,0,0,"- ","- ",,,"LOS ANGELES",PARAMOUNT,-118.14865986,33.882009879999998
6458941,2014,2014-07-21,9530,2014-04-23,1852,20300,,3,2,9,1900,0,3,5,,2,001,"FIRESTONE BL","GRAHAM AV",0.00,,Y,A,-,N,,,,,,,,,,N,3,0,1,2,A,-,11,21950,B,N,G,B,D,A,H,-,A,A,0,Y,,,,Y,,N,60,0,1,0,0,1,0,0,0,0,"- ","- ",33.96902,-118.24311,"LOS ANGELES",UNINCORPORATED,-118.24310010000001,33.960150079999998
6458968,2014,2014-07-09,1900,2014-03-26,2315,531270,1368,3,5,5,1952,0,0,0,,0,136B,"GEORGIA AV","JEFFERSON ST",300.00,N,N,B,-,N,,,,,,,,,,N,4,0,1,2,A,-,08,22107,,M,G,B,E,B,H,-,C,D,0,Y,,,,Y,,-,99,0,0,1,0,1,0,0,0,0,"- ","- ",,,"LOS ANGELES",PARAMOUNT,-118.15613,33.893802669999999
6458988,2014,2014-07-09,1900,2014-03-07,2200,527451,1334,5,5,5,1908,0,0,0,,0,133BPM,"LOS ANGELES ST","ARDMORE AV",450.00,W,N,A,-,N,,,,,,,,,,N,3,0,1,2,A,-,11,21954,A,F,B,B,E,A,H,-,C,D,0,Y,,,,Y,,N,60,0,1,0,0,1,0,0,0,0,"- ","- ",,,"LOS ANGELES",BELLFLOWER,-118.13064959,33.887196950000003
6458996,2014,2015-08-12,1900,2014-03-26,1210,427517,0452,3,5,6,1949,0,0,0,,0,43T1,"IMPERIAL HWY","VOLUNTEER AV",18.00,W,N,A,-,N,,,,,,,,,,N,3,0,1,2,A,-,10,21950,A,N,G,B,B,-,A,H,A,A,0,Y,,,,Y,,A,01,0,1,0,0,1,0,0,0,0,"- ","- ",,,"LOS ANGELES",NORWALK,-118.0687492,33.917200000000001
6459012,2014,2014-07-09,1900,2014-03-19,1755,507740,0454,3,5,6,1949,0,0,0,,0,43T1P,"FIRESTONE BL","FUNSTON AV",24.00,E,N,A,-,N,,,,,,,,,,N,3,0,1,2,A,-,11,21950,B,N,A,B,C,A,H,-,A,D,0,Y,,,,Y,,N,60,0,1,0,0,1,0,0,0,0,"- ","- ",,,"LOS ANGELES",NORWALK,-118.07280383,33.907804130000002
6459019,2014,2014-07-09,9565,2014-03-01,1130,17060,,6,1,9,1900,0,2,4,,2,021,"VERMONT AV","103RD ST",10.00,N,N,B,C,N,,,,,,,,,,N,4,0,1,2,A,-,10,21950,A,F,G,B,B,B,H,-,A,D,0,Y,,,,Y,,A,01,0,0,1,0,1,0,0,0,0,"- ","- ",33.588099999999997,-118.52294000000001,"LOS ANGELES",UNINCORPORATED,-118.29191,33.94322743
6459024,2014,2014-07-09,1900,2014-03-19,0710,427517,0454,3,5,6,1949,0,0,0,,0,43T1,"PINE ST","NORWALK BL",5.00,W,N,A,-,N,,,,,,,,,,N,4,0,1,2,A,-,10,21950,A,N,G,B,B,A,H,-,A,A,0,Y,,,,Y,,A,01,0,0,1,0,1,0,0,0,0,"- ","- ",,,"LOS ANGELES",NORWALK,-118.07300644,33.904060000000001
6459027,2014,2015-08-12,9565,2014-03-02,1115,19859,,7,1,9,1900,0,3,5,,2,002,"RAYMOND AV","IMPERIAL HWY",25.00,N,N,B,-,N,,,,,,,,,,N,3,0,2,3,A,-,11,21954,A,N,G,B,D,A,H,-,A,D,0,Y,,,,Y,,N,60,0,1,1,0,2,0,0,0,0,"- ","- ",33.931150000000002,-118.29791,"LOS ANGELES",UNINCORPORATED,-118.29790962,33.931038559999998
6459052,2014,2014-07-14,1900,2014-04-08,0815,476846,,2,5,3,1903,0,0,0,,0,134T4D,"178TH ST","ROSETON AV",200.00,W,N,A,-,N,,,,,,,,,,N,4,0,1,2,A,-,"- ",,,F,-,B,D,A,H,-,A,D,0,Y,,,,Y,,A,01,0,0,1,0,1,0,0,0,0,"- ","- ",,,"LOS ANGELES",ARTESIA,-118.08781741999999,33.869336539999999
6459075,2014,2014-07-11,1912,2014-04-11,1723,8188,,5,5,6,1912,0,0,0,,0,00F,"VICTORY BL","OLIVE AV",332.00,S,N,A,-,N,,,,,,,,,,N,4,0,1,2,A,-,11,21950,B,N,G,B,F,A,H,-,A,D,0,Y,,,,Y,,N,60,0,0,1,0,1,0,0,0,0,"- ","- ",34.172699999999999,-118.3159,"LOS ANGELES",BURBANK,-118.31652,34.17353
6459109,2014,2014-07-11,1942,2014-04-29,1420,32912,0174,2,5,7,1942,0,0,0,A,0,1A85,"MAIN ST","8TH ST",149.00,S,N,A,-,N,,,,,,,,,,N,4,0,1,2,A,-,11,21954,A,N,G,B,E,A,H,-,A,D,0,Y,,,,Y,,N,60,0,0,1,0,1,0,0,0,0,"- ","- ",,,"LOS ANGELES","LOS ANGELES",-118.25358186,34.042493239999999
6459132,2014,2014-07-18,1942,2014-04-29,0750,31816,478,2,5,7,1942,0,0,0,,0,4TL43,"WHITTIER BL","LORENA ST",357.00,W,N,A,-,N,,,,,,,,,,N,3,0,1,2,A,-,11,21954,A,N,G,B,D,A,H,-,A,D,0,Y,,,,Y,,N,60,0,1,0,0,1,0,0,0,0,"- ","- ",,,"LOS ANGELES","LOS ANGELES",-118.20202611000001,34.028252870000003
6459148,2014,2015-09-28,1942,2014-04-29,1510,41162,0443,2,5,7,1942,0,0,0,D,0,,"NORFOLK ST","SAN PABLO ST",50.00,E,N,A,-,N,,,,,,,,,,N,4,0,1,2,A,-,21,22106,,N,G,B,E,A,H,-,A,D,0,Y,,,,Y,,-,,0,0,1,0,1,0,0,0,0,"- ","- ",,,"LOS ANGELES","LOS ANGELES",-118.20331526,34.06126836
6459149,2014,2014-07-14,1942,2014-04-30,1420,38357,1181,3,5,7,1942,0,0,0,K,0,11TL32,"SUNSET BL","MOHAWK ST",109.00,E,N,A,-,N,,,,,,,,,,N,4,0,1,2,A,-,11,21955,,N,G,B,D,A,H,-,A,D,0,Y,,,,Y,,N,60,0,0,1,0,1,0,0,0,0,"- ","- ",,,"LOS ANGELES","LOS ANGELES",-118.26500878,34.077399999999997