CASE_ID,ACCIDENT_YEAR,PROC_DATE,JURIS,COLLISION_DATE,COLLISION_TIME,OFFICER_ID,REPORTING_DISTRICT,DAY_OF_WEEK,CHP_SHIFT,POPULATION,CNTY_CITY_LOC,SPECIAL_COND,BEAT_TYPE,CHP_BEAT_TYPE,CITY_DIVISION_LAPD,CHP_BEAT_CLASS,BEAT_NUMBER,PRIMARY_RD,SECONDARY_RD,DISTANCE,DIRECTION,INTERSECTION,WEATHER_1,WEATHER_2,STATE_HWY_IND,CALTRANS_COUNTY,CALTRANS_DISTRICT,STATE_ROUTE,ROUTE_SUFFIX,POSTMILE_PREFIX,POSTMILE,LOCATION_TYPE,RAMP_INTERSECTION,SIDE_OF_HWY,TOW_AWAY,COLLISION_SEVERITY,NUMBER_KILLED,NUMBER_INJURED,PARTY_COUNT,PRIMARY_COLL_FACTOR,PCF_CODE_OF_VIOL,PCF_VIOL_CATEGORY,PCF_VIOLATION,PCF_VIOL_SUBSECTION,HIT_AND_RUN,TYPE_OF_COLLISION,MVIW,PED_ACTION,ROAD_SURFACE,ROAD_COND_1,ROAD_COND_2,LIGHTING,CONTROL_DEVICE,CHP_ROAD_TYPE,PEDESTRIAN_ACCIDENT,BICYCLE_ACCIDENT,MOTORCYCLE_ACCIDENT,TRUCK_ACCIDENT,NOT_PRIVATE_PROPERTY,ALCOHOL_INVOLVED,STWD_VEHTYPE_AT_FAULT,CHP_VEHTYPE_AT_FAULT,COUNT_SEVERE_INJ,COUNT_VISIBLE_INJ,COUNT_COMPLAINT_PAIN,COUNT_PED_KILLED,COUNT_PED_INJURED,COUNT_BICYCLIST_KILLED,COUNT_BICYCLIST_INJURED,COUNT_MC_KILLED,COUNT_MC_INJURED,PRIMARY_RAMP,SECONDARY_RAMP,LATITUDE,LONGITUDE,COUNTY,CITY,POINT_X,POINT_Y
6459152,2014,2015-09-28,1942,2014-04-20,1320,41385,299,7,5,7,1942,0,0,0,,0,2A91,"18TH ST",UNION,40.00,E,N,A,-,N,,,,,,,,,,N,4,0,1,2,A,-,21,22106,,N,G,B,E,A,H,-,A,D,0,Y,,,,Y,,A,01,0,0,1,0,1,0,0,0,0,"- ","- ",,,"LOS ANGELES","LOS ANGELES",-118.28032205,34.039531089999997
6459156,2014,2014-07-11,1942,2014-04-24,0755,40513,202,4,5,7,1942,0,0,0,,0,2A69,WILLOWBROOK,MADISON,0.00,,Y,A,-,N,,,,,,,,,,N,4,0,1,2,A,-,11,21950,B,N,G,B,B,A,H,-,A,D,0,Y,,,,Y,,N,60,0,0,1,0,1,0,0,0,0,"- ","- ",,,"LOS ANGELES","LOS ANGELES",-118.28925001,34.089730080000002
6459168,2014,2014-07-11,1942,2014-04-30,0800,33260,0221,3,5,7,1942,0,0,0,B,0,2T15,"OAKWOOD AV","ALEXANDRIA AV",18.00,W,N,A,-,N,,,,,,,,,,N,4,0,1,2,A,-,09,21804,A,N,G,B,B,A,H,-,A,A,0,Y,,,,Y,,N,60,0,0,1,0,1,0,0,0,0,"- ","- ",,,"LOS ANGELES","LOS ANGELES",-118.29825932,34.077669069999999
6459172,2014,2014-07-11,1942,2014-04-26,1300,34845,0201,6,5,7,1942,0,0,0,B,0,2A39,"SANTA MONICA BL","ALEXANDRIA AV",0.00,,Y,A,-,N,,,,,,,,,,N,4,0,1,2,A,-,11,21456,B,N,G,B,B,A,H,-,A,A,0,Y,,,,Y,,N,60,0,0,1,0,1,0,0,0,0,"- ","- ",,,"LOS ANGELES","LOS ANGELES",-118.29839011,34.090830009999998
6459259,2014,2014-07-15,1942,2014-04-14,1320,37614,1283,1,5,7,1942,0,0,0,L,0,12X58,"CENTURY BL","GRAMERCY PL",12.00,E,N,A,-,N,,,,,,,,,,N,2,0,2,3,A,-,06,21951,,N,G,B,B,A,H,-,A,A,0,Y,,,,Y,,A,01,1,1,0,0,1,0,0,0,0,"- ","- ",,,"LOS ANGELES","LOS ANGELES",-118.31335052,33.94545935
6459261,2014,2014-07-11,1942,2014-04-30,1600,39436,1243,3,5,7,1942,0,0,0,L,0,5TL25,"FLORENCE AV","CIMARRON ST",166.00,E,N,A,-,N,,,,,,,,,,N,3,0,1,2,A,-,11,21956,A,F,G,B,E,A,H,-,A,D,0,Y,,,,Y,,N,60,0,1,0,0,1,0,0,0,0,"- ","- ",,,"LOS ANGELES","LOS ANGELES",-118.31535374000001,33.974589999999999
6459365,2014,2014-08-06,1942,2014-05-01,1230,32565,2029,4,5,7,1942,0,0,0,,0,20TL56,"SHATTO PL","5TH ST",61.00,N,N,A,-,N,,,,,,,,,,N,3,0,1,2,A,-,10,21950,A,F,D,B,E,A,H,-,A,A,0,Y,,,,Y,,N,60,0,1,0,0,1,0,0,0,0,"- ","- ",,,"LOS ANGELES","LOS ANGELES",-118.2899109,34.065327289999999
6459397,2014,2014-08-06,1942,2014-05-12,0800,30830,1506,1,5,7,1942,0,0,0,O,0,16TL23,"FAIR AV","WYANDOTTE ST",10.00,S,N,A,-,N,,,,,,,,,,N,4,0,2,3,A,-,10,21950,A,N,G,B,B,A,H,-,A,D,0,Y,,,,Y,,A,01,0,0,2,0,2,0,0,0,0,"- ","- ",,,"LOS ANGELES","LOS ANGELES",-118.37469969999999,34.202992569999999
6459421,2014,2014-08-06,1942,2014-05-10,2030,38185,1759,6,5,7,1942,0,0,0,Q,0,19T75,"HASKELL AV","LASSEN ST",0.00,,Y,A,-,N,,,,,,,,,,N,3,0,1,2,A,-,09,21453,B,F,G,B,B,A,H,-,C,A,0,Y,,,,Y,,-,99,0,1,0,0,1,0,0,0,0,"- ","- ",,,"LOS ANGELES","LOS ANGELES",-118.47617009,34.25010004
6459505,2014,2014-08-04,9530,2014-05-01,1950,020293,,4,2,9,1900,0,3,5,,2,002,"PARMELEE AV","SLATER ST",250.00,S,N,A,-,N,,,,,,,,,,N,3,0,1,2,A,-,11,21954,A,F,G,B,D,A,H,-,C,D,0,Y,,,,Y,,N,60,0,1,0,0,1,0,0,0,0,"- ","- ",33.927349999999997,-118.25049,"LOS ANGELES",UNINCORPORATED,-118.25048416,33.927216110000003
6459529,2014,2014-08-01,1906,2014-05-05,0801,4402,,1,5,5,1906,0,0,0,,0,004,"CALIFORNIA AV","MAINE AV",0.00,E,N,A,-,N,,,,,,,,,,N,4,0,1,2,A,-,21,22106,,N,G,B,D,A,H,-,A,D,0,Y,,,,Y,Y,A,01,0,0,1,0,1,0,0,0,0,"- ","- ",,,"LOS ANGELES","BALDWIN PARK",-117.96054005000001,34.10454008
6459566,2014,2016-04-22,1956,2014-05-02,0052,1292,68,5,5,5,1956,0,0,0,,0,005,"RT 107","ARTESIA BL",48.00,S,N,A,-,Y,LA,7,107,-,-,4.690,H,-,S,N,3,0,1,2,A,-,11,21956,A,N,G,B,E,A,H,-,C,A,0,Y,,,,Y,,N,60,0,1,0,0,1,0,0,0,0,"- ","- ",,,"LOS ANGELES","REDONDO BEACH",-118.35265492000001,33.872681839999998
6459607,2014,2014-08-11,1942,2014-05-09,0835,40726,1321,5,5,7,1942,0,0,0,M,0,1TL11,"23RD ST","LOS ANGELES ST",0.00,,Y,A,-,N,,,,,,,,,,N,3,0,1,2,A,-,10,21950,A,N,A,B,B,A,H,-,A,D,0,Y,,,,Y,,A,01,0,1,0,0,1,0,0,0,0,"- ","- ",,,"LOS ANGELES","LOS ANGELES",-118.26595005,34.026780070000001
6459615,2014,2014-08-11,1942,2014-05-01,1900,40364,1341,4,5,7,1942,0,0,0,M,0,3A15,"M L K BL",FIGUEROA,300.00,E,N,A,-,N,,,,,,,,,,N,4,0,1,2,A,-,11,21954,A,N,G,B,D,A,-,-,A,D,0,Y,,,,Y,,N,60,0,0,1,0,1,0,0,0,0,"- ","- ",,,"LOS ANGELES","LOS ANGELES",-118.28174300000001,34.011093000000002
6459618,2014,2015-09-28,1942,2014-05-09,0405,39759,1313,5,5,7,1942,0,0,0,M,0,13T53,"16TH ST","ESSEX ST",0.00,W,N,A,-,N,,,,,,,,,,N,4,0,1,4,A,-,"- ",,,F,B,B,E,A,H,-,C,D,0,Y,,,,Y,,-,99,0,0,1,0,1,0,0,0,0,"- ","- ",,,"LOS ANGELES","LOS ANGELES",-118.2498101,34.026900120000001
6459631,2014,2014-08-11,1942,2014-05-09,0750,37952,1372,5,5,7,1942,0,0,0,M,0,13T53,"TOWNE AV","57TH ST",133.00,N,N,A,-,N,,,,,,,,,,N,4,0,1,2,A,-,21,22106,,N,G,B,F,A,H,-,A,D,0,Y,,,,Y,,-,"- ",0,0,1,0,1,0,0,0,0,"- ","- ",,,"LOS ANGELES","LOS ANGELES",-118.26739999999999,33.99104475
6459650,2014,2014-08-14,1942,2014-05-11,1555,39761,0161,7,5,7,1942,0,0,0,A,0,2T28,"8TH ST","FRANCISCO ST",373.00,W,N,A,-,N,,,,,,,,,,N,3,0,1,2,A,-,11,21954,A,N,G,B,D,A,H,-,A,D,0,Y,,,,Y,,N,60,0,1,0,0,1,0,0,0,0,"- ","- ",,,"LOS ANGELES","LOS ANGELES",-118.26375856,34.049241420000001
6459655,2014,2014-08-11,1942,2014-05-10,0850,39876,1137,6,5,7,1942,0,0,0,K,0,1TL24,"AVE 52","MONTE VISTA ST",560.00,N,N,A,-,N,,,,,,,,,,N,4,0,1,2,A,-,11,21954,A,N,G,B,E,A,H,-,A,D,0,Y,,,,Y,,N,60,0,0,1,0,1,0,0,0,0,"- ","- ",,,"LOS ANGELES","LOS ANGELES",-118.20203519,34.10981915
6459671,2014,2014-08-11,1942,2014-05-02,1545,38554,0415,5,5,7,1942,0,0,0,D,0,4A6,"GRIFFIN AV","ALTURA CT",0.00,,N,A,-,N,,,,,,,,,,N,4,0,1,2,A,-,10,21950,A,N,G,B,B,A,H,-,A,A,0,Y,,,,Y,,A,07,0,0,1,0,1,0,0,0,0,"- ","- ",,,"LOS ANGELES","LOS ANGELES",-118.21180004,34.075470080000002
6459709,2014,2016-04-22,1942,2014-05-09,1715,38185,2133,5,5,7,1942,0,0,0,,0,15T43,"TOPANGA CANYON BL","SHERMAN WY",150.00,S,N,A,-,Y,LA,7,27,-,-,14.490,H,-,N,N,2,0,1,2,A,-,11,21954,A,F,G,B,E,A,H,-,A,A,0,Y,,,,Y,,N,60,1,0,0,0,1,0,0,0,0,"- ","- ",,,"LOS ANGELES","LOS ANGELES",-118.60586014,34.20020787
6459714,2014,2014-07-23,1942,2014-05-08,0830,39281,1747,4,5,7,1942,0,0,0,Q,0,21TL61,"DEVONSHIRE ST","HAYVENHURST AV",188.00,E,N,A,-,N,,,,,,,,,,N,2,0,1,3,A,-,07,21658,A,N,B,B,E,A,H,-,A,D,0,Y,,,,Y,,A,01,1,0,0,0,1,0,0,0,0,"- ","- ",,,"LOS ANGELES","LOS ANGELES",-118.49297893000001,34.257460000000002
6459750,2014,2014-07-23,1942,2014-05-06,2020,40065,2136,2,5,7,1942,0,0,0,,0,21T61,"ALABAMA AV","VALERIA ST",255.00,N,N,A,-,N,,,,,,,,,,N,3,0,1,2,B,-,22,,,N,G,B,F,A,H,-,C,D,0,Y,,,,Y,,N,60,0,1,0,0,1,0,0,0,0,"- ","- ",,,"LOS ANGELES","LOS ANGELES",-118.59902603,34.205349529999999
6459763,2014,2014-07-24,1942,2014-05-12,1415,31152,1345,1,5,7,1942,0,0,0,M,0,11TL21,"HOOPER AV","41ST ST",8.00,S,N,A,-,N,,,,,,,,,,N,3,0,1,2,A,-,10,21950,A,F,G,B,B,A,H,-,A,A,0,Y,Y,,,Y,,L,04,0,1,0,0,1,0,0,0,0,"- ","- ",,,"LOS ANGELES","LOS ANGELES",-118.25214,34.009258060000001
6459787,2014,2014-07-24,1942,2014-05-12,1705,37611,1321,1,5,7,1942,0,0,0,M,0,13TL22,"HILL ST","23RD ST",12.00,S,N,A,-,N,,,,,,,,,,N,3,0,1,2,A,-,10,21950,A,N,G,B,B,A,H,-,A,A,0,Y,,,,Y,,A,08,0,1,0,0,1,0,0,0,0,"- ","- ",,,"LOS ANGELES","LOS ANGELES",-118.26908847999999,34.028500909999998
6459832,2014,2014-07-24,1942,2014-05-13,0740,37505,1345,2,5,7,1942,0,0,0,M,0,13T53,"ASCOT ST","43RD ST",0.00,,Y,A,-,N,,,,,,,,,,N,4,0,1,2,A,-,10,21950,A,F,G,B,B,A,H,-,A,A,0,Y,,,,Y,,-,99,0,0,1,0,1,0,0,0,0,"- ","- ",,,"LOS ANGELES","LOS ANGELES",-118.24980008,34.005580039999998
6460191,2014,2014-07-05,1942,2014-03-18,1530,37611,0236,2,5,7,1942,0,0,0,B,0,13TL22,"ALVARADO ST","VALLEY ST",10.00,N,N,A,-,N,,,,,,,,,,,3,0,1,2,A,-,"- ",,,N,G,-,B,A,H,-,A,A,0,Y,,,,Y,,A,01,0,1,0,0,1,0,0,0,0,"- ","- ",,,"LOS ANGELES","LOS ANGELES",-118.27149401,34.064863979999998
6460207,2014,2014-07-05,1942,2014-03-20,1900,33829,1521,4,5,7,1942,0,0,0,O,0,9T53,"SHERMAN WY","VARNA AV",0.00,,Y,A,-,N,,,,,,,,,,Y,3,0,1,3,A,-,12,21453,A,N,D,B,B,A,H,-,A,A,0,Y,,,,Y,,A,01,0,1,0,0,1,0,0,0,0,"- ","- ",,,"LOS ANGELES","LOS ANGELES",-118.42474011,34.20120008
6460211,2014,2014-07-05,1942,2014-03-20,1640,41274,911,4,5,7,1942,0,0,0,,0,9X9,"FULTON AV","KITTRIDGE ST",5.00,S,N,A,-,N,,,,,,,,,,N,3,0,1,2,A,-,10,21950,A,F,G,B,B,A,H,-,B,A,0,Y,,,,Y,,-,99,0,1,0,0,1,0,0,0,0,"- ","- ",,,"LOS ANGELES","LOS ANGELES",-118.4225299,34.190286290000003
6460215,2014,2014-07-05,1942,2014-03-25,1830,30983,2126,2,5,7,1942,0,0,0,,0,9T57,"INGOMAR ST","DESOTO AV",10.00,E,N,B,-,N,,,,,,,,,,N,4,0,1,2,A,-,11,21950,B,F,G,B,B,A,H,-,B,A,0,Y,,,,Y,,-,99,0,0,1,0,1,0,0,0,0,"- ","- ",,,"LOS ANGELES","LOS ANGELES",-118.58844698999999,34.21191056
6460302,2014,2014-07-07,1942,2014-03-21,0730,33599,0305,5,5,7,1942,0,0,0,C,0,3TL5,"ADAMS BL","RIMPAU AV",50.00,E,N,B,-,N,,,,,,,,,,N,4,0,1,2,A,-,11,21954,A,F,G,B,D,A,H,-,A,A,0,Y,,,,Y,,N,60,0,0,1,0,1,0,0,0,0,"- ","- ",,,"LOS ANGELES","LOS ANGELES",-118.34707528,34.032530000000001
6460436,2014,2014-07-10,1956,2014-04-17,1532,1257,68,4,5,5,1956,0,0,0,,0,005,"ARTESIA BL","KINGSDALE AV",400.00,E,N,A,-,N,,,,,,,,,,N,4,0,1,2,A,-,12,22450,A,N,G,B,C,A,H,-,A,D,0,Y,,,,Y,,A,01,0,0,1,0,1,0,0,0,0,"- ","- ",,,"LOS ANGELES","REDONDO BEACH",-118.35569474,33.872928399999999
6460504,2014,2014-07-09,1942,2014-04-13,1215,33599,0318,7,5,7,1942,0,0,0,C,0,3TL5,"MAGNOLIA AV","24TH ST",0.00,,Y,B,-,N,,,,,,,,,,N,3,0,1,2,A,-,10,21950,A,N,G,B,B,A,H,-,A,A,0,Y,,,,Y,,A,07,0,1,0,0,1,0,0,0,0,"- ","- ",,,"LOS ANGELES","LOS ANGELES",-118.28651013,34.034390080000001
6460528,2014,2014-07-09,1942,2014-04-17,1750,38694,0397,4,5,7,1942,0,0,0,C,0,3T5,"VERNON AV","MENLO AV",0.00,,Y,A,-,N,,,,,,,,,,Y,2,0,1,3,A,-,09,21801,,N,D,C,F,A,H,-,A,A,0,Y,,,,Y,,A,08,1,0,0,0,1,0,0,0,0,"- ","- ",,,"LOS ANGELES","LOS ANGELES",-118.29003009,34.003690110000001
6460556,2014,2014-07-09,1942,2014-04-16,1540,37146,0331,3,5,7,1942,0,0,0,C,0,3TL57,"LA BREA AV","FERNDALE ST",20.00,S,N,A,-,N,,,,,,,,,,Y,3,0,1,2,A,-,"- ",,,N,G,B,D,A,H,-,A,D,0,Y,,,,Y,Y,N,60,0,1,0,0,1,0,0,0,0,"- ","- ",,,"LOS ANGELES","LOS ANGELES",-118.35195071,34.030457920000003
6460577,2014,2014-06-17,9565,2014-01-15,1800,19576,,3,2,9,1900,0,3,5,,2,002,"NORMANDIE AV","105TH ST",50.00,N,N,A,-,N,,,,,,,,,,N,4,0,1,2,A,-,11,21954,A,N,G,B,D,A,H,-,B,D,0,Y,,,,Y,,N,60,0,0,1,0,1,0,0,0,0,"- ","- ",33.566600000000001,-118.1801,"LOS ANGELES",UNINCORPORATED,-118.3002833,33.941337099999998
6460602,2014,2014-06-24,1942,2014-01-22,0730,41280,0823,3,5,7,1942,0,0,0,H,0,8A1,"VIA DE LA PAZ","ANTIOCH ST",5.00,E,N,A,-,N,,,,,,,,,,N,3,0,1,2,A,-,10,21950,A,F,G,B,B,A,H,-,A,A,0,Y,,,,Y,,-,99,0,1,0,0,1,0,0,0,0,"- ","- ",,,"LOS ANGELES","LOS ANGELES",-118.5270972,34.047153520000002
6460630,2014,2014-07-01,9565,2014-01-07,0830,17060,,2,1,9,1900,0,3,5,,2,004,"11TH ST","HAWTHORN BL",10.00,E,N,A,-,N,,,,,,,,,,N,3,0,1,2,A,-,10,21950,A,F,G,B,-,A,H,-,A,A,0,Y,,,,Y,,-,99,0,1,0,0,1,0,0,0,0,"- ","- ",33.934579999999997,-118.35229,"LOS ANGELES",UNINCORPORATED,-118.352419,33.934547999999999
6460643,2014,2014-07-09,1942,2014-04-15,1030,40008,0275,2,5,7,1942,0,0,0,B,0,13TL55,"BONNIE BRAE","JAMES M WOOD",0.00,,Y,A,-,N,,,,,,,,,,N,3,0,3,4,A,-,12,22450,A,N,D,B,-,A,H,-,A,D,0,Y,,,,Y,,A,01,0,2,1,0,2,0,0,0,0,"- ","- ",,,"LOS ANGELES","LOS ANGELES",-118.27657000000001,34.052379999999999
6460705,2014,2014-07-11,1942,2014-04-17,1840,40505,0152,4,5,7,1942,0,0,0,A,0,1X44,"5TH ST","FLOWER ST",0.00,,Y,A,-,N,,,,,,,,,,N,3,0,1,2,A,-,10,21950,A,N,G,B,B,A,H,-,A,A,0,Y,,,,Y,,I,19,0,1,0,0,1,0,0,0,0,"- ","- ",,,"LOS ANGELES","LOS ANGELES",-118.25611009000001,34.051630029999998
6461944,2014,2014-07-08,1942,2014-03-21,1610,40476,1802,5,5,7,1942,0,0,0,R,0,18T39,"FIGUEROA ST","91ST PL",30.00,N,N,A,-,N,,,,,,,,,,N,4,0,1,2,A,-,"- ",,,N,G,B,E,A,H,-,A,D,0,Y,,,,Y,,N,60,0,0,1,0,1,0,0,0,0,"- ","- ",,,"LOS ANGELES","LOS ANGELES",-118.28271121,33.953602269999998
6462029,2014,2014-06-17,1900,2014-01-08,1750,101944,0433,3,5,6,1949,0,0,0,,0,43T-11,"FOSTER RD","GRIDLEY RD",0.00,,Y,A,-,N,,,,,,,,,,N,4,0,1,2,A,-,10,21950,A,N,G,B,B,A,H,-,C,A,0,Y,,,,Y,,D,22,0,0,1,0,1,0,0,0,0,"- ","- ",,,"LOS ANGELES",NORWALK,-118.09125004000001,33.910010010000001
6462476,2014,2015-02-26,1925,2014-03-21,1848,24341,235,5,5,6,1925,0,0,0,,0,004,"E CALIFORNIA AV","N LOUISE ST",0.00,,Y,A,-,N,,,,,,,,,,N,4,0,1,2,A,-,10,21950,A,M,G,B,B,A,H,-,A,A,0,Y,,,,Y,,A,01,0,0,1,0,1,0,0,0,0,"- ","- ",,,"LOS ANGELES",GLENDALE,-118.25267008,34.149920109999996
6462608,2014,2014-07-09,1920,2014-03-27,1931,11724,1920,4,5,6,1920,0,0,0,,0,002,"STEWART AND GRAY RD","PARAMOUNT BL",200.00,W,N,A,-,N,,,,,,,,,,N,4,0,1,2,A,-,11,21954,A,N,G,B,D,A,H,-,C,D,0,Y,,,,Y,,N,,0,0,1,0,1,0,0,0,0,"- ","- ",,,"LOS ANGELES",DOWNEY,-118.14433828999999,33.93509023
6462612,2014,2014-07-09,1920,2014-03-19,1727,12035,,3,5,6,1920,0,0,0,,0,005,"LAKEWOOD BL","3RD ST",0.00,,Y,A,-,N,,,,,,,,,,N,4,0,1,2,A,-,10,21950,A,N,G,B,B,A,H,-,A,A,0,Y,,,,Y,,A,,0,0,1,0,1,0,0,0,0,"- ","- ",,,"LOS ANGELES",DOWNEY,-118.1231901,33.93738003
6463878,2014,2014-07-16,1942,2014-04-03,1115,39281,1797,4,5,7,1942,0,0,0,Q,0,21TL61,"PARTHENIA ST","HAYVENHURST AV",9.00,E,N,A,-,N,,,,,,,,,,N,3,0,1,2,A,-,10,21952,,N,G,B,B,A,H,-,A,A,0,Y,,,,Y,,A,01,0,1,0,0,1,0,0,0,0,"- ","- ",,,"LOS ANGELES","LOS ANGELES",-118.49384028,34.228449560000001
6463939,2014,2014-08-05,1928,2014-04-05,1752,365,H514,6,5,5,1928,0,0,0,,0,0H4,"INGLEWOOD AV","138TH ST",0.00,,Y,A,-,N,,,,,,,,,,N,3,0,1,2,A,-,10,21950,A,N,G,B,B,A,H,-,A,A,0,Y,,,,Y,,A,01,0,1,0,0,1,0,0,0,0,"- ","- ",,,"LOS ANGELES",HAWTHORNE,-118.36129010000001,33.905970119999999
6463943,2014,2014-07-10,1928,2014-04-03,0801,342,509,4,5,5,1928,0,0,0,,0,502,"EL SEGUNDO BL","PRAIRIE AV",0.00,,Y,A,-,N,,,,,,,,,,N,4,0,1,2,A,-,10,21950,A,M,G,B,B,A,H,-,A,A,0,Y,,,,Y,,-,,0,0,1,0,1,0,0,0,0,"- ","- ",,,"LOS ANGELES",HAWTHORNE,-118.34388002,33.916410059999997
6463956,2014,2014-07-10,1955,2014-04-01,0757,30354,36,2,5,6,1955,0,0,0,,0,002,"MCKINLEY AV","ALAMEDA ST",0.00,,Y,A,-,N,,,,,,,,,,N,4,0,1,2,A,-,10,21950,A,N,G,B,B,A,H,-,A,A,0,Y,,,,Y,,A,01,0,0,1,0,1,0,0,0,0,"- ","- ",,,"LOS ANGELES",POMONA,-117.75680002999999,34.076570109999999
6463983,2014,2014-08-05,1942,2014-04-07,0706,40574,1612,1,5,7,1942,0,0,0,P,0,15T45,"GLENOAK BL","PAXTON ST",200.00,S,N,A,-,N,,,,,,,,,,N,3,0,4,4,C,-,18,,,N,C,B,F,A,H,-,A,A,0,Y,,,,Y,,-,"- ",0,2,2,0,0,0,0,0,0,"- ","- ",,,"LOS ANGELES","LOS ANGELES",-118.41757487,34.279237139999999
6464024,2014,2014-07-11,1942,2014-04-05,0615,40574,1555,6,5,7,1942,0,0,0,O,0,15T45,"MAGNOLIA BL","VINELAND AV",0.00,,Y,A,-,N,,,,,,,,,,N,2,0,1,2,A,-,11,21954,A,N,G,B,D,A,H,-,B,A,0,Y,,,,Y,,N,60,1,0,0,0,1,0,0,0,0,"- ","- ",,,"LOS ANGELES","LOS ANGELES",-118.37046002,34.164870039999997
6464028,2014,2014-07-11,1942,2014-04-04,1550,36801,1585,5,5,7,1942,0,0,0,O,0,15A27,"CAMPO DE CAHUENGA","VENTURA BL",0.00,,Y,A,-,N,,,,,,,,,,N,3,0,1,2,A,-,10,21950,A,N,G,B,B,A,H,-,A,A,0,Y,,,,Y,,A,01,0,1,0,0,1,0,0,0,0,"- ","- ",,,"LOS ANGELES","LOS ANGELES",-118.36753012,34.13941002
6464052,2014,2014-07-11,1942,2014-04-02,1425,33694,1003,3,5,7,1942,0,0,0,J,0,35M88,"STRATHERN ST","YOLANDA AV",0.00,,Y,A,-,N,,,,,,,,,,N,3,0,2,3,A,-,10,21950,A,N,A,B,B,A,H,-,A,-,0,Y,,,,Y,,N,60,0,2,0,0,2,0,0,0,0,"- ","- ",,,"LOS ANGELES","LOS ANGELES",-118.54046006,34.215640030000003
6464056,2014,2014-08-11,1942,2014-04-02,2030,41381,1028,3,5,7,1942,0,0,0,J,0,10X28,"VANOWEN ST","BALBOA BL",0.00,,Y,-,-,N,,,,,,,,,,N,3,0,1,2,A,-,10,21950,A,N,-,-,E,-,-,-,-,-,0,Y,,,,Y,,A,01,0,1,0,0,1,0,0,0,0,"- ","- ",,,"LOS ANGELES","LOS ANGELES",-118.50112008000001,34.193900079999999
6464061,2014,2014-07-10,1942,2014-03-18,1655,31255,0645,2,5,7,1942,0,0,0,F,0,7T72,"HOLLYWOOD BL","HIGHLAND AV",300.00,W,N,A,-,N,,,,,,,,,,N,3,0,1,2,A,-,11,21954,A,N,G,B,D,A,H,-,A,D,0,Y,,,,Y,,N,60,0,1,0,0,1,0,0,0,0,"- ","- ",,,"LOS ANGELES","LOS ANGELES",-118.33967909,34.101550000000003
6464074,2014,2014-07-17,1931,2014-03-20,1541,5560,1931,4,5,5,1931,0,0,0,,0,004,"ARBUTUS AV","GAGE AV",120.00,S,N,A,-,N,,,,,,,,,,N,3,0,1,2,A,-,11,21950,B,N,G,B,D,A,H,-,A,D,0,Y,,,,Y,,N,60,0,1,0,0,1,0,0,0,0,"- ","- ",,,"LOS ANGELES","HUNTINGTON PARK",-118.21475,33.980969999999999
6464085,2014,2014-08-05,1925,2014-03-18,2009,22458,225,2,5,6,1925,0,0,0,,0,002,"CENTRAL AV","WILSON AV",0.00,,Y,A,-,N,,,,,,,,,,N,4,0,1,2,A,-,10,21950,C,N,G,B,B,A,H,-,C,A,0,Y,,,,Y,,A,07,0,0,1,0,1,0,0,0,0,"- ","- ",,,"LOS ANGELES",GLENDALE,-118.25791001,34.148030050000003
6464104,2014,2014-07-08,9530,2014-03-19,1720,20665,,3,2,9,1900,0,3,5,,2,006,"NORMANDIE AV","228TH ST",5.00,S,N,A,-,N,,,,,,,,,,N,2,0,2,2,A,-,11,21461,5,N,G,B,B,A,H,-,A,A,0,Y,,Y,,Y,,N,60,1,0,1,0,1,0,0,0,1,"- ","- ",33.498060000000002,-118.17537,"LOS ANGELES",UNINCORPORATED,-118.29817022,33.81894629
6464167,2014,2014-07-09,1942,2014-03-28,0810,27260,1506,5,5,7,1942,0,0,0,O,0,W44,"SATICOY ST","VINELAND AV",7.00,W,N,A,-,N,,,,,,,,,,N,4,0,1,2,A,-,12,21453,A,N,G,B,B,A,H,-,A,A,0,Y,,,,Y,,A,01,0,0,1,0,1,0,0,0,0,"- ","- ",,,"LOS ANGELES","LOS ANGELES",-118.37035311,34.208440000000003
6464180,2014,2014-07-09,1942,2014-03-25,1610,31573,2064,2,5,7,1942,0,0,0,,0,34MQ09,"NORMANDIE AV","12TH ST",0.00,N,N,A,-,N,,,,,,,,,,N,3,0,1,2,A,-,11,21955,,N,G,B,D,A,H,-,A,A,0,Y,,,,Y,,N,60,0,1,0,0,1,0,0,0,0,"- ","- ",,,"LOS ANGELES","LOS ANGELES",-118.29998012999999,34.049070110000002
6464236,2014,2014-07-09,1942,2014-03-31,1930,40560,2064,1,5,7,1942,0,0,0,,0,20T59,"PICO BL","ARDMORE AV",0.00,,Y,A,-,N,,,,,,,,,,N,3,0,1,2,A,-,11,21954,A,N,G,B,D,A,H,-,C,D,0,Y,,,,Y,Y,N,60,0,1,0,0,1,0,0,0,0,"- ","- ",,,"LOS ANGELES","LOS ANGELES",-118.30255004,34.047220090000003