CASE_ID,ACCIDENT_YEAR,PROC_DATE,JURIS,COLLISION_DATE,COLLISION_TIME,OFFICER_ID,REPORTING_DISTRICT,DAY_OF_WEEK,CHP_SHIFT,POPULATION,CNTY_CITY_LOC,SPECIAL_COND,BEAT_TYPE,CHP_BEAT_TYPE,CITY_DIVISION_LAPD,CHP_BEAT_CLASS,BEAT_NUMBER,PRIMARY_RD,SECONDARY_RD,DISTANCE,DIRECTION,INTERSECTION,WEATHER_1,WEATHER_2,STATE_HWY_IND,CALTRANS_COUNTY,CALTRANS_DISTRICT,STATE_ROUTE,ROUTE_SUFFIX,POSTMILE_PREFIX,POSTMILE,LOCATION_TYPE,RAMP_INTERSECTION,SIDE_OF_HWY,TOW_AWAY,COLLISION_SEVERITY,NUMBER_KILLED,NUMBER_INJURED,PARTY_COUNT,PRIMARY_COLL_FACTOR,PCF_CODE_OF_VIOL,PCF_VIOL_CATEGORY,PCF_VIOLATION,PCF_VIOL_SUBSECTION,HIT_AND_RUN,TYPE_OF_COLLISION,MVIW,PED_ACTION,ROAD_SURFACE,ROAD_COND_1,ROAD_COND_2,LIGHTING,CONTROL_DEVICE,CHP_ROAD_TYPE,PEDESTRIAN_ACCIDENT,BICYCLE_ACCIDENT,MOTORCYCLE_ACCIDENT,TRUCK_ACCIDENT,NOT_PRIVATE_PROPERTY,ALCOHOL_INVOLVED,STWD_VEHTYPE_AT_FAULT,CHP_VEHTYPE_AT_FAULT,COUNT_SEVERE_INJ,COUNT_VISIBLE_INJ,COUNT_COMPLAINT_PAIN,COUNT_PED_KILLED,COUNT_PED_INJURED,COUNT_BICYCLIST_KILLED,COUNT_BICYCLIST_INJURED,COUNT_MC_KILLED,COUNT_MC_INJURED,PRIMARY_RAMP,SECONDARY_RAMP,LATITUDE,LONGITUDE,COUNTY,CITY,POINT_X,POINT_Y
6503049,2014,2014-07-15,1925,2014-04-28,1330,21612,167,1,5,6,1925,0,0,0,,0,001,"BRAND BL","STOCKER ST",252.00,S,N,A,-,N,,,,,,,,,,N,4,0,1,2,A,-,"- ",,,N,D,B,F,A,H,-,A,D,0,Y,,,,Y,,N,60,0,0,1,0,1,0,0,0,0,"- ","- ",,,"LOS ANGELES",GLENDALE,-118.25506,34.16297891
6503073,2014,2014-07-15,1925,2014-04-30,2055,21016,288,3,5,6,1925,0,0,0,,0,002,"SAN FERNANDO RD","CALIFORNIA AV",43.00,N,N,A,-,N,,,,,,,,,,N,2,0,1,2,A,-,11,21955,,N,G,B,D,A,H,-,C,A,0,Y,,,,Y,Y,N,,1,0,0,0,1,0,0,0,0,"- ","- ",,,"LOS ANGELES",GLENDALE,-118.2734851,34.150008669999998
6503109,2014,2014-07-15,1925,2014-04-23,2040,21606,229,3,5,6,1925,0,0,0,,0,004,MONTEREY,GENEVA,4.00,E,N,A,-,N,,,,,,,,,,N,4,0,1,2,A,-,10,21950,A,N,A,B,B,A,H,-,C,A,0,Y,,,,Y,,A,,0,0,1,0,1,0,0,0,0,"- ","- ",,,"LOS ANGELES",GLENDALE,-118.24680685,34.157520900000002
6503132,2014,2014-07-29,1925,2014-05-22,1604,21601,222,4,5,6,1925,0,0,0,,0,002,"CENTRAL AV","DORAN ST",0.00,,Y,B,-,N,,,,,,,,,,N,4,0,1,2,A,-,12,21453,A,N,G,B,B,A,H,-,A,A,0,Y,,Y,,Y,,C,02,0,0,1,0,1,0,0,0,0,"- ","- ",,,"LOS ANGELES",GLENDALE,-118.25794,34.15464008
6503154,2014,2014-07-15,1942,2014-04-30,1055,39639,1393,3,5,7,1942,0,0,0,M,0,4T43,"W 70TH ST","MAIN ST",119.00,W,N,A,-,N,,,,,,,,,,N,3,0,1,2,A,-,21,22106,,N,C,B,D,A,H,-,A,B,0,Y,,,,Y,,A,01,0,1,0,0,1,0,0,0,0,"- ","- ",,,"LOS ANGELES","LOS ANGELES",-118.27433173999999,33.976509999999998
6503181,2014,2014-07-15,9550,2014-04-27,2035,020340,,7,2,9,1900,0,3,5,,2,002,"CARMENITA RD","BEATY AV",5.00,N,N,A,-,N,,,,,,,,,,N,4,0,1,2,A,-,11,21954,A,N,G,B,D,A,H,-,C,D,0,Y,,,,Y,,N,60,0,0,1,0,1,0,0,0,0,"- ","- ",33.924759999999999,-118.04642,"LOS ANGELES",UNINCORPORATED,-118.04658999999999,33.924533709999999
6503394,2014,2014-07-29,1962,2014-05-27,0640,086,1962,2,5,4,1962,0,0,0,,0,024,"LAS TUNAS DR","MUSCATEL AV",0.00,,Y,A,-,N,,,,,,,,,,N,4,0,1,2,A,-,10,21950,A,F,G,B,B,A,H,-,A,A,0,Y,,,,Y,Y,-,99,0,0,1,0,1,0,0,0,0,"- ","- ",,,"LOS ANGELES","SAN GABRIEL",-118.07721008999999,34.103490030000003
6503402,2014,2014-07-29,1976,2014-05-23,0903,299,,5,5,3,1964,0,0,0,,0,,"SLAUSON AV","NORWALK BL",17.00,E,N,A,-,N,,,,,,,,,,N,2,0,1,2,A,-,10,21950,A,N,G,B,B,A,H,-,A,A,0,Y,,,,Y,,A,01,1,0,0,0,1,0,0,0,0,"- ","- ",,,"LOS ANGELES","SANTA FE SPRINGS",-118.07053481,33.964692390000003
6503425,2014,2014-07-29,1962,2014-05-28,1848,106,1962,3,5,4,1962,0,0,0,,0,022,"LAS TUNAS DR","DEL MAR AV",11.00,W,N,A,-,N,,,,,,,,,,N,3,0,1,2,A,-,10,21950,A,N,G,B,B,A,H,-,A,A,0,Y,,,,Y,,A,01,0,1,0,0,1,0,0,0,0,"- ","- ",,,"LOS ANGELES","SAN GABRIEL",-118.09971597000001,34.102796189999999
6503471,2014,2014-07-15,1942,2014-04-22,1905,41425,1003,2,5,7,1942,0,0,0,J,0,10X88,"RESEDA BL","LANARK ST",100.00,N,N,A,-,N,,,,,,,,,,N,4,0,1,2,A,-,11,21955,,N,G,B,D,A,H,-,A,D,0,Y,,,,Y,,N,60,0,0,1,0,1,0,0,0,0,"- ","- ",,,"LOS ANGELES","LOS ANGELES",-118.53608,34.217734309999997
6503520,2014,2014-07-14,9550,2014-04-24,2140,19518,,4,2,9,1900,0,3,5,,2,001,"HADLEY ST","PRATHER AV",0.00,,Y,A,-,N,,,,,,,,,,N,4,0,1,2,A,-,11,21950,B,N,G,B,D,A,H,-,C,A,0,Y,,,,Y,,N,60,0,0,1,0,1,0,0,0,0,"- ","- ",33.982660000000003,-118.05473000000001,"LOS ANGELES",UNINCORPORATED,-118.05475011,33.98274009
6503633,2014,2014-07-25,1941,2014-05-29,1808,10559,,4,5,7,1941,0,0,0,,0,,"SAINT LOUIS AV","EAST 11TH ST",0.00,,Y,A,-,N,,,,,,,,,,N,2,0,1,2,A,-,11,21956,A,N,G,B,D,A,H,-,A,D,0,Y,,,,Y,,N,,1,0,0,0,1,0,0,0,0,"- ","- ",,,"LOS ANGELES","LONG BEACH",-118.16660004000001,33.78078009
6503765,2014,2014-07-21,1925,2014-04-28,0813,14676,232,1,5,6,1925,0,0,0,,0,004,"DORAN ST","GENEVA ST",0.00,,Y,-,-,N,,,,,,,,,,N,4,0,1,2,A,-,11,21954,A,N,-,-,B,-,-,-,-,-,0,Y,,,,Y,,N,60,0,0,1,0,1,0,0,0,0,"- ","- ",,,"LOS ANGELES",GLENDALE,-118.24682002,34.154750030000002
6503790,2014,2014-07-21,1922,2014-04-26,1300,662,,6,5,6,1922,0,0,0,,0,004,"VALLEY BL","ALLGEYER AV",0.00,,Y,A,-,N,,,,,,,,,,N,3,0,1,2,-,-,"- ",,,N,D,B,B,A,H,-,A,D,0,Y,,,,Y,,-,"- ",0,1,0,0,1,0,0,0,0,"- ","- ",,,"LOS ANGELES","EL MONTE",-118.01672005,34.061500080000002
6503880,2014,2014-07-30,1953,2014-05-21,1915,7181,PASAD,3,5,6,1953,0,0,0,,0,004,"PALOMA ST","LOMORA AV",15.00,E,N,A,-,N,,,,,,,,,,N,4,0,1,2,A,-,03,22350,,F,G,B,D,A,H,-,A,D,0,Y,,,,Y,,D,22,0,0,1,0,1,0,0,0,0,"- ","- ",,,"LOS ANGELES",PASADENA,-118.08510052,34.159500129999998
6504091,2014,2014-09-12,1942,2014-05-26,1620,40059,1841,1,5,7,1942,0,0,0,R,0,5TL25,"104TH PL","HOOVER ST",162.00,E,N,A,-,N,,,,,,,,,,N,2,0,1,2,A,-,11,21955,,N,G,B,D,A,H,-,A,A,0,Y,,,,Y,,N,60,1,0,0,0,1,0,0,0,0,"- ","- ",,,"LOS ANGELES","LOS ANGELES",-118.28643700000001,33.941527409999999
6504207,2014,2014-07-25,1969,2014-05-12,1311,10171,TRAFF,1,5,5,1969,0,0,0,,0,003,"SAN JUAN AV","TENAYA AV",0.00,,Y,A,-,N,,,,,,,,,,N,4,0,1,2,A,-,10,21950,A,N,G,B,B,A,H,-,A,A,0,Y,,,,Y,,A,01,0,0,1,0,1,0,0,0,0,"- ","- ",,,"LOS ANGELES","SOUTH GATE",-118.20374003000001,33.938620059999998
6504622,2014,2014-07-29,1942,2014-05-16,1900,36607,1835,5,5,7,1942,0,0,0,R,0,3T5,"CENTRAL AV","103RD ST",0.00,,Y,A,-,N,,,,,,,,,,Y,3,0,1,2,A,-,10,21950,A,F,G,B,B,A,H,-,A,A,0,Y,,,,Y,,A,01,0,1,0,0,1,0,0,0,0,"- ","- ",,,"LOS ANGELES","LOS ANGELES",-118.25411013,33.943270050000002
6504626,2014,2016-03-03,1942,2014-05-20,2340,36336,1764,2,5,7,1942,0,0,0,Q,0,16T25,"TAMPA AV","NORDHOFF ST",194.00,S,N,A,-,N,,,,,,,,,,Y,2,0,1,2,A,-,11,21954,A,N,G,B,E,A,H,-,C,D,0,Y,,,,Y,,N,60,1,0,0,0,1,0,0,0,0,"- ","- ",,,"LOS ANGELES","LOS ANGELES",-118.55356,34.234927820000003
6504681,2014,2015-09-28,1942,2014-05-13,1300,26101,1823,2,5,7,1942,0,0,0,R,0,18TL23,"AVALON BL","COLDEN AV",45.00,N,N,A,-,N,,,,,,,,,,N,4,0,1,2,A,-,21,22106,,F,D,J,F,A,H,-,A,D,0,Y,,,,Y,,-,99,0,0,1,0,1,0,0,0,0,"- ","- ",,,"LOS ANGELES","LOS ANGELES",-118.26515999999999,33.94937341
6504721,2014,2014-07-25,1900,2014-05-17,1618,522135,2811,6,5,5,1915,0,0,0,,0,283T2,"SCHOOL ST","WILMINGTON AV",0.00,,Y,A,-,N,,,,,,,,,,N,4,0,1,3,A,-,03,22350,,N,C,B,B,A,H,-,A,D,0,Y,,,,Y,,A,08,0,0,1,0,1,0,0,0,0,"- ","- ",,,"LOS ANGELES",COMPTON,-118.23776004,33.897610020000002
6504770,2014,2014-07-25,1928,2014-05-09,1557,347,532,5,5,5,1928,0,0,0,,0,501,"INGLEWOOD AV","123RD ST",0.00,,Y,A,-,N,,,,,,,,,,N,3,0,1,2,A,-,11,21954,A,N,G,B,D,A,H,-,A,D,0,Y,,,,Y,,N,60,0,1,0,0,1,0,0,0,0,"- ","- ",,,"LOS ANGELES",HAWTHORNE,-118.36130013,33.921430030000003
6505016,2014,2014-07-26,1942,2014-05-21,1315,32973,1372,3,5,7,1942,0,0,0,M,0,11TL32,"SLAUSON AV","MCKINLEY AV",0.00,,Y,A,-,N,,,,,,,,,,N,4,0,1,2,A,-,10,21950,A,F,G,B,B,A,H,-,A,A,0,Y,,,,Y,,-,99,0,0,1,0,1,0,0,0,0,"- ","- ",,,"LOS ANGELES","LOS ANGELES",-118.26086006,33.989280010000002
6505019,2014,2016-04-22,1942,2014-05-23,0730,31152,0201,5,5,7,1942,0,0,0,B,0,2T45,"NORMANDIE AV","MONROE ST",3.00,S,N,A,-,Y,LA,7,101,-,-,5.114,R,4,N,N,4,0,1,2,A,-,10,21950,A,N,G,B,B,A,H,-,A,A,0,Y,,,,Y,,A,01,0,0,1,0,1,0,0,0,0,"- ","- ",,,"LOS ANGELES","LOS ANGELES",-118.30202489,34.085981760000003
6505035,2014,2014-07-26,1942,2014-05-27,1140,37952,0219,2,5,7,1942,0,0,0,B,0,4TL43,"SUNSET BL","MARION AV",12.00,W,N,A,-,N,,,,,,,,,,N,3,0,1,2,A,-,10,21950,A,N,G,B,-,A,H,-,A,A,0,Y,,,,Y,,A,01,0,1,0,0,1,0,0,0,0,"- ","- ",,,"LOS ANGELES","LOS ANGELES",-118.25021834,34.068232170000002
6505083,2014,2014-08-07,1942,2014-05-20,1430,37225,0246,2,5,7,1942,0,0,0,B,0,1TL24,"6TH ST","ALVARADO ST",0.00,,Y,A,-,N,,,,,,,,,,N,3,0,1,2,A,-,11,21953,,N,G,B,B,A,H,-,A,A,0,Y,,,,Y,,-,"- ",0,1,0,0,1,0,0,0,0,"- ","- ",,,"LOS ANGELES","LOS ANGELES",-118.27487001,34.059540079999998
6505087,2014,2014-08-07,1942,2014-05-26,1130,39876,0467,1,5,7,1942,0,0,0,D,0,1TL24,"MOTT ST","GLEASON AV",50.00,S,N,A,-,N,,,,,,,,,,N,3,0,1,2,A,-,11,21955,,N,G,B,D,A,H,-,A,D,0,Y,,,,Y,,N,60,0,1,0,0,1,0,0,0,0,"- ","- ",,,"LOS ANGELES","LOS ANGELES",-118.20664306,34.041061589999998
6505088,2014,2014-08-07,1942,2014-05-20,1600,38554,0455,2,5,7,1942,0,0,0,D,0,4XL2,"SHERIDAN ST","N CUMMINGS ST",40.00,W,N,A,-,N,,,,,,,,,,N,3,0,1,2,A,-,"- ",,,N,G,B,D,A,H,-,A,D,0,Y,,,,Y,,-,"- ",0,1,0,0,1,0,0,0,0,"- ","- ",,,"LOS ANGELES","LOS ANGELES",-118.21031708,34.05231036
6505096,2014,2014-08-07,1942,2014-05-24,0500,35769,0152,6,5,7,1942,0,0,0,A,0,1A61,"6TH ST","FLOWER ST",50.00,E,N,B,-,N,,,,,,,,,,N,4,0,1,2,A,-,11,21954,A,F,B,B,E,A,H,-,C,D,0,Y,,,,Y,,N,60,0,0,1,0,1,0,0,0,0,"- ","- ",,,"LOS ANGELES","LOS ANGELES",-118.2573306,34.050075149999998
6505340,2014,2016-04-22,1900,2014-05-28,1730,480768,2611,3,5,6,1950,0,0,0,,0,262T1,"RT 138","6TH ST EAST",0.00,,Y,A,-,Y,LA,7,138,-,-,44.329,I,6,W,N,3,0,1,2,A,-,10,21950,A,M,H,B,B,A,H,-,A,A,0,Y,,,,Y,,A,01,0,1,0,0,1,0,0,0,0,"- ","- ",,,"LOS ANGELES",PALMDALE,-118.11820720999999,34.57948992
6505376,2014,2014-07-28,1965,2014-05-28,2115,3338,033A,3,5,5,1965,0,0,0,,0,003,"WILSHIRE BL","22ND ST",9.00,E,N,A,-,N,,,,,,,,,,N,3,0,1,2,A,-,10,21950,A,N,G,B,B,A,H,-,C,D,0,Y,,,,Y,,A,01,0,1,0,0,1,0,0,0,0,"- ","- ",,,"LOS ANGELES","SANTA MONICA",-118.48151839000001,34.03274691
6505395,2014,2014-07-25,1955,2014-05-16,1600,40616,52,5,5,6,1955,0,0,0,,0,005,"MISSION BL","DUDLEY AV",0.00,,Y,A,-,N,,,,,,,,,,N,3,0,1,2,A,-,12,21453,A,F,G,B,B,A,H,-,A,A,0,Y,,,,Y,Y,A,01,0,1,0,0,1,0,0,0,0,"- ","- ",,,"LOS ANGELES",POMONA,-117.77360007,34.054530040000003
6505445,2014,2014-07-31,1942,2014-05-19,1515,40245,0667,1,5,7,1942,0,0,0,F,0,6A42,"GOWER ST","LEXINGTON AV",0.00,,Y,A,-,N,,,,,,,,,,N,3,0,2,3,A,-,10,21950,A,N,G,B,B,A,H,-,A,A,0,Y,,,,Y,,A,01,0,2,0,0,2,0,0,0,0,"- ","- ",,,"LOS ANGELES","LOS ANGELES",-118.3222801,34.092560089999999
6505449,2014,2014-07-31,1942,2014-05-26,0115,41282,0646,1,5,7,1942,0,0,0,F,0,6X44,"FOUNTAIN AV","HIGHLAND AV",0.00,,Y,A,-,N,,,,,,,,,,N,3,0,1,2,A,-,17,21451,A,N,G,B,B,A,H,-,C,A,0,Y,,,,Y,,A,01,0,1,0,0,1,0,0,0,0,"- ","- ",,,"LOS ANGELES","LOS ANGELES",-118.33864011999999,34.094370099999999
6505469,2014,2014-07-31,1942,2014-05-20,0635,37469,0887,2,5,7,1942,0,0,0,H,0,6TL7,"BEVERLY DR","CRESTA DR",7.00,E,N,A,-,N,,,,,,,,,,N,4,0,1,2,A,-,10,21950,A,N,G,B,B,A,H,-,A,A,0,Y,,,,Y,,A,01,0,0,1,0,1,0,0,0,0,"- ","- ",,,"LOS ANGELES","LOS ANGELES",-118.39510889,34.046900819999998
6505509,2014,2014-07-31,1942,2014-05-18,0140,41286,0665,7,5,7,1942,0,0,0,F,0,6X66,"SUNSET BL","LAS PALMAS AV",0.00,,Y,A,-,N,,,,,,,,,,N,3,0,1,2,A,-,10,21950,A,N,G,B,C,A,H,-,C,A,0,Y,,,,Y,Y,A,01,0,1,0,0,1,0,0,0,0,"- ","- ",,,"LOS ANGELES","LOS ANGELES",-118.33659007999999,34.097970009999997
6505525,2014,2014-07-28,1942,2014-05-12,1710,37700,1494,1,5,7,1942,0,0,0,N,0,14TL52,"WORLD WAY SOUTH","EAST WY",200.00,W,N,A,-,N,,,,,,,,,,N,4,0,1,2,A,-,21,22106,,F,G,B,E,A,H,-,A,D,0,Y,,,,Y,,-,99,0,0,1,0,1,0,0,0,0,"- ","- ",,,"LOS ANGELES","LOS ANGELES",-118.40238352999999,33.943104740000003
6505669,2014,2014-07-25,1942,2014-05-26,1830,41286,0666,1,5,7,1942,0,0,0,F,0,6X47,"EL CENTRO AV","SANTA MONICA BL",300.00,N,N,A,-,N,,,,,,,,,,N,3,0,1,2,A,-,03,22350,,F,G,B,E,A,E,-,B,D,0,Y,,,,Y,Y,-,99,0,1,0,0,1,0,0,0,0,"- ","- ",,,"LOS ANGELES","LOS ANGELES",-118.32445,34.091562789999998
6505674,2014,2014-07-25,1942,2014-05-24,2045,40315,0829,6,5,7,1942,0,0,0,H,0,8T35,"WILSHIRE BL","COMSTOCK AV",1012.00,E,N,A,-,N,,,,,,,,,,N,2,0,1,2,A,-,12,21453,A,F,G,B,B,A,H,-,C,A,0,Y,,,,Y,,-,99,1,0,0,0,1,0,0,0,0,"- ","- ",,,"LOS ANGELES","LOS ANGELES",-118.42211579000001,34.067750830000001
6505753,2014,2014-08-01,1944,2014-05-27,1305,316,,2,5,4,1944,0,0,0,,0,002,"MANHATTAN BEACH BL","ELM AV",37.00,E,N,A,-,N,,,,,,,,,,N,4,0,1,2,A,-,11,21950,B,N,G,B,E,A,H,-,A,D,0,Y,,,,Y,,N,60,0,0,1,0,1,0,0,0,0,"- ","- ",,,"LOS ANGELES","MANHATTAN BEACH",-118.39770831,33.887419999999999
6505757,2014,2014-08-01,1944,2014-05-04,2013,329,SOUTH,7,5,4,1944,0,0,0,,0,003,"28TH ST","BAYVIEW AV",33.00,W,N,A,-,N,,,,,,,,,,N,3,0,1,2,A,-,11,21954,A,N,G,B,E,A,H,-,D,D,0,Y,,,,Y,,N,60,0,1,0,0,1,0,0,0,0,"- ","- ",,,"LOS ANGELES","MANHATTAN BEACH",-118.41608230999999,33.895129769999997
6505842,2014,2014-08-04,1925,2014-05-31,1909,24341,237,6,5,6,1925,0,0,0,,0,041,"GLENDALE AV",BROADWAY,0.00,,Y,A,-,N,,,,,,,,,,N,4,0,1,2,A,-,10,21950,A,N,G,B,B,A,H,-,A,A,0,Y,,,,Y,,A,01,0,0,1,0,1,0,0,0,0,"- ","- ",,,"LOS ANGELES",GLENDALE,-118.24719008,34.146300099999998
6505846,2014,2014-08-06,1925,2014-05-31,1129,24112,137,6,5,6,1925,0,0,0,,0,005,"CANADA BL","DEL VALLE",3.00,N,N,A,-,N,,,,,,,,,,N,3,0,1,2,A,-,10,21950,A,N,G,B,B,A,H,-,A,A,0,Y,,,,Y,,-,,0,1,0,0,1,0,0,0,0,"- ","- ",,,"LOS ANGELES",GLENDALE,-118.22905,34.184148229999998
6505857,2014,2014-08-04,1925,2014-05-28,0934,20089,242,3,5,6,1925,0,0,0,,0,003,"COLORADO ST","FISCHER ST",0.00,,Y,A,-,N,,,,,,,,,,N,2,0,1,2,A,-,06,21951,,N,G,B,B,A,H,-,A,A,0,Y,,,,Y,,D,22,1,0,0,0,1,0,0,0,0,"- ","- ",,,"LOS ANGELES",GLENDALE,-118.23614006,34.14271007
6505904,2014,2014-07-25,1942,2014-05-24,0925,40119,1088,6,5,7,1942,0,0,0,J,0,9T53,"VENTURA BL","NOELINE AV",17.00,E,N,A,-,N,,,,,,,,,,N,4,0,1,2,A,-,11,21950,B,N,G,B,B,A,H,-,A,A,0,Y,,,,Y,,N,60,0,0,1,0,1,0,0,0,0,"- ","- ",,,"LOS ANGELES","LOS ANGELES",-118.49006453,34.15724307
6505915,2014,2014-07-25,1942,2014-05-18,2015,30983,1722,7,5,7,1942,0,0,0,Q,0,9T53,"TOPANGA CANYON BL","SAN JOSE ST",103.00,N,N,A,-,N,,,,,,,,,,N,4,0,1,2,A,-,03,22350,,F,G,B,E,A,H,-,C,D,0,Y,,,,Y,,-,99,0,0,1,0,1,0,0,0,0,"- ","- ",,,"LOS ANGELES","LOS ANGELES",-118.60607,34.261032559999997
6506032,2014,2016-04-21,1942,2014-05-19,2020,38434,0516,1,5,7,1942,0,0,0,E,0,5X26,"PACIFIC COAST HWY","FRIES AV",25.00,E,N,A,-,Y,LA,7,1,-,-,10.660,H,-,S,N,2,0,1,2,A,-,11,21956,A,F,G,B,D,A,H,-,C,A,0,Y,,,,Y,,N,60,1,0,0,0,1,0,0,0,0,"- ","- ",,,"LOS ANGELES","LOS ANGELES",-118.26554883999999,33.790980990000001
6506071,2014,2014-07-30,1942,2014-05-17,2030,33638,D587,6,5,7,1942,0,0,0,,0,5Z6,"CAROLINA PL","26TH ST",200.00,S,N,A,-,N,,,,,,,,,,N,3,0,1,2,A,-,21,22106,,N,G,B,F,A,H,-,A,D,0,Y,,,,Y,Y,A,01,0,1,0,0,1,0,0,0,0,"- ","- ",,,"LOS ANGELES","LOS ANGELES",-118.29067616,33.7200615
6506249,2014,2014-07-18,1942,2014-04-16,1020,35945,0828,3,5,7,1942,0,0,0,H,0,8TL35,"WILSHIRE BL","SELBY AV",0.00,,Y,A,-,N,,,,,,,,,,N,3,0,1,2,A,-,17,21451,A,N,G,B,B,A,H,-,A,A,0,Y,,,,Y,,A,01,0,1,0,0,1,0,0,0,0,"- ","- ",,,"LOS ANGELES","LOS ANGELES",-118.43797001,34.060360009999997
6506406,2014,2014-07-15,1947,2014-04-11,2015,1397,,5,5,5,1947,0,0,0,,0,00B,"BEVERLY BL","HOWARD AV",0.00,,Y,A,-,N,,,,,,,,,,N,4,0,1,2,A,-,11,21461,5,N,A,B,B,A,H,-,C,A,0,Y,,,,Y,,N,60,0,0,1,0,1,0,0,0,0,"- ","- ",,,"LOS ANGELES",MONTEBELLO,-118.11018009999999,34.018070100000003
6506410,2014,2014-07-18,1947,2014-04-20,1817,1402,,7,5,5,1947,0,0,0,,0,02C,"BEVERLY BL","WILCOX AV",117.00,E,N,A,-,N,,,,,,,,,,Y,3,0,2,2,A,-,08,22107,,N,G,B,F,A,H,-,A,A,0,Y,,,,Y,,A,01,0,1,1,0,1,0,0,0,0,"- ","- ",,,"LOS ANGELES",MONTEBELLO,-118.1225065,34.020641240000003
6506456,2014,2014-07-18,1942,2014-04-21,1940,40157,1407,1,5,7,1942,0,0,0,N,0,8T35,"VENICE BL","MOTOR AV",0.00,,Y,A,-,N,,,,,,,,,,N,3,0,1,2,A,-,10,21950,A,N,G,B,B,A,H,-,C,A,0,Y,,,,Y,,A,07,0,1,0,0,1,0,0,0,0,"- ","- ",,,"LOS ANGELES","LOS ANGELES",-118.40397007999999,34.020490019999997
6506583,2014,2014-06-24,1942,2014-04-18,1800,40497,2035,5,5,7,1942,0,0,0,,0,20A16,"S MARIPOSA AV","WILSHIRE BL",255.00,S,N,A,-,N,,,,,,,,,,N,3,0,1,2,A,-,11,21955,,N,G,B,D,A,H,-,A,D,0,Y,,,,Y,,N,60,0,1,0,0,1,0,0,0,0,"- ","- ",,,"LOS ANGELES","LOS ANGELES",-118.29918000000001,34.06176
6506820,2014,2015-03-12,1942,2014-04-18,1520,39152,2024,5,5,7,1942,0,0,0,,0,20A1,"S HARVARD BL","WILSHIRE BL",30.00,N,N,A,-,N,,,,,,,,,,N,4,0,1,2,A,-,21,22106,,N,C,B,D,A,H,-,A,D,0,Y,,,,Y,,A,01,0,0,1,0,1,0,0,0,0,"- ","- ",,,"LOS ANGELES","LOS ANGELES",-118.30422,34.06174
6506856,2014,2014-06-25,1972,2014-04-21,2015,18192,,1,5,6,1972,0,0,0,,0,,MAPLE,226TH,5.00,N,N,A,-,N,,,,,,,,,,N,4,0,1,2,A,-,10,21950,A,N,A,B,B,A,H,-,C,A,0,Y,,,,Y,,A,,0,0,1,0,1,0,0,0,0,"- ","- ",,,"LOS ANGELES",TORRANCE,-118.34014969,33.822383709999997
6506863,2014,2014-06-25,1942,2014-04-24,1920,25495,2031,4,5,7,1942,0,0,0,,0,7T23,"WILSHIRE BL","SAINT ANDREWS PL",8.00,E,N,A,-,N,,,,,,,,,,N,2,0,1,2,A,-,11,21453,D,N,G,E,B,A,H,-,A,A,0,Y,,,,Y,,N,60,1,0,0,0,1,0,0,0,0,"- ","- ",,,"LOS ANGELES","LOS ANGELES",-118.31154364,34.061689999999999
6506867,2014,2014-06-25,1942,2014-04-25,1805,32565,2073,5,5,7,1942,0,0,0,,0,20TL56,"OXFORD AV","15TH ST",78.00,N,N,B,-,N,,,,,,,,,,N,3,0,1,2,A,-,11,21954,A,F,G,B,D,A,H,-,A,A,0,Y,,,,Y,,N,60,0,1,0,0,1,0,0,0,0,"- ","- ",,,"LOS ANGELES","LOS ANGELES",-118.30693771999999,34.04561391
6507311,2014,2014-08-09,1942,2014-06-12,1842,38033,1025,4,5,7,1942,0,0,0,J,0,19T72,"SHERMAN WY","RESEDA BL",0.00,,Y,A,-,N,,,,,,,,,,N,3,0,1,2,A,-,10,21950,A,N,G,-,B,A,H,-,A,A,0,Y,,,,Y,,D,22,0,1,0,0,1,0,0,0,0,"- ","- ",,,"LOS ANGELES","LOS ANGELES",-118.53604003,34.201180049999998
6507351,2014,2014-08-09,1942,2014-06-09,2320,40567,2146,1,5,7,1942,0,0,0,,0,10T37,"VANOWEN ST","ETON AV",112.00,W,N,A,-,N,,,,,,,,,,Y,4,0,1,2,A,-,08,22107,,N,A,B,F,A,H,-,C,D,0,Y,,,,Y,,D,22,0,0,1,0,1,0,0,0,0,"- ","- ",,,"LOS ANGELES","LOS ANGELES",-118.59583976,34.193750000000001
6507772,2014,2014-07-16,1942,2014-04-27,1940,38600,0551,7,5,7,1942,0,0,0,E,0,5A58,"1ST ST","DUNN ST",50.00,W,N,A,-,N,,,,,,,,,,N,4,0,1,2,A,-,11,21953,,F,G,B,E,A,H,-,B,D,0,Y,,,,Y,,N,60,0,0,1,0,1,0,0,0,0,"- ","- ",,,"LOS ANGELES","LOS ANGELES",-118.30068415,33.743360000000003
6507799,2014,2014-07-18,1972,2014-04-14,1509,17649,,1,5,6,1972,0,0,0,,0,,"PRAIRIE AV","183RD ST",0.00,,Y,A,-,N,,,,,,,,,,N,3,0,2,3,A,-,11,21954,A,N,G,B,D,A,H,-,A,A,0,Y,,,,Y,,N,,0,2,0,0,2,0,0,0,0,"- ","- ",,,"LOS ANGELES",TORRANCE,-118.34381001,33.864600090000003