CASE_ID,ACCIDENT_YEAR,PROC_DATE,JURIS,COLLISION_DATE,COLLISION_TIME,OFFICER_ID,REPORTING_DISTRICT,DAY_OF_WEEK,CHP_SHIFT,POPULATION,CNTY_CITY_LOC,SPECIAL_COND,BEAT_TYPE,CHP_BEAT_TYPE,CITY_DIVISION_LAPD,CHP_BEAT_CLASS,BEAT_NUMBER,PRIMARY_RD,SECONDARY_RD,DISTANCE,DIRECTION,INTERSECTION,WEATHER_1,WEATHER_2,STATE_HWY_IND,CALTRANS_COUNTY,CALTRANS_DISTRICT,STATE_ROUTE,ROUTE_SUFFIX,POSTMILE_PREFIX,POSTMILE,LOCATION_TYPE,RAMP_INTERSECTION,SIDE_OF_HWY,TOW_AWAY,COLLISION_SEVERITY,NUMBER_KILLED,NUMBER_INJURED,PARTY_COUNT,PRIMARY_COLL_FACTOR,PCF_CODE_OF_VIOL,PCF_VIOL_CATEGORY,PCF_VIOLATION,PCF_VIOL_SUBSECTION,HIT_AND_RUN,TYPE_OF_COLLISION,MVIW,PED_ACTION,ROAD_SURFACE,ROAD_COND_1,ROAD_COND_2,LIGHTING,CONTROL_DEVICE,CHP_ROAD_TYPE,PEDESTRIAN_ACCIDENT,BICYCLE_ACCIDENT,MOTORCYCLE_ACCIDENT,TRUCK_ACCIDENT,NOT_PRIVATE_PROPERTY,ALCOHOL_INVOLVED,STWD_VEHTYPE_AT_FAULT,CHP_VEHTYPE_AT_FAULT,COUNT_SEVERE_INJ,COUNT_VISIBLE_INJ,COUNT_COMPLAINT_PAIN,COUNT_PED_KILLED,COUNT_PED_INJURED,COUNT_BICYCLIST_KILLED,COUNT_BICYCLIST_INJURED,COUNT_MC_KILLED,COUNT_MC_INJURED,PRIMARY_RAMP,SECONDARY_RAMP,LATITUDE,LONGITUDE,COUNTY,CITY,POINT_X,POINT_Y
6514916,2014,2014-06-26,1948,2014-02-18,1458,356,1948,2,5,5,1948,0,0,0,,0,,"N ALHAMBRA AV","EMERSON AV",0.00,,Y,A,-,N,,,,,,,,,,N,4,0,1,2,D,-,00,,,F,G,B,B,A,H,-,A,A,0,Y,,,,Y,,-,"- ",0,0,1,0,1,0,0,0,0,"- ","- ",,,"LOS ANGELES","MONTEREY PARK",-118.11683001999999,34.066170030000002
6514963,2014,2014-07-09,9565,2014-02-23,1830,020480,,7,2,9,1900,0,3,5,,2,002,"VAN BUREN AV","111TH ST",600.00,S,N,A,-,N,,,,,,,,,,N,3,0,1,2,A,-,11,21954,A,N,G,B,D,A,H,-,C,D,0,Y,,,,Y,,N,60,0,1,0,0,1,0,0,0,0,"- ","- ",33.931620000000002,-118.30019,"LOS ANGELES",UNINCORPORATED,-118.29669,33.93294444
6514975,2014,2014-07-09,1942,2014-02-04,1410,36752,,2,5,7,1942,0,0,0,,0,,"9TH AV","MARTIN LUTHER KING",60.00,S,N,A,-,N,,,,,,,,,,N,4,0,1,2,A,-,11,21956,A,F,G,B,E,A,H,-,A,A,0,Y,,,,Y,,N,60,0,0,1,0,1,0,0,0,0,"- ","- ",,,"LOS ANGELES","LOS ANGELES",-118.32715377,34.010729529999999
6515183,2014,2014-08-04,1942,2014-05-24,2225,36801,1555,6,5,7,1942,0,0,0,O,0,15A21,"TUJUNGA AV","HUSTON ST",0.00,,Y,A,-,N,,,,,,,,,,N,3,0,1,2,A,-,"- ",,,N,G,B,C,A,H,-,D,D,0,Y,,,,Y,Y,A,01,0,1,0,0,1,0,0,0,0,"- ","- ",,,"LOS ANGELES","LOS ANGELES",-118.37900999999999,34.159930109999998
6515214,2014,2014-07-18,1965,2014-04-24,0830,2539,0B2A,4,5,5,1965,0,0,0,,0,B002,"LINCOLN BL","RAYMOND ST",50.00,N,N,A,-,N,,,,,,,,,,Y,3,0,1,2,A,-,09,21804,,F,D,B,F,A,H,-,A,D,0,Y,,,,Y,,A,01,0,1,0,0,1,0,0,0,0,"- ","- ",,,"LOS ANGELES","SANTA MONICA",-118.47408263,34.005291540000002
6515231,2014,2014-08-09,1941,2014-05-05,2226,10545,,1,5,7,1941,0,0,0,,0,,"LOCUST AV","12TH ST",125.00,N,N,A,-,N,,,,,,,,,,,3,0,2,3,A,-,00,20001,A,M,C,B,D,A,H,-,C,D,0,Y,,,,Y,Y,A,,0,2,0,0,2,0,0,0,0,"- ","- ",,,"LOS ANGELES","LONG BEACH",-118.19149612,33.781782759999999
6515234,2014,2016-04-22,1976,2014-04-10,1955,297,,4,5,5,1976,0,0,0,,0,002,"WHITTIER BL","HADLEY ST",85.00,E,N,A,-,Y,LA,7,72,-,-,5.480,H,-,N,N,3,0,1,2,A,-,09,21804,A,F,G,B,E,A,H,-,C,D,0,Y,,,,Y,,A,01,0,1,0,0,1,0,0,0,0,"- ","- ",,,"LOS ANGELES",WHITTIER,-118.05343713000001,33.982803369999999
6515255,2014,2014-08-06,1942,2014-05-07,1430,35798,1913,3,5,7,1942,0,0,0,,0,19A7,"HERRICK AV","LA MESA ST",0.00,,Y,B,-,N,,,,,,,,,,N,4,0,1,2,A,-,12,22450,A,N,H,B,B,A,H,-,A,A,0,Y,,,,Y,,A,01,0,0,1,0,1,0,0,0,0,"- ","- ",,,"LOS ANGELES","LOS ANGELES",-118.46576999,34.315020109999999
6515261,2014,2014-07-18,1942,2014-04-02,0715,35221,0668,3,5,7,1942,0,0,0,F,0,20TL55,"SUNSET BL","WESTERN AV",3.00,E,N,A,-,N,,,,,,,,,,N,4,0,1,2,A,-,11,21950,B,N,G,B,B,A,H,-,A,A,0,Y,,,,Y,,N,60,0,0,1,0,1,0,0,0,0,"- ","- ",,,"LOS ANGELES","LOS ANGELES",-118.30921011,34.098100000000002
6515308,2014,2014-08-05,1941,2014-05-03,2023,6183,,6,5,7,1941,0,0,0,,0,,"WILLOW ST","OREGON AV",0.00,,Y,A,-,N,,,,,,,,,,N,2,0,1,2,A,-,10,21950,A,N,G,B,D,A,H,-,C,A,0,Y,,,,Y,Y,A,,1,0,0,0,1,0,0,0,0,"- ","- ",,,"LOS ANGELES","LONG BEACH",-118.20138013,33.804450019999997
6515316,2014,2014-08-11,1941,2014-05-08,2335,10247,,4,5,7,1941,0,0,0,,0,,"PACIFIC AV","12TH ST",45.00,S,N,A,-,N,,,,,,,,,,N,4,0,1,2,A,-,11,21954,A,N,G,B,D,A,H,-,C,D,0,Y,,,,Y,,N,,0,0,1,0,1,0,0,0,0,"- ","- ",,,"LOS ANGELES","LONG BEACH",-118.19373,33.781316590000003
6515328,2014,2014-08-09,1942,2014-05-07,1230,38181,1622,3,5,7,1942,0,0,0,P,0,10TL34,"FILMORE ST","GLENOAKS BL",12.00,W,N,A,-,N,,,,,,,,,,N,4,0,1,2,A,-,10,21950,A,F,G,B,B,A,H,-,A,A,0,Y,,,,Y,,-,99,0,0,1,0,1,0,0,0,0,"- ","- ",,,"LOS ANGELES","LOS ANGELES",-118.41484971,34.276628209999998
6515404,2014,2014-08-09,1942,2014-05-19,1805,38033,1555,1,5,7,1942,0,0,0,O,0,19TL72,"KLUMP AV","MAGNOLIA BL",5.00,S,N,A,-,N,,,,,,,,,,N,4,0,1,2,A,-,11,21950,B,N,D,B,B,A,H,-,A,A,0,Y,,,,Y,,N,60,0,0,1,0,1,0,0,0,0,"- ","- ",,,"LOS ANGELES","LOS ANGELES",-118.37575993,34.164916290000001
6515423,2014,2014-08-08,1942,2014-05-05,1940,40058,0833,1,5,7,1942,0,0,0,H,0,20T59,"WESTWOOD BL","OHIO AV",0.00,,Y,A,-,N,,,,,,,,,,N,4,0,1,2,A,-,10,21950,A,N,G,B,B,A,H,-,B,A,0,Y,,,,Y,,A,01,0,0,1,0,1,0,0,0,0,"- ","- ",,,"LOS ANGELES","LOS ANGELES",-118.4407301,34.054100050000002
6515467,2014,2014-08-05,1928,2014-05-30,0821,342,520,5,5,5,1928,0,0,0,,0,503,"CRENSHAW BL","ROSECRANS AV",0.00,,Y,A,-,N,,,,,,,,,,N,4,0,1,2,A,-,10,21950,A,N,G,B,B,A,H,-,A,A,0,Y,,,,Y,,A,07,0,0,1,0,1,0,0,0,0,"- ","- ",,,"LOS ANGELES",HAWTHORNE,-118.32653005,33.901930059999998
6515536,2014,2016-04-20,9525,2014-05-21,2325,18926,,3,3,6,1955,0,1,3,,2,572,"RT 57","TEMPLE AV",725.00,S,N,A,-,Y,LA,7,57,-,-,6.030,H,-,N,Y,3,0,3,4,A,-,03,22350,,N,C,C,-,A,H,-,C,D,1,Y,,,,Y,Y,A,07,0,1,2,0,1,0,0,0,0,"- ","- ",34.038460000000001,-117.80415000000001,"LOS ANGELES",POMONA,-117.80164529,34.04149117
6515612,2014,2014-08-05,1955,2014-05-17,2345,30284,43,6,5,6,1955,0,0,0,,0,001,"ACADEMY AV","AUGUSTA ST",336.00,W,N,A,-,N,,,,,,,,,,N,3,0,1,2,A,-,11,21954,A,N,G,B,D,A,H,-,E,A,0,Y,,,,Y,Y,N,60,0,1,0,0,1,0,0,0,0,"- ","- ",,,"LOS ANGELES",POMONA,-117.79720531,34.067729530000001
6515636,2014,2014-08-05,1955,2014-05-01,2330,40155,0100,4,5,6,1955,0,0,0,,0,003,"E MONTEREY AV","TOWNE AV",6.00,E,N,A,-,N,,,,,,,,,,N,4,0,1,2,D,-,00,,,F,G,B,B,A,H,-,C,A,0,Y,,,,Y,,-,"- ",0,0,1,0,1,0,0,0,0,"- ","- ",,,"LOS ANGELES",POMONA,-117.74150025,34.060750540000001
6515644,2014,2014-08-21,1955,2014-05-27,0741,40386,0082,2,5,6,1955,0,0,0,,0,005,"PHILLIPS BL","HAMILTON AV",66.00,E,N,A,-,N,,,,,,,,,,N,3,0,1,2,A,-,10,21954,B,N,G,B,D,A,H,-,A,A,0,Y,,,,Y,,A,08,0,1,0,0,1,0,0,0,0,"- ","- ",,,"LOS ANGELES",POMONA,-117.76347269,34.043852289999997
6515662,2014,2014-08-07,1942,2014-05-24,0925,36257,1951,6,5,7,1942,0,0,0,,0,19TL73,"BLACKHAWK ST","DEVONSHIRE ST",6.00,N,N,B,-,N,,,,,,,,,,N,3,0,1,2,A,-,12,22450,A,N,G,B,B,A,H,-,A,A,0,Y,,,,Y,,A,01,0,1,0,0,1,0,0,0,0,"- ","- ",,,"LOS ANGELES","LOS ANGELES",-118.47067066,34.257336449999997
6515748,2014,2016-04-22,1900,2014-05-26,1240,508822,1335,1,5,5,1908,0,0,0,,0,133T1,"RT 19","ROSE ST",300.00,,N,A,-,Y,LA,7,19,-,-,5.590,H,-,S,N,4,0,1,2,A,-,11,21954,A,N,G,B,D,A,H,-,A,D,0,Y,,,,Y,,N,60,0,0,1,0,1,0,0,0,0,"- ","- ",,,"LOS ANGELES",BELLFLOWER,-118.14266268999999,33.87044478
6515764,2014,2014-08-20,1955,2014-06-11,2207,40616,80,3,5,6,1955,0,0,0,,0,005,"GAREY AV","6TH ST",40.00,S,N,A,-,N,,,,,,,,,,N,3,0,1,2,A,-,11,21954,A,N,G,B,D,A,H,-,C,D,0,Y,,,,Y,Y,N,60,0,1,0,0,1,0,0,0,0,"- ","- ",,,"LOS ANGELES",POMONA,-117.75,34.054070359999997
6515812,2014,2015-12-16,9545,2014-06-15,0050,019951,,7,3,9,1900,0,3,5,,2,004,"87TH ST EAST","AVENUE T-10",10.00,N,N,A,-,N,,,,,,,,,,N,3,0,1,2,A,-,11,21955,,F,G,B,D,A,H,-,D,D,0,Y,,,,Y,,N,60,0,1,0,0,1,0,0,0,0,"- ","- ",34.533969999999997,-117.97485,"LOS ANGELES",UNINCORPORATED,-117.97484,34.533837409999997
6515905,2014,2014-08-08,1941,2014-06-06,1329,5737,,5,5,7,1941,0,0,0,,0,,CHESTNUT,6TH,0.00,,Y,A,-,N,,,,,,,,,,N,4,0,1,2,A,-,03,22350,,N,D,B,B,A,H,-,A,A,0,Y,,,,Y,Y,A,,0,0,1,0,1,0,0,0,0,"- ","- ",,,"LOS ANGELES","LONG BEACH",-118.19636011999999,33.774140019999997
6515965,2014,2014-08-04,1942,2014-05-15,2150,40567,2155,4,5,7,1942,0,0,0,,0,10T35,"SHOUP AV","VICTORY BL",40.00,N,N,A,-,N,,,,,,,,,,N,4,0,1,2,A,-,11,21954,A,N,A,B,D,A,H,-,C,A,0,Y,,,,Y,,N,60,0,0,1,0,1,0,0,0,0,"- ","- ",,,"LOS ANGELES","LOS ANGELES",-118.61457253,34.186559709999997
6515997,2014,2014-08-04,1900,2014-05-19,1605,525205,2842,1,5,5,1915,0,0,0,,0,283T1,"ARTESIA BL","SANTA FE AV",70.00,W,N,A,-,N,,,,,,,,,,N,4,0,1,2,A,-,11,21955,,N,G,B,D,A,H,-,A,D,0,Y,,,,Y,,N,60,0,0,1,0,1,0,0,0,0,"- ","- ",,,"LOS ANGELES",COMPTON,-118.21476014,33.87424
6516046,2014,2014-08-05,1900,2014-05-30,0745,232688,1131,5,5,6,1992,0,0,0,,0,111TFD,"6TH ST E","AVENUE H-11",21.00,N,N,A,-,N,,,,,,,,,,N,4,0,1,2,A,-,10,21950,A,N,G,B,B,A,H,-,A,A,0,Y,,,,Y,,A,01,0,0,1,0,1,0,0,0,0,"- ","- ",,,"LOS ANGELES",LANCASTER,-118.11962024,34.70885758
6516084,2014,2016-04-23,9545,2014-06-08,0001,20655,,7,3,6,1950,0,1,3,,2,021,"RT 14","PALMDALE BL",285.00,W,N,A,-,Y,LA,7,14,-,R,59.740,R,3,N,Y,3,0,1,2,A,-,11,21950,B,N,F,A,C,A,H,-,C,D,1,Y,,Y,,Y,Y,N,60,0,1,0,0,0,0,0,0,1,FR,"- ",34.580680000000001,-118.13274,"LOS ANGELES",PALMDALE,-118.13364965,34.580516340000003
6516207,2014,2014-08-08,1942,2014-06-10,2320,39184,0231,2,5,7,1942,0,0,0,B,0,13TL53,"BEVERLY BL","S VENDOME ST",84.00,E,N,A,-,N,,,,,,,,,,N,3,0,1,2,A,-,11,21954,A,F,G,B,D,A,H,-,C,D,0,Y,,,,Y,Y,N,60,0,1,0,0,1,0,0,0,0,"- ","- ",,,"LOS ANGELES","LOS ANGELES",-118.28194581,34.071701470000001
6517001,2014,2014-08-06,1925,2014-06-14,1746,22104,260,6,5,6,1925,0,0,0,,0,002,"CENTRAL AV","AMERICANA WY",0.00,,Y,A,-,N,,,,,,,,,,N,3,0,1,2,A,-,10,21950,C,F,G,B,B,A,H,-,A,A,0,Y,,,,Y,,A,,0,1,0,0,1,0,0,0,0,"- ","- ",,,"LOS ANGELES",GLENDALE,-118.25790010999999,34.144390059999999
6517024,2014,2016-04-21,9590,2014-06-12,2200,20409,,4,3,7,1942,0,1,2,,2,073,"RT 101","HOLLYWOOD BL",5.00,N,N,A,-,Y,LA,7,101,-,-,6.631,R,1,S,N,4,0,1,2,A,-,10,21950,A,N,G,B,B,A,H,-,C,A,1,Y,,,,Y,,A,07,0,0,1,0,1,0,0,0,0,"- ","- ",34.10183,-118.31716,"LOS ANGELES","LOS ANGELES",-118.31782109,34.102881879999998
6517296,2014,2014-08-09,1953,2014-06-12,2245,7720,1953,4,5,6,1953,0,0,0,,0,002,"FAIR OAKS AV","CEDAR ST",150.00,N,N,A,-,N,,,,,,,,,,N,3,0,1,2,A,-,11,21956,,F,G,B,D,A,H,-,D,D,0,Y,,,,Y,Y,N,60,0,1,0,0,1,0,0,0,0,"- ","- ",,,"LOS ANGELES",PASADENA,-118.15070437999999,34.171031300000003
6517505,2014,2014-08-08,1942,2014-06-11,1900,40074,0423,3,5,7,1942,0,0,0,D,0,2T15,"GATES ST","MAIN ST",25.00,E,N,A,-,N,,,,,,,,,,N,3,0,1,2,A,-,11,21954,A,N,G,B,D,A,H,-,A,A,0,Y,,,,Y,,N,60,0,1,0,0,1,0,0,0,0,"- ","- ",,,"LOS ANGELES","LOS ANGELES",-118.20618,34.066009999999999
6517545,2014,2016-04-21,1956,2014-06-12,1410,1192,08,4,5,5,1956,0,0,0,,0,001,"RT 1","AVENUE B",4.00,S,N,A,-,Y,LA,7,1,-,-,18.721,I,6,N,N,4,0,1,2,A,-,11,21950,B,N,D,B,D,A,H,-,A,A,0,Y,,,,Y,,N,60,0,0,1,0,1,0,0,0,0,"- ","- ",,,"LOS ANGELES","REDONDO BEACH",-118.38563047,33.826703049999999
6517570,2014,2014-08-08,1953,2014-06-10,1917,7867,,2,5,6,1953,0,0,0,,0,003,"MAPLE ST","LAKE AV",80.00,E,N,A,-,N,,,,,,,,,,N,4,0,1,2,A,-,11,21956,A,N,A,B,-,A,H,-,A,A,0,Y,,,,Y,,N,60,0,0,1,0,1,0,0,0,0,"- ","- ",,,"LOS ANGELES",PASADENA,-118.13209614,34.152329999999999
6518009,2014,2014-08-11,1909,2014-06-01,2111,527,1909,7,5,4,1909,0,0,0,,0,NORTH,"JABONERIA RD","LUDELL ST",0.00,,Y,A,-,N,,,,,,,,,,N,4,0,1,3,A,-,10,21950,A,N,G,B,D,A,H,-,C,D,0,Y,,,,Y,,-,,0,0,1,0,1,0,0,0,0,"- ","- ",,,"LOS ANGELES","BELL GARDENS",-118.15697011,33.968170069999999
6518057,2014,2014-08-11,1900,2014-06-02,1802,448685,1510,1,5,5,1954,0,0,0,,0,151T1,"BEVERLY BL","ACACIA AV",12.00,W,N,A,-,N,,,,,,,,,,N,4,0,1,2,A,-,05,21650,1,N,D,C,-,A,H,-,A,A,0,Y,Y,,,Y,,N,60,0,0,1,0,0,0,1,0,0,"- ","- ",,,"LOS ANGELES","PICO RIVERA",-118.08311677,34.011242039999999
6518640,2014,2014-07-30,1976,2014-05-22,1025,850,,4,5,5,1976,0,0,0,,0,002,"PHILADELPHIA ST","WHITTIER AV",0.00,,Y,A,-,N,,,,,,,,,,N,4,0,1,2,A,-,11,21950,B,N,G,B,B,A,H,-,A,A,0,Y,,,,Y,,N,60,0,0,1,0,1,0,0,0,0,"- ","- ",,,"LOS ANGELES",WHITTIER,-118.04318010999999,33.97911002
6518807,2014,2014-08-01,9565,2014-05-06,0730,19362,,2,1,9,1900,0,3,5,,2,002,"121ST ST","NORMANDIE AV",10.00,W,N,A,-,N,,,,,,,,,,N,4,0,1,2,A,-,10,21950,A,F,G,B,B,A,H,-,A,D,0,Y,,,,Y,,A,01,0,0,1,0,1,0,0,0,0,"- ","- ",,,"LOS ANGELES",UNINCORPORATED,-118.30040289999999,33.923050170000003
6518831,2014,2014-08-01,9565,2014-05-07,1315,16326,,3,1,9,1900,0,3,5,,2,003,"FRESHMAN DR","STOCKER ST",0.00,,Y,A,-,N,,,,,,,,,,N,2,0,1,2,A,-,11,21954,A,N,D,B,D,A,H,-,A,D,0,Y,,,,Y,,N,60,1,0,0,0,1,0,0,0,0,"- ","- ",34.002000000000002,-118.39064,"LOS ANGELES",UNINCORPORATED,-118.39071009,34.002030060000003
6518844,2014,2014-08-04,9550,2014-05-14,0055,18834,,3,3,9,1900,0,3,5,,2,005,"BATSON AV","CAMINO BELLO",75.00,N,N,A,-,N,,,,,,,,,,N,2,0,1,2,A,-,11,21954,A,N,G,B,D,A,H,-,C,D,0,Y,,,,Y,,N,60,1,0,0,0,1,0,0,0,0,"- ","- ",33.987439999999999,-117.90393,"LOS ANGELES",UNINCORPORATED,-117.90395427999999,33.987485579999998
6519253,2014,2014-08-08,1900,2014-06-07,1120,520027,2840,6,5,5,1915,0,0,0,,0,282,"WILLOWBROOK AV","COMPTON BL",0.00,S,N,A,-,N,,,,,,,,,,N,4,0,1,2,A,-,10,21952,,N,D,B,B,A,H,-,A,D,0,Y,,,,Y,,A,01,0,0,1,0,1,0,0,0,0,"- ","- ",,,"LOS ANGELES",COMPTON,-118.22438,33.895990050000002
6519273,2014,2014-08-08,1941,2014-06-01,1114,6263,,7,5,7,1941,0,0,0,,0,,"PACIFIC COAST HWY","2ND ST",100.00,S,N,A,-,N,,,,,,,,,,N,3,0,1,2,A,-,11,21955,,N,G,B,D,A,H,-,A,A,0,Y,,,,Y,,N,,0,1,0,0,1,0,0,0,0,"- ","- ",,,"LOS ANGELES","LONG BEACH",-118.11097100000001,33.757849
6519289,2014,2014-07-31,1965,2014-05-29,1225,3566,0B3D,4,5,5,1965,0,0,0,,0,B003,"MICHIGAN AV","9TH ST",77.00,W,N,A,-,N,,,,,,,,,,N,4,0,1,2,A,-,11,21954,A,N,G,B,D,A,H,-,A,D,0,Y,,,,Y,,N,60,0,0,1,0,1,0,0,0,0,"- ","- ",,,"LOS ANGELES","SANTA MONICA",-118.48400986999999,34.014451080000001
6520008,2014,2015-03-26,9565,2014-05-08,0730,19362,,4,1,9,1900,0,3,5,,2,002,"120TH ST","NORMANDIE AV",10.00,E,N,A,-,N,,,,,,,,,,N,4,0,1,2,A,-,10,21950,A,N,G,B,B,A,H,-,A,A,0,Y,,,,Y,,A,01,0,0,1,0,1,0,0,0,0,"- ","- ",33.923969999999997,-118.30025000000001,"LOS ANGELES",UNINCORPORATED,-118.3003271,33.923960000000001
6520094,2014,2014-07-17,1973,2014-03-17,0642,636,1973,1,5,1,1973,0,0,0,,0,001,"PACIFIC BL","LEONIS BL",8.00,N,N,A,-,N,,,,,,,,,,N,3,0,1,2,A,-,10,21950,A,N,G,B,B,A,H,-,A,A,0,Y,,,,Y,,-,,0,1,0,0,1,0,0,0,0,"- ","- ",,,"LOS ANGELES",VERNON,-118.22525028,34.00003194
6520254,2014,2014-08-11,1942,2014-06-05,1555,33779,0969,4,5,7,1942,0,0,0,I,0,15T44,"HARTSOOK ST","ETHEL AV",535.00,E,N,A,-,N,,,,,,,,,,N,3,0,1,2,B,-,22,,,N,G,B,F,A,H,-,A,A,0,Y,,,,Y,,A,01,0,1,0,0,1,0,0,0,0,"- ","- ",,,"LOS ANGELES","LOS ANGELES",-118.41639469,34.163965930000003
6520277,2014,2014-08-11,1942,2014-06-03,0210,37080,0963,2,5,7,1942,0,0,0,I,0,21T65,"VAN NUYS BL","ADDISON ST",0.00,,Y,A,-,N,,,,,,,,,,N,2,0,1,2,A,-,12,21453,A,F,G,B,B,A,H,-,A,A,0,Y,,,,Y,,-,99,1,0,0,0,1,0,0,0,0,"- ","- ",,,"LOS ANGELES","LOS ANGELES",-118.44869009999999,34.161220040000003
6520289,2014,2014-08-11,1942,2014-06-01,1910,37637,1037,7,5,7,1942,0,0,0,J,0,15T45,"BALBOA BL","VICTORY BL",2335.00,S,N,A,-,N,,,,,,,,,,N,3,0,1,2,B,-,22,,,N,G,B,F,A,H,-,A,D,0,Y,Y,,,Y,,L,04,0,1,0,0,1,0,0,0,0,"- ","- ",,,"LOS ANGELES","LOS ANGELES",-118.50126,34.180232629999999
6521527,2014,2014-08-05,1928,2014-05-05,0915,324,521,1,5,5,1928,0,0,0,,0,503,"YUKON AV","MARINE AV",300.00,N,N,A,-,N,,,,,,,,,,N,3,0,1,2,A,-,11,21954,A,N,G,B,D,A,H,-,A,D,0,Y,,,,Y,,N,60,0,1,0,0,1,0,0,0,0,"- ","- ",,,"LOS ANGELES",HAWTHORNE,-118.33520421,33.895612800000002
6521599,2014,2015-09-25,1928,2014-05-06,2252,314,531,2,5,5,1928,0,0,0,,0,501,"IMPERIAL HWY","EUCALYPTUS AV",0.00,,Y,A,-,N,,,,,,,,,,N,3,0,1,2,A,-,11,21954,A,N,B,B,D,A,H,-,C,D,0,Y,,,,Y,Y,N,60,0,1,0,0,1,0,0,0,0,"- ","- ",,,"LOS ANGELES",HAWTHORNE,-118.35915007,33.930950090000003
6522109,2014,2014-07-09,1942,2014-03-04,1430,41339,676,2,5,7,1942,0,0,0,,0,6L50,"MELROSE AV","OXFORD AV",5.00,S,N,A,-,N,,,,,,,,,,N,4,0,1,2,A,-,"- ",,,F,G,B,B,A,H,-,A,D,0,Y,,,,Y,,-,"- ",0,0,1,0,1,0,0,0,0,"- ","- ",,,"LOS ANGELES","LOS ANGELES",-118.30797,34.083509999999997
6522117,2014,2014-07-08,1975,2014-03-28,0736,395,52,5,5,6,1975,0,0,0,,0,003,"SUNSET AV","ROBERT O YOUNG",316.00,N,N,A,-,N,,,,,,,,,,N,3,0,1,2,A,-,11,21950,B,N,G,B,D,A,H,-,A,D,0,Y,,,,Y,,N,60,0,1,0,0,1,0,0,0,0,"- ","- ",,,"LOS ANGELES","WEST COVINA",-117.936649,34.071379
6522129,2014,2014-07-08,1942,2014-03-20,1330,37880,1245,4,5,7,1942,0,0,0,L,0,12A45,"56TH ST","HOOVER ST",800.00,E,N,A,-,N,,,,,,,,,,N,3,0,1,2,A,-,21,22106,,N,C,B,F,A,H,-,A,D,0,Y,,,,Y,Y,A,07,0,1,0,0,1,0,0,0,0,"- ","- ",,,"LOS ANGELES","LOS ANGELES",-118.28450606,33.991447739999998
6522141,2014,2014-07-08,1942,2014-03-29,1845,35881,1257,6,5,7,1942,0,0,0,L,0,12X68,"77TH ST","FIGUEROA ST",200.00,W,N,A,-,N,,,,,,,,,,N,4,0,1,2,A,-,11,21956,,N,G,B,D,A,H,-,A,D,0,Y,,,,Y,,N,60,0,0,1,0,1,0,0,0,0,"- ","- ",,,"LOS ANGELES","LOS ANGELES",-118.28337818,33.969788180000002
6523498,2014,2014-08-08,1942,2014-06-04,2255,40008,1145,3,5,7,1942,0,0,0,K,0,13T53,GLENDALE,"SILVER LAKE",894.00,N,N,A,-,N,,,,,,,,,,Y,2,0,1,2,A,-,11,21956,A,N,D,B,E,A,H,-,C,D,0,Y,,,,Y,Y,N,60,1,0,0,0,1,0,0,0,0,"- ","- ",,,"LOS ANGELES","LOS ANGELES",-118.25922035000001,34.103189800000003
6523500,2014,2014-07-18,1900,2014-04-29,1300,531568,1127,2,5,6,1992,0,0,0,,0,112T1,"20TH ST WEST","AVENUE J-8",8.00,N,N,A,-,N,,,,,,,,,,N,4,0,1,2,A,-,10,21950,A,N,G,B,B,-,-,-,A,D,0,Y,,,,Y,,A,01,0,0,1,0,1,0,0,0,0,"- ","- ",,,"LOS ANGELES",LANCASTER,-118.16569,34.682231940000001
6523505,2014,2014-08-08,1942,2014-06-07,1330,39745,423,6,5,7,1942,0,0,0,,0,2T15W2,"NORTH MAIN ST","HANCOCK ST",18.00,S,N,A,-,N,,,,,,,,,,Y,2,0,1,3,A,-,09,21802,A,N,D,C,F,A,H,-,A,A,0,Y,,,,Y,,A,01,1,0,0,0,1,0,0,0,0,"- ","- ",,,"LOS ANGELES","LOS ANGELES",-118.20895,34.066049999999997
6523551,2014,2014-07-18,1942,2014-04-30,2310,37715,2053,3,5,7,1942,0,0,0,,0,6T7,"WESTERN AV","MONETTE PL",8.00,N,N,A,-,N,,,,,,,,,,N,2,0,2,2,A,-,10,21950,A,N,G,B,B,A,H,-,C,D,0,Y,,,,Y,,A,07,1,0,1,0,1,0,0,0,0,"- ","- ",,,"LOS ANGELES","LOS ANGELES",-118.30907999999999,34.053561940000002
6523740,2014,2014-08-08,1925,2014-06-04,0812,20089,121,3,5,6,1925,0,0,0,,0,005,"MONTROSE AV","LA CRESCENTA AV",115.00,W,N,A,-,N,,,,,,,,,,N,4,0,1,2,A,-,11,21955,,N,G,B,D,A,H,-,A,A,0,Y,,,,Y,,N,60,0,0,1,0,1,0,0,0,0,"- ","- ",,,"LOS ANGELES",GLENDALE,-118.24028396,34.216178939999999
6523868,2014,2014-08-05,1942,2014-05-19,1815,34426,1123,1,5,7,1942,0,0,0,K,0,2TL28,"REVERE AV","LOS FELIZ BL",0.00,,Y,A,-,N,,,,,,,,,,N,3,0,1,2,A,-,10,21950,A,N,G,B,B,A,H,-,A,A,0,Y,,,,Y,,A,01,0,1,0,0,1,0,0,0,0,"- ","- ",,,"LOS ANGELES","LOS ANGELES",-118.26379005,34.12598011