CASE_ID,ACCIDENT_YEAR,PROC_DATE,JURIS,COLLISION_DATE,COLLISION_TIME,OFFICER_ID,REPORTING_DISTRICT,DAY_OF_WEEK,CHP_SHIFT,POPULATION,CNTY_CITY_LOC,SPECIAL_COND,BEAT_TYPE,CHP_BEAT_TYPE,CITY_DIVISION_LAPD,CHP_BEAT_CLASS,BEAT_NUMBER,PRIMARY_RD,SECONDARY_RD,DISTANCE,DIRECTION,INTERSECTION,WEATHER_1,WEATHER_2,STATE_HWY_IND,CALTRANS_COUNTY,CALTRANS_DISTRICT,STATE_ROUTE,ROUTE_SUFFIX,POSTMILE_PREFIX,POSTMILE,LOCATION_TYPE,RAMP_INTERSECTION,SIDE_OF_HWY,TOW_AWAY,COLLISION_SEVERITY,NUMBER_KILLED,NUMBER_INJURED,PARTY_COUNT,PRIMARY_COLL_FACTOR,PCF_CODE_OF_VIOL,PCF_VIOL_CATEGORY,PCF_VIOLATION,PCF_VIOL_SUBSECTION,HIT_AND_RUN,TYPE_OF_COLLISION,MVIW,PED_ACTION,ROAD_SURFACE,ROAD_COND_1,ROAD_COND_2,LIGHTING,CONTROL_DEVICE,CHP_ROAD_TYPE,PEDESTRIAN_ACCIDENT,BICYCLE_ACCIDENT,MOTORCYCLE_ACCIDENT,TRUCK_ACCIDENT,NOT_PRIVATE_PROPERTY,ALCOHOL_INVOLVED,STWD_VEHTYPE_AT_FAULT,CHP_VEHTYPE_AT_FAULT,COUNT_SEVERE_INJ,COUNT_VISIBLE_INJ,COUNT_COMPLAINT_PAIN,COUNT_PED_KILLED,COUNT_PED_INJURED,COUNT_BICYCLIST_KILLED,COUNT_BICYCLIST_INJURED,COUNT_MC_KILLED,COUNT_MC_INJURED,PRIMARY_RAMP,SECONDARY_RAMP,LATITUDE,LONGITUDE,COUNTY,CITY,POINT_X,POINT_Y
6523876,2014,2014-08-05,1942,2014-05-15,1315,41343,0151,4,5,7,1942,0,0,0,A,0,1A41,WILSHIRE,"FIGUEROA ST",400.00,W,N,A,-,N,,,,,,,,,,N,3,0,1,2,A,-,09,21804,A,N,D,B,D,A,H,-,A,A,0,Y,,,,Y,,A,01,0,1,0,0,1,0,0,0,0,"- ","- ",,,"LOS ANGELES","LOS ANGELES",-118.26030159,34.050742569999997
6523891,2014,2014-08-04,1900,2014-05-02,1800,527065,1132,5,5,6,1992,0,0,0,,0,111T1,"AVENUE J","GLENRAVEN RD",42.00,W,N,A,-,N,,,,,,,,,,N,4,0,1,2,A,-,11,21954,A,N,G,B,D,A,H,-,A,D,0,Y,,,,Y,,N,60,0,0,1,0,1,0,0,0,0,"- ","- ",,,"LOS ANGELES",LANCASTER,-118.12839941999999,34.68947
6523904,2014,2014-08-05,1942,2014-05-11,1750,24517,0884,7,5,7,1942,0,0,0,H,0,7TL38,"WESTWOOD BL","OLYMPIC BL",0.00,,Y,A,-,N,,,,,,,,,,N,4,0,1,2,A,-,"- ",,,N,G,B,B,A,H,-,A,A,0,Y,,,,Y,,A,01,0,0,1,0,1,0,0,0,0,"- ","- ",,,"LOS ANGELES","LOS ANGELES",-118.43174008,34.043900120000004
6523967,2014,2016-04-21,1913,2014-05-11,1958,3746,1913,7,5,4,1913,0,0,0,,0,001,"INDIAN HILL","RT 10",0.00,,Y,A,-,Y,LA,7,10,-,-,47.617,R,1,E,N,4,0,1,2,D,-,00,,,N,G,B,B,A,H,-,C,A,0,Y,,,,Y,,-,"- ",0,0,1,0,1,0,0,0,0,"- ","- ",,,"LOS ANGELES",CLAREMONT,-117.72150965,34.081608889999998
6523975,2014,2014-08-05,1913,2014-05-18,1721,3686,01,7,5,4,1913,0,0,0,,0,001,"AUTO CENTER DR","INDIAN HILL BL",530.00,W,N,A,-,N,,,,,,,,,,N,4,0,1,2,B,-,22,,,N,G,B,F,A,H,-,A,D,0,Y,,,,Y,,A,01,0,0,1,0,1,0,0,0,0,"- ","- ",,,"LOS ANGELES",CLAREMONT,-117.72106904,34.08082272
6523991,2014,2014-08-05,1913,2014-05-28,1058,3584,11,3,5,4,1913,0,0,0,,0,001,"MOUNTAIN AV","BONITA AV",7.00,N,N,A,-,N,,,,,,,,,,N,4,0,1,2,A,-,12,21453,A,N,G,B,B,A,H,-,A,A,0,Y,,,,Y,,-,,0,0,1,0,1,0,0,0,0,"- ","- ",,,"LOS ANGELES",CLAREMONT,-117.72909909000001,34.09633917
6523999,2014,2014-08-05,1913,2014-05-28,1845,3681,,3,5,4,1913,0,0,0,,0,004,"SHENANDOAH DR","AURORA DR",84.00,S,N,A,-,N,,,,,,,,,,N,3,0,1,2,A,-,10,21954,B,F,G,B,E,A,H,-,A,D,0,Y,,,,Y,Y,-,,0,1,0,0,1,0,0,0,0,"- ","- ",,,"LOS ANGELES",CLAREMONT,-117.70225352999999,34.114460039999997
6524059,2014,2014-06-20,1942,2014-02-03,2000,35643,2069,1,5,7,1942,0,0,0,,0,20T59,"11TH ST","WESTMORELAND AV",60.00,W,N,A,-,N,,,,,,,,,,N,3,0,1,2,A,-,11,21955,,N,G,B,D,A,H,-,D,D,0,Y,,,,Y,,N,60,0,1,0,0,1,0,0,0,0,"- ","- ",,,"LOS ANGELES","LOS ANGELES",-118.28929769,34.050789999999999
6524079,2014,2014-06-20,1942,2014-02-06,1120,38202,2029,4,5,7,1942,0,0,0,,0,20T58,"COMMONWEALTH AV","5TH ST",120.00,S,N,B,-,N,,,,,,,,,,N,2,0,1,2,A,-,11,21954,A,N,G,B,D,A,H,-,A,D,0,Y,,,,Y,,N,60,1,0,0,0,1,0,0,0,0,"- ","- ",,,"LOS ANGELES","LOS ANGELES",-118.28568552,34.064850919999998
6524172,2014,2014-08-06,1953,2014-05-31,1943,7561,1953,6,5,6,1953,0,0,0,,0,001,"ARROYO PKWY","FILLMORE ST",0.00,,Y,A,-,N,,,,,,,,,,N,3,0,1,2,A,-,10,21950,A,F,G,B,B,A,H,-,A,-,0,Y,,,,Y,,A,01,0,1,0,0,1,0,0,0,0,"- ","- ",,,"LOS ANGELES",PASADENA,-118.14739003,34.132960089999997
6524180,2014,2014-08-06,1953,2014-05-31,2200,8305,PASAD,6,5,6,1953,0,0,0,,0,002,"MARENGO AV","PARKE ST",30.00,S,N,A,-,N,,,,,,,,,,Y,2,0,1,2,A,-,11,21950,B,N,G,B,D,A,H,-,C,D,0,Y,,,,Y,,N,60,1,0,0,0,1,0,0,0,0,"- ","- ",,,"LOS ANGELES",PASADENA,-118.14602904,34.156637740000001
6524223,2014,2016-04-16,1900,2014-05-25,1500,517823,1013,7,5,3,1995,0,0,0,,0,101T1P,"PACIFIC COAST HWY","PARADISE COVE RD",0.00,,Y,A,-,Y,LA,7,1,-,-,52.150,H,-,S,N,4,0,1,2,A,-,11,21956,,N,G,B,E,A,H,-,-,D,0,Y,,,,Y,,N,60,0,0,1,0,1,0,0,0,0,"- ","- ",,,"LOS ANGELES",MALIBU,-118.77328199999999,34.025624270000002
6524246,2014,2014-08-06,1942,2014-05-18,1751,34426,1321,7,5,7,1942,0,0,0,M,0,2TL28,"ADAMS BL","FLOWER ST",400.00,E,N,A,-,N,,,,,,,,,,N,4,0,1,2,A,-,09,21804,A,N,G,B,F,A,H,-,A,D,0,Y,,,,Y,,A,07,0,0,1,0,1,0,0,0,0,"- ","- ",,,"LOS ANGELES","LOS ANGELES",-118.27375914,34.02712184
6524266,2014,2014-08-06,1942,2014-05-17,0100,31152,1149,6,5,7,1942,0,0,0,K,0,1TL11,"AVE 52","BOMER DR",2.00,W,N,F,-,N,,,,,,,,,,N,3,0,1,2,D,-,00,,,F,G,B,B,A,H,-,C,A,0,Y,,,,Y,Y,-,"- ",0,1,0,0,1,0,0,0,0,"- ","- ",,,"LOS ANGELES","LOS ANGELES",-118.19778438,34.104274099999998
6524269,2014,2014-08-05,1942,2014-05-17,1815,39889,0292,6,5,7,1942,0,0,0,B,0,1TL24,"20TH ST","HOOVER ST",0.00,,Y,A,-,N,,,,,,,,,,N,3,0,1,2,A,-,10,21950,A,N,G,B,B,A,H,-,A,A,0,Y,,,,Y,,A,01,0,1,0,0,1,0,0,0,0,"- ","- ",,,"LOS ANGELES","LOS ANGELES",-118.28404012,34.038120040000003
6524305,2014,2014-08-05,1942,2014-05-18,0045,41195,0473,7,5,7,1942,0,0,0,D,0,4A9,"WHITTIER BL","SOTO BL",0.00,,N,A,-,N,,,,,,,,,,N,3,0,1,2,D,-,00,,,F,H,B,B,A,H,-,C,A,0,Y,,,,Y,Y,-,"- ",0,1,0,0,1,0,0,0,0,"- ","- ",,,"LOS ANGELES","LOS ANGELES",-118.21570009,34.03437005
6524325,2014,2014-08-05,1942,2014-05-01,1100,36633,0915,4,5,7,1942,0,0,0,I,0,10A21,"SHERMAN WY","TYRONE AV",0.00,,Y,A,-,N,,,,,,,,,,N,4,0,1,2,A,-,10,21950,A,N,G,B,B,A,H,-,A,A,0,Y,,,,Y,,A,01,0,0,1,0,1,0,0,0,0,"- ","- ",,,"LOS ANGELES","LOS ANGELES",-118.44436013000001,34.201200030000003
6524373,2014,2014-08-05,1942,2014-05-01,1940,41365,2115,4,5,7,1942,0,0,0,,0,21A73,ROSCOE,TOPANGA,0.00,,Y,A,-,N,,,,,,,,,,N,2,0,2,3,A,-,01,23152,A,N,G,B,B,A,H,-,C,A,0,Y,,,,Y,Y,A,01,1,1,0,0,2,0,0,0,0,"- ","- ",,,"LOS ANGELES","LOS ANGELES",-118.60599999999999,34.219630000000002
6524377,2014,2014-08-05,1942,2014-05-02,1645,33779,1527,5,5,7,1942,0,0,0,O,0,15TL44,"VICTORY BL","VINELAND AV",3.00,E,N,A,-,N,,,,,,,,,,N,4,0,1,2,A,-,11,21950,B,F,G,B,-,A,H,-,A,A,0,Y,,,,Y,,N,60,0,0,1,0,1,0,0,0,0,"- ","- ",,,"LOS ANGELES","LOS ANGELES",-118.37030009999999,34.186690140000003
6524393,2014,2014-08-05,1942,2014-05-02,2200,38603,1983,5,5,7,1942,0,0,0,,0,21T61,"SEPULVEDA BL","PARTHENIA ST",0.00,,Y,A,-,N,,,,,,,,,,Y,3,0,4,4,A,-,03,22350,,N,D,C,B,A,H,-,C,A,0,Y,,,,Y,,A,01,0,2,2,0,1,0,0,0,0,"- ","- ",,,"LOS ANGELES","LOS ANGELES",-118.46766012000001,34.228270029999997
6524394,2014,2014-08-08,1942,2014-05-06,0730,39085,1762,2,5,7,1942,0,0,0,Q,0,10TL32,"VARIEL AV","LASSEN ST",25.00,S,N,A,-,N,,,,,,,,,,N,3,0,1,2,A,-,"- ",,,N,A,B,B,A,H,-,A,A,0,Y,,,,Y,,-,"- ",0,1,0,0,1,0,0,0,0,"- ","- ",,,"LOS ANGELES","LOS ANGELES",-118.59296453,34.249911570000002
6524422,2014,2016-04-21,1942,2014-05-27,1335,40513,214,2,5,7,1942,0,0,0,,0,2A91,"N ALVARADO ST","RT 101",10.00,N,N,A,-,Y,LA,7,2,-,-,12.750,H,-,W,N,3,0,1,2,A,-,11,21955,,N,G,B,D,A,H,-,A,D,0,Y,,,,Y,,N,60,0,1,0,0,1,0,0,0,0,"- ","- ",,,"LOS ANGELES","LOS ANGELES",-118.26686323,34.072097360000001
6524510,2014,2014-08-04,1942,2014-05-29,1430,39060,454,4,5,7,1942,0,0,0,,0,4XL11,"BOYLE AV","3RD ST",0.00,,Y,A,-,N,,,,,,,,,,N,4,0,1,2,A,-,10,21950,A,N,B,B,B,A,H,-,A,D,0,Y,,,,Y,,A,07,0,0,1,0,1,0,0,0,0,"- ","- ",,,"LOS ANGELES","LOS ANGELES",-118.21979012,34.045460060000003
6524520,2014,2014-08-06,1965,2014-05-08,2140,3754,0B2A,4,5,5,1965,0,0,0,,0,002,"LINCOLN BL","MARINE ST",0.00,,Y,A,-,N,,,,,,,,,,N,3,0,1,2,A,-,11,21950,B,N,G,B,D,A,H,-,C,A,0,Y,,,,Y,,N,60,0,1,0,0,1,0,0,0,0,"- ","- ",,,"LOS ANGELES","SANTA MONICA",-118.47173013,34.003540030000003
6524628,2014,2014-08-09,1953,2014-06-03,1930,1119,,2,5,6,1953,0,0,0,,0,002,"LOS ROBLES AV","VILLA ST",0.00,,Y,A,-,N,,,,,,,,,,N,4,0,1,2,A,-,10,21950,A,N,G,B,B,A,H,-,A,A,0,Y,,,,Y,,A,01,0,0,1,0,1,0,0,0,0,"- ","- ",,,"LOS ANGELES",PASADENA,-118.14150002,34.154200060000001
6524632,2014,2014-08-12,1953,2014-06-04,1209,7867,,3,5,6,1953,0,0,0,,0,001,"WEST DR","SALVIA CANYON",1056.00,N,N,A,-,N,,,,,,,,,,N,3,0,1,2,-,-,"- ",,,N,A,B,E,A,H,-,A,D,0,Y,Y,,,Y,,-,"- ",0,1,0,0,1,0,0,0,0,"- ","- ",,,"LOS ANGELES",PASADENA,-118.17324529,34.16759776
6524645,2014,2014-07-18,1942,2014-04-12,1530,40778,1218,6,5,7,1942,0,0,0,L,0,5T25,"53RD ST","FIGUEROA ST",300.00,W,N,A,-,N,,,,,,,,,,N,4,0,1,2,A,-,11,21956,A,F,G,B,E,A,H,-,A,D,0,Y,,,,Y,Y,N,60,0,0,1,0,1,0,0,0,0,"- ","- ",,,"LOS ANGELES","LOS ANGELES",-118.28368773,33.994201140000001
6524667,2014,2014-08-11,1953,2014-06-07,0000,5450,1953,6,5,6,1953,0,0,0,,0,003,"COLORADO BL","SIERRA MADRE BL",0.00,,Y,A,-,N,,,,,,,,,,N,4,0,1,2,A,-,10,21950,A,N,-,B,B,A,H,-,C,A,0,Y,,,,Y,Y,A,01,0,0,1,0,1,0,0,0,0,"- ","- ",,,"LOS ANGELES",PASADENA,-118.10176001000001,34.146080079999997
6524669,2014,2014-07-18,1942,2014-04-12,1520,40476,1871,6,5,7,1942,0,0,0,R,0,18T39,ROSECRANS,VERMONT,105.00,E,N,A,-,N,,,,,,,,,,Y,2,0,3,3,A,-,09,21801,A,N,D,C,E,A,H,-,-,D,0,Y,,,,Y,,A,01,1,1,1,0,1,0,0,0,0,"- ","- ",,,"LOS ANGELES","LOS ANGELES",-118.29124468000001,33.901893800000003
6524723,2014,2014-07-17,1920,2014-04-08,1450,10216,,2,5,6,1920,0,0,0,,0,006,"DE PALMA AV","PARAMOUNT BL",330.00,E,N,A,-,N,,,,,,,,,,N,4,0,1,2,A,-,21,22106,,M,G,B,D,A,H,-,A,D,0,Y,,,,Y,,A,,0,0,1,0,1,0,0,0,0,"- ","- ",,,"LOS ANGELES",DOWNEY,-118.14206272,33.935379429999998
6524798,2014,2014-08-06,1953,2014-05-28,1540,9296,,3,5,6,1953,0,0,0,,0,,"WASHINGTON BL","MARENGO AV",0.00,,Y,A,-,N,,,,,,,,,,N,2,0,1,3,A,-,11,21453,D,N,G,B,D,A,H,-,A,A,0,Y,,,,Y,,N,60,1,0,0,0,1,0,0,0,0,"- ","- ",,,"LOS ANGELES",PASADENA,-118.14618000999999,34.168880029999997
6524964,2014,2014-08-05,1942,2014-05-31,0030,38049,1043,6,5,7,1942,0,0,0,J,0,10L99,"LINDLEY AV","VICTORY BL",349.00,S,N,A,-,N,,,,,,,,,,Y,2,0,1,2,A,-,03,22350,,F,G,B,E,A,H,-,C,D,0,Y,,,,Y,,A,01,1,0,0,0,1,0,0,0,0,"- ","- ",,,"LOS ANGELES","LOS ANGELES",-118.52728999999999,34.185652679999997
6525027,2014,2016-03-08,1942,2014-05-30,1830,40574,1998,5,5,7,1942,0,0,0,,0,9T57,"LANARK ST","TILDEN AV",0.00,,Y,A,-,N,,,,,,,,,,N,4,0,1,2,A,-,12,22450,,F,G,B,B,A,H,-,A,D,0,Y,,,,Y,Y,A,01,0,0,1,0,1,0,0,0,0,"- ","- ",,,"LOS ANGELES","LOS ANGELES",-118.44736009,34.21795006
6525035,2014,2014-08-05,1942,2014-05-29,2055,38995,1793,4,5,7,1942,0,0,0,Q,0,10T35,"VANALDEN AV","PARTHENIA ST",0.00,,Y,A,-,N,,,,,,,,,,N,2,0,1,2,A,-,"- ",,,F,G,B,B,A,H,-,C,A,0,Y,,,,Y,Y,-,99,1,0,0,0,1,0,0,0,0,"- ","- ",,,"LOS ANGELES","LOS ANGELES",-118.54921007,34.228250029999998
6525050,2014,2014-08-08,1942,2014-06-06,1540,39761,0409,5,5,7,1942,0,0,0,D,0,2728,"RICHARD CIR","STILLWELL AV",324.00,N,N,A,-,N,,,,,,,,,,N,4,0,1,2,A,-,08,22107,,N,G,B,E,A,H,-,A,D,0,Y,,,,Y,,A,01,0,0,1,0,1,0,0,0,0,"- ","- ",,,"LOS ANGELES","LOS ANGELES",-118.16402843,34.09718951
6525070,2014,2014-08-13,1942,2014-06-09,0415,32973,1385,1,5,7,1942,0,0,0,M,0,11TL32,"GAGE ST","AVALON BL",0.00,,Y,B,-,N,,,,,,,,,,N,2,0,1,2,A,-,10,21950,A,F,G,B,B,A,H,-,C,A,0,Y,,,,Y,Y,-,"- ",1,0,0,0,1,0,0,0,0,"- ","- ",,,"LOS ANGELES","LOS ANGELES",-118.26519011000001,33.982480119999998
6525077,2014,2014-08-07,1942,2014-06-04,1830,34426,1136,3,5,7,1942,0,0,0,K,0,2T28,"EL PASO DR","EAGLE ROCK BL",0.00,,Y,A,-,N,,,,,,,,,,N,4,0,1,2,A,-,10,21950,A,N,G,B,B,A,H,-,B,A,0,Y,,,,Y,,A,01,0,0,1,0,1,0,0,0,0,"- ","- ",,,"LOS ANGELES","LOS ANGELES",-118.22437001,34.122360090000001
6525081,2014,2014-08-07,1942,2014-06-01,1220,30715,0477,7,5,7,1942,0,0,0,D,0,4A97,"6TH ST","EVERGREEN AV",200.00,E,N,A,-,N,,,,,,,,,,N,4,0,1,2,A,-,"- ",,,N,B,B,E,A,H,-,A,D,0,Y,,,,Y,,N,60,0,0,1,0,1,0,0,0,0,"- ","- ",,,"LOS ANGELES","LOS ANGELES",-118.20594463,34.03401839
6525101,2014,2014-08-07,1942,2014-06-02,1450,38595,1177,1,5,7,1942,0,0,0,K,0,11A37,"FIGUEROA ST","AV 22",125.00,N,N,A,-,N,,,,,,,,,,N,4,0,1,2,A,-,10,21950,A,N,-,B,B,A,H,-,A,D,0,Y,,,,Y,,A,01,0,0,1,0,1,0,0,0,0,"- ","- ",,,"LOS ANGELES","LOS ANGELES",-118.22360304,34.08297597
6525117,2014,2014-08-07,1942,2014-06-03,2245,38233,0182,2,5,7,1942,0,0,0,A,0,13T53,"S HOPE ST","W 9TH ST",14.00,N,N,A,-,N,,,,,,,,,,N,3,0,2,2,A,-,10,21950,A,N,G,B,B,A,H,-,C,A,0,Y,,Y,,Y,Y,C,02,0,1,1,0,1,0,0,0,1,"- ","- ",,,"LOS ANGELES","LOS ANGELES",-118.26033252000001,34.045140830000001
6526549,2014,2014-07-18,1942,2014-04-09,1130,37469,0678,3,5,7,1942,0,0,0,F,0,6T7,"MELROSE AV","NORMANDIE AV",1.00,E,N,A,-,N,,,,,,,,,,N,2,0,1,2,A,-,11,21950,B,N,G,B,B,A,H,-,A,A,0,Y,,,,Y,,N,60,1,0,0,0,1,0,0,0,0,"- ","- ",,,"LOS ANGELES","LOS ANGELES",-118.3004767,34.083550039999999
6526557,2014,2014-07-18,1942,2014-04-26,0450,35737,668,6,5,7,1942,0,0,0,,0,6A15,"SANTA MONICA BL","WESTERN AV",50.00,W,N,A,-,N,,,,,,,,,,N,3,0,1,2,A,-,11,21954,A,N,G,B,D,A,H,-,C,A,0,Y,,,,Y,,N,60,0,1,0,0,1,0,0,0,0,"- ","- ",,,"LOS ANGELES","LOS ANGELES",-118.30933482,34.090769999999999
6527019,2014,2014-07-09,1942,2014-03-31,1830,41304,0898,1,5,7,1942,0,0,0,H,0,8A59,"CANFIELD AV",CATTARAUGUS,0.00,,Y,A,-,N,,,,,,,,,,N,4,0,1,2,A,-,10,21950,A,N,G,B,B,A,H,-,B,D,0,Y,,,,Y,,A,01,0,0,1,0,1,0,0,0,0,"- ","- ",,,"LOS ANGELES","LOS ANGELES",-118.39286,34.03581002
6527029,2014,2014-07-18,1942,2014-04-30,1435,37469,0738,3,5,7,1942,0,0,0,G,0,6T7,"MCCADDEN PL","6TH ST",5.00,S,N,A,-,N,,,,,,,,,,N,4,0,1,2,A,-,10,21950,A,F,G,B,D,A,H,-,A,A,0,Y,,,,Y,,-,99,0,0,1,0,1,0,0,0,0,"- ","- ",,,"LOS ANGELES","LOS ANGELES",-118.33715995,34.064906290000003
6527492,2014,2014-07-17,1900,2014-04-07,1802,517803,0251,1,5,4,1945,0,0,0,,0,28T,"ATLANTIC BL","61ST ST",0.00,,Y,A,-,N,,,,,,,,,,N,4,0,1,2,A,-,10,21950,A,N,G,B,B,A,H,-,C,A,0,Y,,,,Y,,A,01,0,0,1,0,1,0,0,0,0,"- ","- ",,,"LOS ANGELES",MAYWOOD,-118.18614013,33.983520079999998
6527547,2014,2014-07-18,1941,2014-04-03,1435,5200,,4,5,7,1941,0,0,0,,0,,"LIVINGSTON DR","JOSEPH AV",72.00,W,N,A,-,N,,,,,,,,,,N,3,0,1,2,A,-,11,21954,A,N,D,B,D,A,H,-,A,D,0,Y,,,,Y,,N,,0,1,0,0,1,0,0,0,0,"- ","- ",,,"LOS ANGELES","LONG BEACH",-118.13633,33.763185
6527595,2014,2014-07-18,9530,2014-04-28,2000,20141,,1,2,9,1900,0,3,5,,2,001,"BEACH ST","FIRESTONE BL",6.00,S,N,A,-,N,,,,,,,,,,N,4,0,1,2,A,-,10,21950,A,N,G,B,B,A,H,-,C,A,0,Y,,,,Y,,A,01,0,0,1,0,1,0,0,0,0,"- ","- ",33.960009999999997,-118.24208,"LOS ANGELES",UNINCORPORATED,-118.24199969999999,33.960133550000002
6527645,2014,2014-07-18,1942,2014-04-29,0745,38980,1063,2,5,7,1942,0,0,0,J,0,15TL45,"BURBANK BL","VENTURA BL",10.00,N,N,A,-,N,,,,,,,,,,N,4,0,1,2,A,-,10,21950,A,N,G,B,B,A,H,-,A,A,0,Y,,,,Y,,A,01,0,0,1,0,1,0,0,0,0,"- ","- ",,,"LOS ANGELES","LOS ANGELES",-118.54275505,34.171534459999997
6527687,2014,2014-07-17,1918,2014-04-15,0755,646,,2,5,4,1918,0,0,0,,0,2M4,"CULVER BL","HURON AV",0.00,,Y,A,-,N,,,,,,,,,,N,3,0,1,2,A,-,12,21457,A,F,G,B,B,-,H,-,-,A,0,Y,,,,Y,,A,01,0,1,0,0,1,0,0,0,0,"- ","- ",34.00835,-118.40683,"LOS ANGELES","CULVER CITY",-118.40715006000001,34.008530049999997
6527689,2014,2014-07-08,1946,2014-03-04,1627,P35,,2,5,4,1946,0,0,0,,0,001,FOOTHILL,MADISON,0.00,,N,A,-,N,,,,,,,,,,N,3,0,1,2,A,-,10,21950,A,N,G,B,B,A,H,-,A,A,0,Y,,,,Y,,A,01,0,1,0,0,1,0,0,0,0,"- ","- ",,,"LOS ANGELES",MONROVIA,-118.01858008000001,34.151140120000001
6527701,2014,2014-07-08,1900,2014-03-29,1902,521389,0333,6,5,4,1939,0,0,0,,0,35T1P,"CONDON AV","167TH ST",0.00,,Y,A,-,N,,,,,,,,,,N,4,0,1,2,A,-,11,21954,A,N,G,B,D,A,H,-,A,D,0,Y,,,,Y,,N,60,0,0,1,0,1,0,0,0,0,"- ","- ",,,"LOS ANGELES",LAWNDALE,-118.35910010000001,33.879440080000002
6527714,2014,2014-07-08,1942,2014-03-20,2145,38715,1415,4,5,7,1942,0,0,0,N,0,14A49,"LINCOLN BL","SUNSET AV",200.00,N,N,A,-,N,,,,,,,,,,N,3,0,1,2,A,-,11,21956,A,N,G,B,E,A,H,-,C,D,0,Y,,,,Y,Y,N,60,0,1,0,0,1,0,0,0,0,"- ","- ",,,"LOS ANGELES","LOS ANGELES",-118.46616587,34.000540739999998
6527729,2014,2014-07-08,9565,2014-03-31,1839,020604,,1,2,9,1900,0,3,5,,2,002,"98TH ST","VERMONT AV",4.00,W,N,A,-,N,,,,,,,,,,N,2,0,1,2,A,-,10,21950,A,N,G,B,B,A,H,-,A,D,0,Y,,,,Y,,A,07,1,0,0,0,1,0,0,0,0,"- ","- ",33.947099999999999,-118.29203,"LOS ANGELES",UNINCORPORATED,-118.29191276,33.94710731
6527739,2014,2014-07-17,1941,2014-04-09,1751,6116,,3,5,7,1941,0,0,0,,0,,"10TH ST","FREEMAN AV",0.00,,Y,A,-,N,,,,,,,,,,N,4,0,1,2,A,-,09,21802,A,N,A,B,B,-,A,H,A,D,0,Y,,,,Y,,A,,0,0,1,0,1,0,0,0,0,"- ","- ",,,"LOS ANGELES","LONG BEACH",-118.15571004,33.778960009999999
6528197,2014,2014-07-22,1924,2014-03-30,1704,112602,36,7,5,5,1924,0,0,0,,0,8L7D,"162ND ST","WESTERN AV",31.00,W,N,A,-,N,,,,,,,,,,Y,3,0,5,4,A,-,01,23152,A,N,A,C,B,A,H,-,A,A,0,Y,,,,Y,Y,A,01,0,2,3,0,2,0,0,0,0,"- ","- ",,,"LOS ANGELES",GARDENA,-118.30926194,33.883780000000002
6528302,2014,2014-07-10,1946,2014-04-26,1728,P3,1946,6,5,4,1946,0,0,0,,0,001,CANYON,PROSPECT,110.00,N,N,A,-,N,,,,,,,,,,N,4,0,1,2,A,-,11,21950,B,N,A,B,D,A,H,-,A,D,0,Y,,,,Y,,N,60,0,0,1,0,1,0,0,0,0,"- ","- ",,,"LOS ANGELES",MONROVIA,-117.99680475,34.158951559999998
6528464,2014,2014-08-13,1922,2014-06-19,2133,617,,4,5,6,1922,0,0,0,,0,001,"VALLEY BL","BALDWIN AV",20.00,E,N,A,-,N,,,,,,,,,,N,3,0,1,2,A,-,10,21950,A,F,G,B,B,A,H,-,C,A,0,Y,,,,Y,Y,-,,0,1,0,0,1,0,0,0,0,"- ","- ",,,"LOS ANGELES","EL MONTE",-118.05277110999999,34.078995390000003
6528484,2014,2014-08-12,1900,2014-06-15,1308,270471,1432,7,5,4,1937,0,0,0,,0,143T1D,"AMAR RD","FICKEWIRTH AV",100.00,E,N,A,-,N,,,,,,,,,,N,4,0,1,3,A,-,07,21658,A,M,G,B,E,A,H,-,A,D,0,Y,,,,Y,,A,07,0,0,1,0,1,0,0,0,0,"- ","- ",,,"LOS ANGELES","LA PUENTE",-117.94752146,34.036921229999997
6528488,2014,2014-08-12,1900,2014-06-19,0714,478216,1430,4,5,4,1937,0,0,0,,0,143T1,"AMAR RD","PUENTE AV",0.00,,Y,A,-,N,,,,,,,,,,N,4,0,1,2,A,-,11,21950,B,N,G,B,B,A,H,-,A,A,0,Y,,,,Y,,N,60,0,0,1,0,1,0,0,0,0,"- ","- ",,,"LOS ANGELES","LA PUENTE",-117.97810002999999,34.054520019999998
6528547,2014,2014-08-14,1900,2014-06-20,1635,524702,2220,5,5,3,1994,0,0,0,,0,222T2,"LAKE LINDERO DR","CANWOOD ST",317.00,N,N,A,-,N,,,,,,,,,,N,3,0,1,2,A,-,11,21954,A,N,G,B,D,A,H,-,A,D,0,Y,,,,Y,,N,60,0,1,0,0,1,0,0,0,0,"- ","- ",,,"LOS ANGELES","AGOURA HILLS",-118.78721,34.147695409999997
6528548,2014,2016-04-21,1956,2014-06-23,1701,1292,20,1,5,5,1956,0,0,0,,0,002,"RT 1","DIAMOND ST",0.00,,Y,A,-,Y,LA,7,1,-,-,19.941,I,5,N,Y,2,0,4,5,A,-,09,21801,A,N,D,G,B,A,H,-,A,A,0,Y,,,,Y,,A,07,1,1,2,0,2,0,0,0,0,"- ","- ",,,"LOS ANGELES","REDONDO BEACH",-118.38725744,33.84497176