CASE_ID,ACCIDENT_YEAR,PROC_DATE,JURIS,COLLISION_DATE,COLLISION_TIME,OFFICER_ID,REPORTING_DISTRICT,DAY_OF_WEEK,CHP_SHIFT,POPULATION,CNTY_CITY_LOC,SPECIAL_COND,BEAT_TYPE,CHP_BEAT_TYPE,CITY_DIVISION_LAPD,CHP_BEAT_CLASS,BEAT_NUMBER,PRIMARY_RD,SECONDARY_RD,DISTANCE,DIRECTION,INTERSECTION,WEATHER_1,WEATHER_2,STATE_HWY_IND,CALTRANS_COUNTY,CALTRANS_DISTRICT,STATE_ROUTE,ROUTE_SUFFIX,POSTMILE_PREFIX,POSTMILE,LOCATION_TYPE,RAMP_INTERSECTION,SIDE_OF_HWY,TOW_AWAY,COLLISION_SEVERITY,NUMBER_KILLED,NUMBER_INJURED,PARTY_COUNT,PRIMARY_COLL_FACTOR,PCF_CODE_OF_VIOL,PCF_VIOL_CATEGORY,PCF_VIOLATION,PCF_VIOL_SUBSECTION,HIT_AND_RUN,TYPE_OF_COLLISION,MVIW,PED_ACTION,ROAD_SURFACE,ROAD_COND_1,ROAD_COND_2,LIGHTING,CONTROL_DEVICE,CHP_ROAD_TYPE,PEDESTRIAN_ACCIDENT,BICYCLE_ACCIDENT,MOTORCYCLE_ACCIDENT,TRUCK_ACCIDENT,NOT_PRIVATE_PROPERTY,ALCOHOL_INVOLVED,STWD_VEHTYPE_AT_FAULT,CHP_VEHTYPE_AT_FAULT,COUNT_SEVERE_INJ,COUNT_VISIBLE_INJ,COUNT_COMPLAINT_PAIN,COUNT_PED_KILLED,COUNT_PED_INJURED,COUNT_BICYCLIST_KILLED,COUNT_BICYCLIST_INJURED,COUNT_MC_KILLED,COUNT_MC_INJURED,PRIMARY_RAMP,SECONDARY_RAMP,LATITUDE,LONGITUDE,COUNTY,CITY,POINT_X,POINT_Y
6657861,2014,2014-11-06,1941,2014-10-07,2052,5668,,2,5,7,1941,0,0,0,,0,,"BROADWAY ST","CERRITOS AV",0.00,,Y,A,-,N,,,,,,,,,,N,2,0,1,2,A,-,11,21954,A,N,G,B,D,A,H,-,D,D,0,Y,,,,Y,Y,N,,1,0,0,0,1,0,0,0,0,"- ","- ",,,"LOS ANGELES","LONG BEACH",-118.17863004,33.768700019999997
6657958,2014,2016-01-12,1942,2014-10-04,1920,35471,1505,6,5,7,1942,0,0,0,O,0,19T75,"SHERMAN WY","IRVINE AV",0.00,,Y,A,-,N,,,,,,,,,,N,1,1,0,2,A,-,10,21950,A,N,G,B,B,A,H,-,C,A,0,Y,,,,Y,Y,A,01,0,0,0,1,0,0,0,0,0,"- ","- ",,,"LOS ANGELES","LOS ANGELES",-118.38554006,34.201190109999999
6657964,2014,2015-06-01,1931,2014-10-07,1430,5167,1931,2,5,5,1931,0,0,0,,0,003,"RITA AV","SATURN AV",0.00,,Y,A,-,N,,,,,,,,,,N,4,0,1,2,A,-,10,21950,A,N,G,B,B,A,H,-,A,A,0,Y,,,,Y,,A,01,0,0,1,0,1,0,0,0,0,"- ","- ",,,"LOS ANGELES","HUNTINGTON PARK",-118.22385011999999,33.976910080000003
6657998,2014,2014-12-10,1931,2014-10-07,1738,5195,1931,2,5,5,1931,0,0,0,,0,002,"GAGE AV","NEWELL ST",1.00,W,N,A,-,N,,,,,,,,,,N,3,0,2,3,A,-,10,21950,A,N,G,B,B,A,H,-,A,D,0,Y,,,,Y,,A,01,0,1,1,0,2,0,0,0,0,"- ","- ",,,"LOS ANGELES","HUNTINGTON PARK",-118.20845326,33.980300389999996
6658006,2014,2014-10-21,1942,2014-09-18,1255,35991,2158,4,5,7,1942,0,0,0,,0,21A42,"VICTORY BL","VARIEL AV",0.00,,Y,A,-,N,,,,,,,,,,N,4,0,1,2,A,-,10,21950,A,N,A,B,B,A,H,-,A,A,0,Y,,,,Y,,A,01,0,0,1,0,1,0,0,0,0,"- ","- ",,,"LOS ANGELES","LOS ANGELES",-118.59276006,34.188360019999998
6658020,2014,2016-01-12,1941,2014-09-25,0736,6125,,4,5,7,1941,0,0,0,,0,,"16TH ST",LINDEN,0.00,,Y,-,-,N,,,,,,,,,,N,3,0,1,2,D,-,00,,,N,B,B,B,A,-,-,A,-,0,Y,,,,Y,,-,"- ",0,1,0,0,1,0,0,0,0,"- ","- ",,,"LOS ANGELES","LONG BEACH",-118.18666009,33.787150080000004
6658746,2014,2014-10-28,1900,2014-09-21,0813,273453,0647,7,5,6,1985,0,0,0,,0,64T1,"BOUQUET CANYON RD","SOLEDAD CANYON RD",600.00,S,N,A,-,N,,,,,,,,,,N,3,0,1,2,A,-,11,21955,,N,G,B,D,A,H,-,A,D,0,Y,,,,Y,,N,60,0,1,0,0,1,0,0,0,0,"- ","- ",,,"LOS ANGELES","SANTA CLARITA",-118.5418308,34.421053440000001
6658749,2014,2014-10-28,1900,2014-09-22,0940,450416,0628,1,5,6,1985,0,0,0,,0,62T1,"CREEKSIDE DR","CALGROVE BL",2.00,S,N,A,-,N,,,,,,,,,,N,4,0,1,2,A,-,10,21950,A,N,G,B,B,A,H,-,A,A,0,Y,,,,Y,,A,01,0,0,1,0,1,0,0,0,0,"- ","- ",,,"LOS ANGELES","SANTA CLARITA",-118.5413069,34.364285150000001
6658754,2014,2014-10-28,1900,2014-09-27,1059,489619,0624,6,5,6,1985,0,0,0,,0,62T1,"ORCHARD VILLAGE RD","AVENIDA RONADA",20.00,S,N,A,-,N,,,,,,,,,,Y,2,0,1,2,A,-,11,21456,B,N,G,B,B,A,H,-,A,A,0,Y,,,,Y,,N,60,1,0,0,0,1,0,0,0,0,"- ","- ",,,"LOS ANGELES","SANTA CLARITA",-118.54575388000001,34.387554029999997
6658755,2014,2014-10-28,1900,2014-09-30,1930,520084,0612,2,5,6,1985,0,0,0,,0,62T1,"CANYON CREST DR","PEERLESS BLUFF CT",7.00,N,N,A,-,N,,,,,,,,,,N,4,0,1,2,A,-,11,21954,A,N,G,B,D,A,H,-,C,D,0,Y,,,,Y,,N,60,0,0,1,0,1,0,0,0,0,"- ","- ",,,"LOS ANGELES","SANTA CLARITA",-118.46873725,34.433396029999997
6658980,2014,2014-12-09,1928,2014-10-02,0801,352,515,4,5,5,1928,0,0,0,,0,0H3,"WASHINGTON AV","EL SEGUNDO BL",150.00,S,N,A,-,N,,,,,,,,,,Y,4,0,1,2,A,-,11,21954,A,N,D,B,D,A,H,-,A,D,0,Y,,,,Y,,N,60,0,0,1,0,1,0,0,0,0,"- ","- ",,,"LOS ANGELES",HAWTHORNE,-118.34956629,33.916008599999998
6658990,2014,2014-12-09,1928,2014-10-02,0735,352,513,4,5,5,1928,0,0,0,,0,0H4,"130TH ST","RAMONA AV",450.00,W,N,A,-,N,,,,,,,,,,Y,4,0,1,2,A,-,08,22107,,N,B,B,E,A,H,-,A,D,0,Y,,,,Y,,A,07,0,0,1,0,1,0,0,0,0,"- ","- ",,,"LOS ANGELES",HAWTHORNE,-118.35869028,33.914514169999997
6659074,2014,2014-11-17,1942,2014-10-01,2225,34561,1787,3,5,7,1942,0,0,0,Q,0,16T23,"ZELZAH AV","PLUMMER ST",14.00,N,N,A,-,N,,,,,,,,,,N,3,0,1,2,A,-,11,21456,B,N,G,B,B,A,H,-,C,A,0,Y,,,,Y,,N,60,0,1,0,0,1,0,0,0,0,"- ","- ",,,"LOS ANGELES","LOS ANGELES",-118.52325,34.243198399999997
6659122,2014,2014-10-16,9530,2014-07-27,2030,020583,,7,2,9,1900,0,3,5,,2,001,"GRAHAM AV","FLORENCE AV",400.00,S,N,A,-,N,,,,,,,,,,N,3,0,1,2,A,-,11,21954,A,N,G,B,D,A,H,-,B,D,0,Y,,,,Y,,N,60,0,1,0,0,1,0,0,0,0,"- ","- ",33.971330000000002,-118.24299000000001,"LOS ANGELES",UNINCORPORATED,-118.24279988000001,33.973643060000001
6659126,2014,2014-10-16,9530,2014-07-12,1355,020793,,6,1,9,1900,0,3,5,,2,002,"CENTRAL AV","EL SEGUNDO BL",3.00,W,N,A,-,N,,,,,,,,,,N,3,0,1,2,A,-,10,21950,A,N,G,B,B,A,H,-,A,A,0,Y,,,,Y,,A,01,0,1,0,0,1,0,0,0,0,"- ","- ",33.916499999999999,-118.2543,"LOS ANGELES",UNINCORPORATED,-118.25449,33.916359999999997
6659472,2014,2014-11-14,1902,2014-10-01,0812,670,13,3,5,5,1902,0,0,0,,0,003,"HUGO REID DR","CORTO RD",72.00,E,N,A,-,N,,,,,,,,,,N,3,0,1,2,A,-,11,21950,B,N,G,B,D,A,H,-,A,D,0,Y,,,,Y,,N,60,0,1,0,0,1,0,0,0,0,"- ","- ",,,"LOS ANGELES",ARCADIA,-118.0632342,34.138093009999999
6659619,2014,2014-11-14,1941,2014-10-02,0724,5177,,4,5,7,1941,0,0,0,,0,,OCEAN,"KENNEBEC AV",0.00,,Y,A,-,N,,,,,,,,,,Y,3,0,1,2,A,-,11,21456,B,N,G,B,B,A,H,-,A,A,0,Y,,,,Y,,N,,0,1,0,0,1,0,0,0,0,"- ","- ",,,"LOS ANGELES","LONG BEACH",-118.1649001,33.7638301
6659631,2014,2014-11-14,1941,2014-10-01,1602,5487,,3,5,7,1941,0,0,0,,0,,"ATLANTIC AV","10TH ST",0.00,,Y,A,-,N,,,,,,,,,,N,4,0,1,2,A,-,11,21950,B,N,G,B,B,A,H,-,B,A,0,Y,,,,Y,,N,,0,0,1,0,1,0,0,0,0,"- ","- ",,,"LOS ANGELES","LONG BEACH",-118.18505003999999,33.77898004
6659699,2014,2014-10-27,1975,2014-09-11,1540,409,,4,5,6,1975,0,0,0,,0,004,"CAMERON AV","LARK ELLEN AV",0.00,,Y,A,-,N,,,,,,,,,,N,3,0,1,2,A,-,"- ",,,F,G,B,B,A,H,-,A,A,0,Y,,,,Y,,-,99,0,1,0,0,1,0,0,0,0,"- ","- ",,,"LOS ANGELES","WEST COVINA",-117.91673012,34.06117004
6659747,2014,2014-10-27,1975,2014-09-26,1734,403,,5,5,6,1975,0,0,0,,0,003,"SUNSET AV","DURNESS ST",0.00,,Y,A,-,N,,,,,,,,,,N,3,0,1,2,A,-,10,21950,A,N,G,B,B,A,H,-,A,A,0,Y,,,,Y,,-,,0,1,0,0,1,0,0,0,0,"- ","- ",,,"LOS ANGELES","WEST COVINA",-117.94880001999999,34.05885009
6659818,2014,2016-06-06,1942,2014-09-11,1410,00001,,4,5,7,1942,0,0,0,,0,,"20TH ST","RT 10",0.00,,Y,A,-,Y,LA,7,10,-,R,2.870,R,3,W,N,4,0,1,2,A,-,10,21950,A,N,G,B,B,A,H,-,A,A,0,Y,,,,Y,,A,01,0,0,1,0,1,0,0,0,0,"- ",SO,,,"LOS ANGELES","LOS ANGELES",-118.47669885000001,34.021868959999999
6659908,2014,2014-12-10,1944,2014-10-07,0002,291,,2,5,4,1944,0,0,0,,0,004,"SEPULVEDA BL","27TH ST",0.00,,Y,A,-,Y,,,,,,,,,,N,4,0,1,2,A,-,10,21950,A,F,G,B,B,A,H,-,C,D,0,Y,,,,Y,,A,01,0,0,1,0,1,0,0,0,0,"- ","- ",,,"LOS ANGELES","MANHATTAN BEACH",-118.39609007999999,33.895810009999998
6659952,2014,2014-12-31,1967,2014-10-01,0655,40199,941,3,5,2,1967,0,0,0,,0,SOUTH,WILLOW,"RAYMOND AV",0.00,,Y,A,-,N,,,,,,,,,,N,2,0,1,2,A,-,11,21950,B,N,G,B,B,A,H,-,B,A,0,Y,,,,Y,,N,60,1,0,0,0,1,0,0,0,0,"- ","- ",,,"LOS ANGELES","SIGNAL HILL",-118.16438007000001,33.804490049999998
6661345,2014,2014-12-17,1902,2014-10-13,1426,699,26,1,5,5,1902,0,0,0,,0,004,"BALDWIN AV","NAOMI AV",339.00,N,N,A,-,N,,,,,,,,,,N,3,0,1,2,A,-,06,21951,,N,G,B,C,A,H,-,A,A,0,Y,,,,Y,,A,01,0,1,0,0,1,0,0,0,0,"- ","- ",,,"LOS ANGELES",ARCADIA,-118.05500128,34.12496771
6661366,2014,2014-10-24,1942,2014-08-08,1540,41239,1755,5,5,7,1942,0,0,0,Q,0,15T42,"LINDLEY AV","DEVONSHIRE ST",220.00,S,N,A,-,N,,,,,,,,,,Y,2,0,2,5,C,-,18,,,N,B,A,E,A,H,-,A,D,0,Y,,,,Y,,-,"- ",2,0,0,0,1,0,0,0,0,"- ","- ",,,"LOS ANGELES","LOS ANGELES",-118.52736,34.256666590000002
6661367,2014,2016-01-13,1900,2014-08-25,2027,512462,1335,1,5,5,1908,0,0,0,,0,133T2,"BELLFLOWER BL","CEDAR ST",150.00,S,N,A,-,N,,,,,,,,,,Y,1,1,0,2,A,-,11,21954,A,N,A,B,D,A,H,-,C,D,0,Y,,,,Y,,N,60,0,0,0,1,0,0,0,0,0,"- ","- ",,,"LOS ANGELES",BELLFLOWER,-118.12523612,33.870768689999998
6661491,2014,2014-11-04,1942,2014-09-26,1717,9224,2017,5,5,7,1942,0,0,0,,0,CSULA,"LEVANDA AV","PASEO RANCHO CASTILLA",60.00,W,N,A,-,N,,,,,,,,,,N,3,0,2,3,A,-,"- ",,,N,G,B,B,A,H,-,A,A,0,Y,,,,Y,,A,,0,1,1,0,2,0,0,0,0,"- ","- ",,,"LOS ANGELES","LOS ANGELES",-118.16814471000001,34.071841980000002
6661555,2014,2014-11-13,1900,2014-09-08,0730,436136,1326,1,5,5,1935,0,0,0,,0,132T2,"PALO VERDE AV","SOUTH ST",15.00,N,N,A,B,N,,,,,,,,,,N,3,0,1,2,A,-,"- ",,,N,H,B,B,B,H,-,A,A,0,Y,,,,Y,,N,,0,1,0,0,1,0,0,0,0,"- ","- ",,,"LOS ANGELES",LAKEWOOD,-118.10834,33.85832113
6661577,2014,2014-12-09,9530,2014-09-20,1400,20523,,6,2,9,1900,0,3,5,,2,002,"EL SEGUNDO BL","WILMINGTON AV",1068.00,E,N,A,-,N,,,,,,,,,,N,3,0,1,2,A,-,08,22107,,N,A,B,E,A,H,-,A,D,0,Y,,,,Y,,A,01,0,1,0,0,1,0,0,0,0,"- ","- ",33.9161,-118.2351,"LOS ANGELES",UNINCORPORATED,-118.23915,33.91619
6661602,2014,2014-11-06,9530,2014-09-27,1830,020473,,6,2,7,1942,0,3,5,,2,001,"81ST ST","HOOPER AV",330.00,W,N,A,-,N,,,,,,,,,,N,4,0,1,2,A,-,11,21954,A,N,G,B,D,A,H,-,B,D,0,Y,,,,Y,,N,60,0,0,1,0,1,0,0,0,0,"- ","- ",33.966099999999997,-118.25360000000001,"LOS ANGELES","LOS ANGELES",-118.25313610000001,33.965629790000001
6661699,2014,2014-12-15,1942,2014-10-07,1800,39291,1266,2,5,7,1942,0,0,0,L,0,3TL57,"FLOWER ST",81ST,120.00,S,N,A,-,N,,,,,,,,,,N,3,0,1,2,A,-,11,21956,A,F,G,B,E,A,H,-,B,D,0,Y,,,,Y,Y,N,60,0,1,0,0,1,0,0,0,0,"- ","- ",,,"LOS ANGELES","LOS ANGELES",-118.28131682,33.965602330000003
6661715,2014,2014-12-12,1942,2014-10-09,1505,40529,1268,4,5,7,1942,0,0,0,L,0,12T73,"81ST ST",BROADWAY,32.00,E,N,A,-,N,,,,,,,,,,N,3,0,3,5,A,-,03,22350,,F,C,B,E,A,H,-,A,D,0,Y,,,,Y,,-,99,0,1,2,0,1,0,0,0,0,"- ","- ",,,"LOS ANGELES","LOS ANGELES",-118.27819467,33.965940000000003
6661751,2014,2014-12-15,1942,2014-10-04,0715,38707,1265,6,5,7,1942,0,0,0,L,0,18T23,"MANCHESTER AV","VERMONT AV",8.00,E,N,A,-,N,,,,,,,,,,N,3,0,1,2,A,-,11,21456,B,N,G,B,B,A,H,-,A,A,0,Y,,,,Y,,N,60,0,1,0,0,1,0,0,0,0,"- ","- ",,,"LOS ANGELES","LOS ANGELES",-118.29174367,33.96002
6661754,2014,2014-12-17,1900,2014-10-08,0746,445344,2847,3,5,5,1915,0,0,0,,0,282T1,"ALONDRA BL","MURIEL AV",200.00,E,N,A,-,N,,,,,,,,,,N,3,0,1,2,A,-,10,21954,B,F,-,B,D,A,H,-,A,-,0,Y,,,,Y,Y,-,99,0,1,0,0,1,0,0,0,0,"- ","- ",,,"LOS ANGELES",COMPTON,-118.20050238,33.888722960000003
6661755,2014,2014-12-12,1942,2014-10-06,2330,40700,1249,1,5,7,1942,0,0,0,L,0,3T5,"GAGE AV","FIGUEROA ST",0.00,,Y,A,-,N,,,,,,,,,,Y,2,0,1,3,A,-,10,21950,A,N,G,B,B,A,H,-,C,A,0,Y,,,,Y,,A,01,1,0,0,0,1,0,0,0,0,"- ","- ",,,"LOS ANGELES","LOS ANGELES",-118.28267013,33.982380020000001
6661781,2014,2014-12-18,1922,2014-10-03,1522,505,,5,5,6,1922,0,0,0,,0,,"PECK RD","WOODVILLE DR",195.00,S,N,A,-,N,,,,,,,,,,N,3,0,1,2,A,-,09,21804,A,N,G,B,F,A,H,-,A,D,0,Y,,,,Y,,A,01,0,1,0,0,1,0,0,0,0,"- ","- ",,,"LOS ANGELES","EL MONTE",-118.02124334,34.077398670000001
6661881,2014,2014-12-12,1902,2014-10-06,1753,636,31,1,5,5,1902,0,0,0,,0,005,"HOLLY AV","NORMAN AV",0.00,,Y,A,-,N,,,,,,,,,,N,3,0,1,2,A,-,"- ",,,N,A,B,B,A,H,-,A,D,0,Y,,,,Y,,-,,0,1,0,0,1,0,0,0,0,"- ","- ",,,"LOS ANGELES",ARCADIA,-118.04573004,34.120550039999998
6661888,2014,2014-10-24,1942,2014-08-28,0800,36544,1931,4,5,7,1942,0,0,0,,0,19A1,"NOBLE AV","NORDHOFF ST",10.00,S,N,A,-,N,,,,,,,,,,N,4,0,1,2,A,-,"- ",,,F,G,B,B,A,H,-,A,B,0,Y,,,,Y,,-,99,0,0,1,0,1,0,0,0,0,"- ","- ",,,"LOS ANGELES","LOS ANGELES",-118.46097204,34.235452619999997
6661890,2014,2016-02-17,1931,2014-10-04,1655,5277,1931,6,5,5,1931,0,0,0,,0,003,"MILES AV","SATURN AV",8.00,S,N,A,-,N,,,,,,,,,,N,3,0,1,2,A,-,10,21950,A,F,G,B,B,A,H,-,B,A,0,Y,,,,Y,Y,A,01,0,1,0,0,1,0,0,0,0,"- ","- ",,,"LOS ANGELES","HUNTINGTON PARK",-118.21902922,33.976868070000002
6661896,2014,2014-10-24,1942,2014-08-29,1135,33779,1966,5,5,7,1942,0,0,0,,0,15T44,"PLUMMER ST","VAN NUYS BL",58.00,E,N,A,-,N,,,,,,,,,,N,3,0,1,2,A,-,21,22106,,F,-,B,E,A,H,-,A,A,0,Y,,,,Y,Y,-,99,0,1,0,0,1,0,0,0,0,"- ","- ",,,"LOS ANGELES","LOS ANGELES",-118.45003844999999,34.242677870000001
6661898,2014,2014-12-12,1931,2014-10-08,0835,5167,1931,3,5,5,1931,0,0,0,,0,001,"PACIFIC BL","CLARENDON AV",45.00,N,N,A,-,N,,,,,,,,,,N,3,0,1,2,A,-,05,21202,A,N,G,B,F,A,H,-,A,D,0,Y,Y,,,Y,,L,04,0,1,0,0,1,0,0,0,0,"- ","- ",,,"LOS ANGELES","HUNTINGTON PARK",-118.22519514,33.983673330000002
6661976,2014,2014-11-12,1942,2014-09-18,1240,38181,2187,4,5,7,1942,0,0,0,,0,16TL28,"VENTURA BL","PARALTA AV",100.00,E,N,A,-,N,,,,,,,,,,N,3,0,1,2,A,-,11,21956,A,N,G,B,D,A,H,-,A,D,0,Y,,,,Y,,N,60,0,1,0,0,1,0,0,0,0,"- ","- ",,,"LOS ANGELES","LOS ANGELES",-118.5905025,34.166626119999997
6661995,2014,2016-01-12,1900,2014-09-26,2143,510568,0521,5,5,4,1971,0,0,0,,0,58T1,"RT 164","LONGDEN AV",193.00,S,N,A,-,N,,,,,,,,,,Y,2,0,1,2,A,-,11,21954,A,N,G,B,D,A,H,-,C,A,0,Y,,,,Y,Y,N,60,1,0,0,0,1,0,0,0,0,"- ","- ",,,"LOS ANGELES","TEMPLE CITY",-118.073744,34.113022000000001
6662474,2014,2014-10-27,1931,2014-08-24,1523,529,1973,7,5,5,1931,0,0,0,,0,,"PACIFIC BL","SATURN AV",398.00,N,N,A,-,N,,,,,,,,,,N,4,0,1,2,A,-,11,21456,B,N,G,B,C,A,H,-,A,A,0,Y,,,,Y,,N,60,0,0,1,0,1,0,0,0,0,"- ","- ",,,"LOS ANGELES","HUNTINGTON PARK",-118.22519455,33.978001460000002
6663642,2014,2014-10-24,1925,2014-08-25,1345,20089,274,1,5,6,1925,0,0,0,,0,002,"LOS FELIZ RD","SAN FERNANDO RD",85.00,E,N,A,-,N,,,,,,,,,,N,4,0,1,2,A,-,21,22106,,N,G,B,F,A,H,-,A,D,0,Y,,,,Y,,D,22,0,0,1,0,1,0,0,0,0,"- ","- ",,,"LOS ANGELES",GLENDALE,-118.2590108,34.128464090000001
6663687,2014,2014-10-21,1925,2014-09-14,2114,24286,239,7,5,6,1925,0,0,0,,0,004,"CHEVY CHASE DR","VERDUGO RD",195.00,E,N,A,-,N,,,,,,,,,,N,3,0,1,2,A,-,08,22107,,N,G,B,E,A,H,-,C,D,0,Y,,,,Y,,-,,0,1,0,0,1,0,0,0,0,"- ","- ",,,"LOS ANGELES",GLENDALE,-118.23644,34.151240000000001
6664008,2014,2014-10-20,1900,2014-07-23,1710,31255,9999,3,5,4,1979,0,0,0,,0,7TL72,"FAIRFAX AV","WILLOUGHBY AV",10.00,N,N,A,-,N,,,,,,,,,,N,3,0,1,2,A,-,10,21950,A,N,G,B,B,A,H,-,A,D,0,Y,,,,Y,,A,01,0,1,0,0,1,0,0,0,0,"- ","- ",,,"LOS ANGELES","WEST HOLLYWOOD",-118.36154000000001,34.087217430000003
6664063,2014,2016-05-23,9525,2014-07-27,1320,019682,,7,1,5,1990,0,1,3,,2,602,"RT 60","RT 57",600.00,W,N,A,-,Y,LA,7,60,-,R,23.252,R,1,E,Y,3,0,2,4,A,-,07,21658,A,N,C,C,E,A,H,-,A,D,1,Y,,,,Y,,A,01,0,2,0,0,1,0,0,0,0,"- ","- ",34.001170000000002,-117.83944,"LOS ANGELES","DIAMOND BAR",-117.84010252,34.00123147
6664321,2014,2014-10-29,1942,2014-08-28,0655,30825,1995,4,5,7,1942,0,0,0,,0,17T15,"VAN NUYS BL","ARMINTA ST",0.00,,Y,A,-,N,,,,,,,,,,N,3,0,1,2,A,-,03,22350,,N,H,-,F,A,H,-,A,A,0,Y,Y,,,Y,,L,04,0,1,0,0,0,0,1,0,0,"- ","- ",,,"LOS ANGELES","LOS ANGELES",-118.44926008,34.213410099999997
6664332,2014,2014-10-22,1942,2014-08-12,1325,38033,2149,2,5,7,1942,0,0,0,,0,19TL72,"WINNETKA AV","SHERMAN WAY",10.00,N,N,A,-,N,,,,,,,,,,N,3,0,1,2,A,-,10,21950,A,N,G,B,B,A,H,-,A,A,0,Y,,,,Y,,A,01,0,1,0,0,1,0,0,0,0,"- ","- ",,,"LOS ANGELES","LOS ANGELES",-118.57098999999999,34.201167429999998
6664334,2014,2014-10-22,1942,2014-08-11,2210,38185,1981,1,5,7,1942,0,0,0,,0,19TL75,"ORION AV","RAYEN ST",225.00,S,N,A,-,N,,,,,,,,,,Y,3,0,1,2,B,-,22,,,N,G,B,F,A,H,-,C,A,0,Y,,,,Y,,A,01,0,1,0,0,1,0,0,0,0,"- ","- ",,,"LOS ANGELES","LOS ANGELES",-118.47201171,34.231302829999997
6664337,2014,2014-10-21,1942,2014-08-27,0735,41423,1908,3,5,7,1942,0,0,0,,0,19A1,"HUBBARD ST","FENTON AV",0.00,,Y,A,-,N,,,,,,,,,,N,4,0,2,3,A,-,11,21950,B,N,G,B,B,A,H,-,A,A,0,Y,,,,Y,,A,01,0,0,2,0,2,0,0,0,0,"- ","- ",,,"LOS ANGELES","LOS ANGELES",-118.42437002,34.312720059999997
6664346,2014,2016-06-04,1942,2014-08-24,2155,38181,1959,7,5,7,1942,0,0,0,,0,10T34,"VAN NUYS BL","VENA AV",75.00,E,N,A,-,Y,LA,7,5,-,-,38.339,R,4,N,N,2,0,1,2,A,-,11,21956,A,N,G,B,D,A,H,-,C,D,0,Y,,,,Y,,N,60,1,0,0,0,1,0,0,0,0,"- ","- ",,,"LOS ANGELES","LOS ANGELES",-118.43291022,34.254786609999996
6664386,2014,2014-10-22,1942,2014-08-28,0805,41423,1982,4,5,7,1942,0,0,0,,0,19A7,"MEMORY PARK AV","RAYEN ST",0.00,,Y,A,-,N,,,,,,,,,,N,3,0,1,2,A,-,10,21950,A,N,G,B,B,A,-,-,A,D,0,Y,,,,Y,,A,01,0,1,0,0,1,0,0,0,0,"- ","- ",,,"LOS ANGELES","LOS ANGELES",-118.46437012,34.231840030000001
6664389,2014,2014-10-21,1942,2014-08-30,1950,40207,1682,6,5,7,1942,0,0,0,P,0,19T75,"REDBANK ST","AMBOY AV",0.00,,Y,A,-,N,,,,,,,,,,N,3,0,1,2,A,-,12,22450,A,F,G,B,B,A,H,-,C,A,0,Y,,,,Y,Y,-,99,0,1,0,0,1,0,0,0,0,"- ","- ",,,"LOS ANGELES","LOS ANGELES",-118.39424,34.225710100000001
6664404,2014,2014-10-20,1925,2014-08-30,0942,24345,197,6,5,6,1925,0,0,0,,0,001,"DAVIS AV","SAN FERNANDO RD",2.00,N,N,A,-,N,,,,,,,,,,N,4,0,1,2,A,-,10,21950,A,N,G,B,B,A,H,-,A,A,0,Y,,,,Y,,A,,0,0,1,0,1,0,0,0,0,"- ","- ",,,"LOS ANGELES",GLENDALE,-118.28655557,34.164714070000002
6664429,2014,2014-10-22,1925,2014-09-07,2045,19980,254,7,5,6,1925,0,0,0,,0,003,"GLENDALE AV","ELK AV",46.00,S,N,A,-,N,,,,,,,,,,N,4,0,1,2,A,-,10,21952,,N,G,B,F,A,H,-,C,D,0,Y,,,,Y,Y,A,07,0,0,1,0,1,0,0,0,0,"- ","- ",,,"LOS ANGELES",GLENDALE,-118.24983093,34.141501169999998
6664438,2014,2014-10-22,1925,2014-09-18,1257,21601,224,4,5,6,1925,0,0,0,,0,002,"COLUMBUS AV",BROADWAY,0.00,,Y,A,-,N,,,,,,,,,,N,3,0,1,2,A,-,10,21950,A,F,G,B,B,A,H,-,A,A,0,Y,,,,Y,,A,01,0,1,0,0,1,0,0,0,0,"- ","- ",,,"LOS ANGELES",GLENDALE,-118.26133000999999,34.146860109999999
6664450,2014,2014-10-28,1925,2014-09-16,1829,21090,240,2,5,6,1925,0,0,0,,0,003,"WILSON AV","SINCLAIR AV",0.00,,Y,A,-,N,,,,,,,,,,N,3,0,1,2,A,-,10,21950,A,N,B,B,B,A,H,-,A,A,0,Y,,,,Y,,A,01,0,1,0,0,1,0,0,0,0,"- ","- ",,,"LOS ANGELES",GLENDALE,-118.23244013,34.14805011
6664525,2014,2014-10-22,1965,2014-09-26,0909,3178,B3C,5,5,5,1965,0,0,0,,0,B003,"20TH ST",COLORADO,48.00,S,N,A,-,N,,,,,,,,,,N,3,0,1,2,A,-,10,21950,A,N,G,B,B,A,H,-,A,A,0,Y,,,,Y,,A,01,0,1,0,0,1,0,0,0,0,"- ","- ",,,"LOS ANGELES","SANTA MONICA",-118.47679941,34.025915879999999
6664534,2014,2014-10-22,1976,2014-09-26,1953,858,,5,5,5,1976,0,0,0,,0,001,"PICKERING AV","HADLEY ST",45.00,S,N,A,-,N,,,,,,,,,,N,3,0,1,2,A,-,11,21954,A,N,G,B,D,A,H,-,C,D,0,Y,,,,Y,,N,60,0,1,0,0,1,0,0,0,0,"- ","- ",,,"LOS ANGELES",WHITTIER,-118.04206000000001,33.982586619999999