CASE_ID,ACCIDENT_YEAR,PROC_DATE,JURIS,COLLISION_DATE,COLLISION_TIME,OFFICER_ID,REPORTING_DISTRICT,DAY_OF_WEEK,CHP_SHIFT,POPULATION,CNTY_CITY_LOC,SPECIAL_COND,BEAT_TYPE,CHP_BEAT_TYPE,CITY_DIVISION_LAPD,CHP_BEAT_CLASS,BEAT_NUMBER,PRIMARY_RD,SECONDARY_RD,DISTANCE,DIRECTION,INTERSECTION,WEATHER_1,WEATHER_2,STATE_HWY_IND,CALTRANS_COUNTY,CALTRANS_DISTRICT,STATE_ROUTE,ROUTE_SUFFIX,POSTMILE_PREFIX,POSTMILE,LOCATION_TYPE,RAMP_INTERSECTION,SIDE_OF_HWY,TOW_AWAY,COLLISION_SEVERITY,NUMBER_KILLED,NUMBER_INJURED,PARTY_COUNT,PRIMARY_COLL_FACTOR,PCF_CODE_OF_VIOL,PCF_VIOL_CATEGORY,PCF_VIOLATION,PCF_VIOL_SUBSECTION,HIT_AND_RUN,TYPE_OF_COLLISION,MVIW,PED_ACTION,ROAD_SURFACE,ROAD_COND_1,ROAD_COND_2,LIGHTING,CONTROL_DEVICE,CHP_ROAD_TYPE,PEDESTRIAN_ACCIDENT,BICYCLE_ACCIDENT,MOTORCYCLE_ACCIDENT,TRUCK_ACCIDENT,NOT_PRIVATE_PROPERTY,ALCOHOL_INVOLVED,STWD_VEHTYPE_AT_FAULT,CHP_VEHTYPE_AT_FAULT,COUNT_SEVERE_INJ,COUNT_VISIBLE_INJ,COUNT_COMPLAINT_PAIN,COUNT_PED_KILLED,COUNT_PED_INJURED,COUNT_BICYCLIST_KILLED,COUNT_BICYCLIST_INJURED,COUNT_MC_KILLED,COUNT_MC_INJURED,PRIMARY_RAMP,SECONDARY_RAMP,LATITUDE,LONGITUDE,COUNTY,CITY,POINT_X,POINT_Y
6664536,2014,2014-10-21,1942,2014-09-09,1635,38471,2187,2,5,7,1942,0,0,0,,0,16TL26,"ALHAMA DR","VENTURA BL",15.00,S,N,A,-,N,,,,,,,,,,N,3,0,1,2,A,-,10,21950,A,N,A,B,B,A,H,-,A,A,0,Y,,,,Y,,A,01,0,1,0,0,1,0,0,0,0,"- ","- ",,,"LOS ANGELES","LOS ANGELES",-118.59278266,34.166910219999998
6664569,2014,2014-12-15,1956,2014-10-02,0739,1236,26,4,5,5,1956,0,0,0,,0,002,"DIAMOND ST","MARIA AV",0.00,,Y,A,-,N,,,,,,,,,,N,3,0,1,2,A,-,11,21956,,N,G,B,E,A,H,-,A,D,0,Y,,,,Y,,N,60,0,1,0,0,1,0,0,0,0,"- ","- ",,,"LOS ANGELES","REDONDO BEACH",-118.38053008999999,33.85029007
6664577,2014,2014-12-16,1956,2014-10-04,1500,1252,01,6,5,5,1956,0,0,0,,0,001,"CATALINA AV","PALOS VERDES BL",0.00,,Y,A,-,N,,,,,,,,,,N,3,0,2,3,A,-,10,21950,A,N,G,B,B,A,H,-,A,A,0,Y,,,,Y,,A,07,0,1,1,0,2,0,0,0,0,"- ","- ",,,"LOS ANGELES","REDONDO BEACH",-118.38659005,33.815400060000002
6664617,2014,2014-12-15,1976,2014-10-03,2111,858,,5,5,5,1976,0,0,0,,0,001,"HAVILAND AV","HADLEY ST",15.00,N,N,A,-,N,,,,,,,,,,N,2,0,1,2,A,-,"- ",,,N,G,B,B,A,H,-,C,D,0,Y,,,,Y,,A,07,1,0,0,0,1,0,0,0,0,"- ","- ",,,"LOS ANGELES",WHITTIER,-118.0317,33.982709999999997
6664624,2014,2014-12-10,1942,2014-10-03,2120,35471,0901,5,5,7,1942,0,0,0,I,0,19T75,"SEPULVEDA BL","COVELLO ST",0.00,,Y,A,-,N,,,,,,,,,,N,2,0,1,2,A,-,10,21950,A,N,G,B,B,A,H,-,C,A,0,Y,,,,Y,,A,01,1,0,0,0,1,0,0,0,0,"- ","- ",,,"LOS ANGELES","LOS ANGELES",-118.46621004000001,34.20753011
6664640,2014,2015-08-03,1942,2014-10-02,1920,27792,1028,4,5,7,1942,0,0,0,J,0,10T35W,"BALBOA BL","SHERMAN WAY",379.00,N,N,A,-,N,,,,,,,,,,N,2,0,1,2,A,-,11,21955,,F,G,B,D,A,H,-,C,D,0,Y,,,,Y,Y,N,60,1,0,0,0,1,0,0,0,0,"- ","- ",,,"LOS ANGELES","LOS ANGELES",-118.50113,34.202269569999999
6664789,2014,2014-12-12,1942,2014-10-04,1900,30211,0477,6,5,7,1942,0,0,0,D,0,4A98,"SOTO ST","TERRACE HEIGHTS",64.00,S,N,A,-,N,,,,,,,,,,N,2,0,1,2,A,-,10,21950,C,N,G,B,E,A,G,-,C,D,0,Y,,,,Y,,A,01,1,0,0,0,1,0,0,0,0,"- ","- ",,,"LOS ANGELES","LOS ANGELES",-118.21493794,34.035594580000001
6664887,2014,2014-11-13,1948,2014-09-09,1257,398,1948,2,5,5,1948,0,0,0,,0,001,"1ST ST","COLLEGIAN AV",0.00,,Y,A,-,N,,,,,,,,,,N,3,0,1,2,A,-,10,21950,A,N,G,B,B,A,H,-,A,A,0,Y,,,,Y,,A,01,0,1,0,0,1,0,0,0,0,"- ","- ",,,"LOS ANGELES","MONTEREY PARK",-118.14891011,34.037170099999997
6664905,2014,2015-01-08,1916,2014-09-06,1602,2235,49A,6,5,4,1916,0,0,0,,0,002,"CITRUS AV",COLLEGE,54.00,S,N,A,-,N,,,,,,,,,,Y,4,0,2,3,A,-,08,22107,,N,A,B,F,A,H,-,A,A,0,Y,,,,Y,,A,01,0,0,2,0,1,0,0,0,0,"- ","- ",,,"LOS ANGELES",COVINA,-117.89016745000001,34.08728198
6664959,2014,2015-03-11,1948,2014-09-05,1846,449,1948,5,5,5,1948,0,0,0,,0,002,"EAST GARVEY AV","N GLADYS AV",104.00,E,N,A,-,N,,,,,,,,,,N,2,0,1,2,A,-,11,21956,A,N,G,B,E,A,H,-,A,D,0,Y,,,,Y,,N,60,1,0,0,0,1,0,0,0,0,"- ","- ",,,"LOS ANGELES","MONTEREY PARK",-118.11149734999999,34.062600000000003
6664987,2014,2014-12-12,1965,2014-10-05,1153,3158,0B1F,7,5,5,1965,0,0,0,,0,B001,"PACIFIC ST","MAIN ST",0.00,,Y,A,-,N,,,,,,,,,,N,4,0,1,2,A,-,10,21950,A,N,G,B,B,A,H,-,A,A,0,Y,,Y,,Y,,C,02,0,0,1,0,1,0,0,0,0,"- ","- ",,,"LOS ANGELES","SANTA MONICA",-118.48738007999999,34.005630099999998
6666166,2014,2014-12-15,1900,2014-10-10,2312,527056,2608,5,5,6,1950,0,0,0,,0,264T1,"AVENUE S","30TH ST E",0.00,,Y,A,-,N,,,,,,,,,,N,4,0,1,2,A,-,10,21950,A,N,G,B,B,A,H,-,C,A,0,Y,,,,Y,,A,01,0,0,1,0,1,0,0,0,0,"- ","- ",,,"LOS ANGELES",PALMDALE,-118.07626999999999,34.558129999999998
6666213,2014,2014-12-16,1942,2014-10-06,2230,39022,0706,1,5,7,1942,0,0,0,G,0,8T35,"HIGHLAND AV","MELROSE AV",5.00,N,N,A,-,N,,,,,,,,,,N,4,0,2,3,A,-,10,21950,A,N,G,B,B,A,H,-,C,A,0,Y,,,,Y,,A,01,0,0,2,0,2,0,0,0,0,"- ","- ",,,"LOS ANGELES","LOS ANGELES",-118.33857999999999,34.083483710000003
6666248,2014,2014-12-15,1942,2014-10-01,0530,38282,2005,3,5,7,1942,0,0,0,,0,7T23,"MELROSE AV","NORMANDIE AV",0.00,,Y,A,-,N,,,,,,,,,,N,3,0,1,2,A,-,11,21453,D,N,G,B,B,A,H,-,C,A,0,Y,,,,Y,Y,N,60,0,1,0,0,1,0,0,0,0,"- ","- ",,,"LOS ANGELES","LOS ANGELES",-118.30048004,34.083550070000001
6666260,2014,2014-12-12,1942,2014-10-04,2255,33452,2069,6,5,7,1942,0,0,0,,0,2T15,"HOOVER ST","11TH ST",141.00,S,N,A,-,N,,,,,,,,,,N,4,0,1,2,A,-,11,21954,A,N,G,B,E,A,H,-,C,D,0,Y,,,,Y,,N,60,0,0,1,0,1,0,0,0,0,"- ","- ",,,"LOS ANGELES","LOS ANGELES",-118.28418000000001,34.051403409999999
6666316,2014,2016-02-17,1905,2014-10-04,1005,1140,341,6,5,4,1905,0,0,0,,0,061,"AZUSA AV","S NEWBURGH ST",0.00,,Y,A,-,N,,,,,,,,,,N,4,0,1,2,A,-,11,21950,B,N,G,B,B,A,-,-,A,A,0,Y,,,,Y,,N,60,0,0,1,0,1,0,0,0,0,"- ","- ",,,"LOS ANGELES",AZUSA,-117.90773013,34.110280109999998
6666352,2014,2014-12-17,1942,2014-10-03,2035,33452,0159,5,5,7,1942,0,0,0,A,0,2T15,"ALAMEDA ST",PALMETTO,14.00,N,N,A,-,N,,,,,,,,,,N,2,0,1,2,A,-,11,21954,A,N,G,B,E,A,H,-,C,D,0,Y,,,,Y,,N,60,1,0,0,0,1,0,0,0,0,"- ","- ",,,"LOS ANGELES","LOS ANGELES",-118.23832779,34.039908349999997
6666364,2014,2014-12-17,1942,2014-10-04,0710,31387,727,6,5,7,1942,0,0,0,,0,6TL7,"BEVERLY BL","LA BREA AV",0.00,,Y,A,-,N,,,,,,,,,,N,3,0,1,2,A,-,"- ",,,N,-,B,B,A,H,-,A,A,0,Y,,,,Y,,A,01,0,1,0,0,1,0,0,0,0,"- ","- ",,,"LOS ANGELES","LOS ANGELES",-118.34404007000001,34.07617003
6666368,2014,2014-12-17,1942,2014-10-06,0650,36083,0762,1,5,7,1942,0,0,0,G,0,7T23,"PICO BL","HI POINT AV",0.00,,Y,A,-,N,,,,,,,,,,Y,4,0,1,2,A,-,10,21950,A,N,G,B,B,A,H,-,A,A,0,Y,,,,Y,,A,01,0,0,1,0,1,0,0,0,0,"- ","- ",,,"LOS ANGELES","LOS ANGELES",-118.36898007000001,34.051960039999997
6666698,2014,2014-11-17,1900,2014-09-25,2140,478963,6455,4,5,6,1949,0,0,0,,0,43T1E,"166TH ST","ERIC AV",2.00,W,N,A,-,N,,,,,,,,,,N,3,0,1,2,A,-,11,21954,A,M,G,B,D,A,H,-,C,D,0,Y,,,,Y,,N,60,0,1,0,0,1,0,0,0,0,"- ","- ",,,"LOS ANGELES",NORWALK,-118.09497657,33.88031986
6667008,2014,2014-11-26,1953,2014-10-07,1001,7867,,2,5,6,1953,0,0,0,,0,003,"SIERRA BONITA","WASHINGTON BL",0.00,,Y,A,-,N,,,,,,,,,,N,4,0,1,2,D,-,00,,,N,A,B,-,A,H,-,A,A,0,Y,,,,Y,,-,"- ",0,0,1,0,1,0,0,0,0,"- ","- ",,,"LOS ANGELES",PASADENA,-118.11780005,34.169100030000003
6667116,2014,2014-12-10,9530,2014-09-29,1455,20137,,1,2,9,1900,0,3,5,,2,003,"SAN LUIS ST","COOACRE ST",8.00,S,N,A,-,N,,,,,,,,,,N,4,0,1,2,A,-,11,21950,B,N,G,B,B,A,H,-,A,D,0,Y,,,,Y,,N,60,0,0,1,0,1,0,0,0,0,"- ","- ",33.896920000000001,-118.19462,"LOS ANGELES",UNINCORPORATED,-118.19459000000001,33.896990000000002
6667306,2014,2014-11-03,1942,2014-09-30,1715,37438,2079,2,5,7,1942,0,0,0,,0,7T38,"ORCHARD AV","15TH ST",3.00,S,N,A,-,N,,,,,,,,,,Y,3,0,1,2,A,-,10,21950,A,N,G,B,B,A,H,-,A,D,0,Y,,,,Y,,D,22,0,1,0,0,1,0,0,0,0,"- ","- ",,,"LOS ANGELES","LOS ANGELES",-118.28855,34.045261770000003
6667342,2014,2014-12-12,1942,2014-10-02,2359,38357,0191,4,5,7,1942,0,0,0,A,0,13T53,"WRIGHT ST","VENICE BL",377.00,N,N,A,-,N,,,,,,,,,,Y,4,0,1,2,A,-,21,22106,,F,G,B,E,A,H,-,C,D,0,Y,,,,Y,,D,22,0,0,1,0,1,0,0,0,0,"- ","- ",,,"LOS ANGELES","LOS ANGELES",-118.27256541,34.039712950000002
6667353,2014,2016-06-24,1976,2014-10-08,1851,485,,3,5,5,1976,0,0,0,,0,004,"WHITTIER BL","COLIMA RD",20.00,E,N,A,-,Y,LA,7,72,-,-,1.840,H,-,S,N,3,0,1,2,A,-,11,21954,A,N,G,B,D,A,H,-,C,A,0,Y,,,,Y,,N,60,0,1,0,0,1,0,0,0,0,"- ","- ",,,"LOS ANGELES",WHITTIER,-118.00633847,33.948675739999999
6667399,2014,2014-10-28,1900,2014-09-26,2100,600316,2611,5,5,6,1950,0,0,0,,0,265H,"2ND ST E","AVE Q-7",0.00,,Y,A,G,N,,,,,,,,,,N,3,0,1,2,A,-,10,21950,A,M,-,B,B,A,H,-,C,D,0,Y,,,,Y,,D,22,0,1,0,0,1,0,0,0,0,"- ","- ",,,"LOS ANGELES",PALMDALE,-118.12766008,34.580910060000001
6667455,2014,2014-11-05,9530,2014-09-29,0730,13604,,1,1,9,1900,0,3,5,,2,001,"COMPTON AV","62ND ST",5.00,S,N,A,-,N,,,,,,,,,,N,4,0,1,2,A,-,10,21950,A,N,G,B,B,A,H,-,A,D,0,Y,,,,Y,,A,01,0,0,1,0,1,0,0,0,0,"- ","- ",33.983069999999998,-118.24766,"LOS ANGELES",UNINCORPORATED,-118.24773999999999,33.983856289999999
6667475,2014,2014-11-10,1900,2014-09-11,1800,526389,2813,4,5,5,1915,0,0,0,,0,283T1,"ROSECRANS AV","WILLOWBROOK AV",0.00,,Y,A,-,N,,,,,,,,,,N,3,0,1,2,A,-,10,21950,A,F,D,B,E,A,H,-,A,A,0,Y,,,,Y,,A,01,0,1,0,0,1,0,0,0,0,"- ","- ",,,"LOS ANGELES",COMPTON,-118.22509008,33.903400040000001
6667520,2014,2014-11-04,1900,2014-09-11,0730,552336,2608,4,5,6,1950,0,0,0,,0,263T1,"25TH ST EAST","AVENUE R-14",229.00,S,N,A,-,N,,,,,,,,,,N,3,0,1,2,A,-,10,21952,,F,G,B,F,A,H,-,A,D,0,Y,,,,Y,,A,01,0,1,0,0,1,0,0,0,0,"- ","- ",,,"LOS ANGELES",PALMDALE,-118.08489,34.559332210000001
6667521,2014,2014-11-07,1900,2014-09-16,0900,530043,2608,2,5,6,1950,0,0,0,,0,264T1,"AVENUE S","40TH ST EAST",0.00,,Y,A,-,N,,,,,,,,,,N,3,0,1,2,A,-,10,21950,A,F,G,B,B,A,H,-,A,A,0,Y,,,,Y,,A,07,0,1,0,0,1,0,0,0,0,"- ","- ",,,"LOS ANGELES",PALMDALE,-118.05857005999999,34.558100080000003
6667582,2014,2014-11-07,1905,2014-09-23,1712,1125,324,2,5,4,1905,0,0,0,,0,073,"FENIMORE AV","ALOSTA AV",0.00,,Y,A,-,N,,,,,,,,,,N,4,0,1,2,A,-,10,21950,A,N,G,B,B,A,H,-,A,A,0,Y,,,,Y,,A,01,0,0,1,0,1,0,0,0,0,"- ","- ",,,"LOS ANGELES",AZUSA,-117.89269009,34.129460029999997
6667618,2014,2016-01-13,1942,2014-09-28,1610,39622,2011,7,5,7,1942,0,0,0,,0,20T56,"WESTERN AV","1ST ST",8.00,S,N,A,-,N,,,,,,,,,,N,3,0,1,2,A,-,10,21950,A,N,G,B,B,A,H,-,A,A,0,Y,,,,Y,,A,01,0,1,0,0,1,0,0,0,0,"- ","- ",,,"LOS ANGELES","LOS ANGELES",-118.30913099999999,34.07302
6667622,2014,2014-11-03,1942,2014-09-29,1830,36602,2019,1,5,7,1942,0,0,0,,0,20T59,"COMMONWEALTH AV","2ND ST",295.00,N,N,A,-,N,,,,,,,,,,N,3,0,1,2,A,-,11,21954,A,N,G,B,D,A,H,-,C,D,0,Y,,,,Y,,N,60,0,1,0,0,1,0,0,0,0,"- ","- ",,,"LOS ANGELES","LOS ANGELES",-118.28555741,34.071252540000003
6667658,2014,2014-11-03,1942,2014-09-30,1740,37556,2011,2,5,7,1942,0,0,0,,0,20X46,"2ND ST","MANHATTAN PL",20.00,W,N,A,-,N,,,,,,,,,,N,3,0,1,2,A,-,11,21955,,N,G,B,D,A,H,-,A,A,0,Y,,,,Y,,N,60,0,1,0,0,1,0,0,0,0,"- ","- ",,,"LOS ANGELES","LOS ANGELES",-118.31045591,34.071120000000001
6667841,2014,2016-01-12,1942,2014-09-04,1620,39217,1916,4,5,7,1942,0,0,0,,0,16T24,"DRONFIELD AV","HUBBARD ST",0.00,,Y,A,-,N,,,,,,,,,,N,4,0,1,2,A,-,10,21950,A,N,G,B,B,A,H,-,A,A,0,Y,,,,Y,,H,13,0,0,1,0,1,0,0,0,0,"- ","- ",,,"LOS ANGELES","LOS ANGELES",-118.43327011,34.304780110000003
6667917,2014,2015-04-22,1922,2014-09-15,1726,607,,1,5,6,1922,0,0,0,,0,,"GARVEY AV","CENTRAL AV",20.00,E,N,A,-,N,,,,,,,,,,Y,1,1,0,3,B,-,22,,,N,B,C,F,A,H,-,A,D,0,Y,,,,Y,,A,01,0,0,0,1,0,0,0,0,0,"- ","- ",,,"LOS ANGELES","EL MONTE",-118.04685411,34.062730000000002
6667936,2014,2015-01-29,1972,2014-09-03,2139,17649,,3,5,6,1972,0,0,0,,0,,"CARSON ST","CABRILLO AV",0.00,,Y,A,-,N,,,,,,,,,,N,3,0,1,2,A,-,11,21453,D,N,G,B,B,A,H,-,C,A,0,Y,,,,Y,,N,,0,1,0,0,1,0,0,0,0,"- ","- ",,,"LOS ANGELES",TORRANCE,-118.31444009000001,33.831440059999998
6668162,2014,2014-10-27,1900,2014-09-02,2025,526680,1618,2,5,5,1977,0,0,0,,0,167T1,"223 RD ST","GRACE AV",90.00,E,N,A,-,N,,,,,,,,,,N,4,0,1,2,A,-,11,21950,B,M,G,B,D,A,H,-,C,D,0,Y,,,,Y,,N,60,0,0,1,0,1,0,0,0,0,"- ","- ",,,"LOS ANGELES",CARSON,-118.26775000000001,33.824193999999999
6668272,2014,2014-10-23,1922,2014-09-18,1847,505,,4,5,6,1922,0,0,0,,0,,"VALLEY BL","ARDEN DR",20.00,W,N,A,-,N,,,,,,,,,,N,3,0,1,2,A,-,11,21954,A,N,G,B,D,A,H,-,A,A,0,Y,,,,Y,,N,60,0,1,0,0,1,0,0,0,0,"- ","- ",,,"LOS ANGELES","EL MONTE",-118.04629389,34.076593449999997
6668277,2014,2014-10-23,1922,2014-09-25,1935,505,,4,5,6,1922,0,0,0,,0,,"LOWER AZUSA RD","PECK RD",30.00,W,N,A,-,N,,,,,,,,,,N,4,0,1,2,A,-,10,21950,A,N,G,B,B,A,H,-,C,A,0,Y,,,,Y,,A,08,0,0,1,0,1,0,0,0,0,"- ","- ",,,"LOS ANGELES","EL MONTE",-118.0146482,34.090959550000001
6668680,2014,2014-12-12,1942,2014-10-01,1100,32896,2024,3,5,7,1942,0,0,0,,0,14TL47,"ARDMORE AV","6TH ST",0.00,,Y,A,-,N,,,,,,,,,,N,2,0,1,2,A,-,10,21950,A,N,G,B,B,A,H,-,A,A,0,Y,,,,Y,,D,22,1,0,0,0,1,0,0,0,0,"- ","- ",,,"LOS ANGELES","LOS ANGELES",-118.30159012,34.063580109999997
6668722,2014,2014-10-23,1942,2014-09-23,1950,38897,0963,2,5,7,1942,0,0,0,I,0,9A89,"MAGNOLIA AV","KESTER AV",0.00,,Y,A,-,N,,,,,,,,,,N,4,0,1,2,A,-,10,21950,A,F,G,B,B,A,H,-,C,A,0,Y,,,,Y,,-,99,0,0,1,0,1,0,0,0,0,"- ","- ",,,"LOS ANGELES","LOS ANGELES",-118.45741006,34.164850110000003
6668757,2014,2014-10-23,1942,2014-09-29,2010,40870,1541,1,5,7,1942,0,0,0,O,0,15A43,"CHANDLER BL","WHITSETT AV",2.00,W,N,A,-,N,,,,,,,,,,N,4,0,1,2,A,-,12,21453,A,F,G,B,B,A,H,-,C,A,0,Y,,,,Y,,-,99,0,0,1,0,1,0,0,0,0,"- ","- ",,,"LOS ANGELES","LOS ANGELES",-118.40527659999999,34.168680000000002
6668760,2014,2014-10-23,1942,2014-09-29,1300,32366,1657,1,5,7,1942,0,0,0,P,0,35MQ13,"FOOTHILL BL","HILLHAVEN AV",0.00,,Y,A,-,N,,,,,,,,,,N,3,0,1,2,A,-,"- ",,,F,G,B,B,A,H,-,A,A,0,Y,,,,Y,,-,99,0,1,0,0,1,0,0,0,0,"- ","- ",,,"LOS ANGELES","LOS ANGELES",-118.29083009,34.249920090000003
6668801,2014,2014-12-15,1942,2014-10-06,0740,37080,1513,1,5,7,1942,0,0,0,O,0,21TL63,"ARCHWOOD ST","WHITSETT AV",0.00,,Y,A,-,N,,,,,,,,,,N,4,0,1,3,A,-,10,21950,A,F,G,B,B,A,H,-,A,A,0,Y,,,,Y,,-,99,0,0,1,0,1,0,0,0,0,"- ","- ",,,"LOS ANGELES","LOS ANGELES",-118.4052501,34.19211001
6668804,2014,2015-01-12,1942,2014-10-01,2245,36336,0937,3,5,7,1942,0,0,0,I,0,16T25,"VICTORY BL","WOODMAN AV",350.00,W,N,A,-,N,,,,,,,,,,N,4,0,1,2,A,-,"- ",,,F,G,B,E,A,H,-,C,D,0,Y,,,,Y,,-,"- ",0,0,1,0,1,0,0,0,0,"- ","- ",,,"LOS ANGELES","LOS ANGELES",-118.43241513,34.186669999999999
6668865,2014,2014-11-21,1942,2014-10-03,1610,34959,2034,5,5,7,1942,0,0,0,,0,20T56,"KINGSLEY DR","WILSHIRE BL",163.00,N,N,A,-,N,,,,,,,,,,N,2,0,1,2,A,-,11,21955,,N,G,B,D,A,H,-,A,D,0,Y,,,,Y,,N,60,1,0,0,0,1,0,0,0,0,"- ","- ",,,"LOS ANGELES","LOS ANGELES",-118.30312000000001,34.061729999999997
6668866,2014,2014-11-21,1942,2014-10-03,1611,34959,2034,5,5,7,1942,0,0,0,,0,20T56,"KINGSLEY DR","WILSHIRE BL",169.00,N,N,A,-,N,,,,,,,,,,N,2,0,1,2,A,-,11,21955,,N,G,B,D,A,H,-,A,D,0,Y,,,,Y,,N,60,1,0,0,0,1,0,0,0,0,"- ","- ",,,"LOS ANGELES","LOS ANGELES",-118.30312000000001,34.061729999999997
6668868,2014,2014-11-21,1942,2014-10-05,0050,25495,0646,7,5,7,1942,0,0,0,F,0,7T23,"LAS PALMAS AV","SELMA AV",155.00,S,N,A,-,N,,,,,,,,,,N,3,0,1,2,A,-,03,22350,,F,G,B,E,A,H,-,C,D,0,Y,,,,Y,Y,A,01,0,1,0,0,1,0,0,0,0,"- ","- ",,,"LOS ANGELES","LOS ANGELES",-118.33633761999999,34.099275009999999
6668879,2014,2014-11-21,1942,2014-10-07,1510,40119,1963,2,5,7,1942,0,0,0,,0,19T72,"VAN NUYS BL","PLUMMER ST",8.00,N,N,A,-,N,,,,,,,,,,N,4,0,1,2,A,-,10,21950,A,F,A,B,B,A,H,-,A,D,0,Y,,,,Y,,-,99,0,0,1,0,1,0,0,0,0,"- ","- ",,,"LOS ANGELES","LOS ANGELES",-118.45023,34.242701940000003
6669051,2014,2014-12-16,1942,2014-10-13,0750,36571,1239,1,5,7,1942,0,0,0,L,0,3TL5,"MENLO AV","60TH ST",0.00,,Y,A,-,N,,,,,,,,,,N,3,0,1,2,A,-,10,21950,A,F,G,B,B,A,H,-,A,A,0,Y,,,,Y,,-,99,0,1,0,0,1,0,0,0,0,"- ","- ",,,"LOS ANGELES","LOS ANGELES",-118.28927009,33.985510069999997
6669055,2014,2014-12-16,1942,2014-10-12,2110,40476,1266,7,5,7,1942,0,0,0,L,0,18T23,FIGUEROA,"82ND ST",8.00,N,N,A,-,N,,,,,,,,,,N,3,0,1,2,A,-,10,21950,A,F,G,B,B,A,H,-,C,A,0,Y,,,,Y,,-,99,0,1,0,0,1,0,0,0,0,"- ","- ",,,"LOS ANGELES","LOS ANGELES",-118.28272044000001,33.965051940000002
6669281,2014,2015-01-13,9530,2014-09-12,1230,13604,,5,1,9,1900,0,3,5,,2,001,"HOOPER AV","68TH ST",5.00,N,N,A,-,N,,,,,,,,,,N,4,0,1,2,A,-,10,21950,A,F,G,B,B,A,H,-,A,A,0,Y,,,,Y,,-,99,0,0,1,0,1,0,0,0,0,"- ","- ",33.978540000000002,-118.25201,"LOS ANGELES",UNINCORPORATED,-118.25206,33.978413709999998
6669317,2014,2014-11-20,1942,2014-09-29,2148,38357,0237,1,5,7,1942,0,0,0,B,0,2TL15,"GLENDALE BL","COURT ST",11.00,S,N,A,-,N,,,,,,,,,,N,2,0,1,2,A,-,11,21950,B,N,G,B,B,A,H,-,C,A,0,Y,,,,Y,Y,N,60,1,0,0,0,1,0,0,0,0,"- ","- ",,,"LOS ANGELES","LOS ANGELES",-118.26025333,34.06561035
6669322,2014,2014-11-13,1947,2014-09-16,1520,1397,,2,5,5,1947,0,0,0,,0,00E,"MAPLE AV","OLYMPIC BL",100.00,S,N,A,-,N,,,,,,,,,,N,3,0,1,2,A,-,11,21954,A,N,D,B,D,A,H,-,A,D,0,Y,,,,Y,,N,60,0,1,0,0,1,0,0,0,0,"- ","- ",,,"LOS ANGELES",MONTEBELLO,-118.11773173,34.008194369999998
6669329,2014,2014-11-13,1942,2014-09-20,0115,41671,1317,6,5,7,1942,0,0,0,M,0,,"NAOMI AV","12TH AV",0.00,,Y,A,-,N,,,,,,,,,,N,2,0,1,2,A,-,12,22450,A,N,G,B,B,A,H,-,C,A,0,Y,,,,Y,,A,01,1,0,0,0,1,0,0,0,0,"- ","- ",,,"LOS ANGELES","LOS ANGELES",-118.24348009000001,34.028680110000003
6669354,2014,2014-11-13,1942,2014-09-21,0020,40032,1834,7,5,7,1942,0,0,0,R,0,18A35,"AVALON BL","107TH ST",150.00,S,N,A,-,N,,,,,,,,,,N,2,0,1,2,A,-,11,21954,A,F,G,B,D,A,H,-,C,D,0,Y,,,,Y,,N,60,1,0,0,0,1,0,0,0,0,"- ","- ",,,"LOS ANGELES","LOS ANGELES",-118.26519527000001,33.938878649999999
6669358,2014,2014-11-13,1942,2014-09-28,1730,41056,1827,7,5,7,1942,0,0,0,R,0,12T41,"CROESUS AV","95TH ST",122.00,N,N,A,-,N,,,,,,,,,,Y,2,0,3,7,A,-,01,23152,A,N,B,E,E,A,H,-,A,A,0,Y,,,,Y,Y,A,01,2,1,0,0,2,0,0,0,0,"- ","- ",,,"LOS ANGELES","LOS ANGELES",-118.2340425,33.950864520000003
6669501,2014,2015-01-07,9540,2014-09-30,0500,15381,,2,3,9,1900,0,2,4,,1,202,"SOLEDAD CANYON RD","AGUA DULCE CYN RD",10560.00,N,N,A,-,N,,,,,,,,,,N,3,0,1,2,A,-,11,21954,A,N,G,B,E,A,H,-,D,D,0,Y,,,,Y,,N,60,0,1,0,0,1,0,0,0,0,"- ","- ",,,"LOS ANGELES",UNINCORPORATED,-118.36389316,34.436520649999999
6669525,2014,2014-11-21,1924,2014-09-19,0843,111361,51,5,5,5,1924,0,0,0,,0,8M2,"ARTESIA BL","VERMONT AV",35.00,W,N,A,-,N,,,,,,,,,,N,4,0,1,2,A,-,11,21954,A,N,G,B,D,A,H,-,A,A,0,Y,,,,Y,,N,60,0,0,1,0,1,0,0,0,0,"- ","- ",,,"LOS ANGELES",GARDENA,-118.29104506,33.872871600000003
6669803,2014,2014-11-07,1924,2014-09-08,1352,111361,14,1,5,5,1924,0,0,0,,0,8M2,"135TH ST","HALLDALE AV",0.00,,Y,A,-,N,,,,,,,,,,N,2,0,1,2,D,-,00,,,N,G,B,-,A,H,-,A,D,0,Y,,,,Y,,-,"- ",1,0,0,0,1,0,0,0,0,"- ","- ",,,"LOS ANGELES",GARDENA,-118.30236001,33.909170019999998