CASE_ID,ACCIDENT_YEAR,PROC_DATE,JURIS,COLLISION_DATE,COLLISION_TIME,OFFICER_ID,REPORTING_DISTRICT,DAY_OF_WEEK,CHP_SHIFT,POPULATION,CNTY_CITY_LOC,SPECIAL_COND,BEAT_TYPE,CHP_BEAT_TYPE,CITY_DIVISION_LAPD,CHP_BEAT_CLASS,BEAT_NUMBER,PRIMARY_RD,SECONDARY_RD,DISTANCE,DIRECTION,INTERSECTION,WEATHER_1,WEATHER_2,STATE_HWY_IND,CALTRANS_COUNTY,CALTRANS_DISTRICT,STATE_ROUTE,ROUTE_SUFFIX,POSTMILE_PREFIX,POSTMILE,LOCATION_TYPE,RAMP_INTERSECTION,SIDE_OF_HWY,TOW_AWAY,COLLISION_SEVERITY,NUMBER_KILLED,NUMBER_INJURED,PARTY_COUNT,PRIMARY_COLL_FACTOR,PCF_CODE_OF_VIOL,PCF_VIOL_CATEGORY,PCF_VIOLATION,PCF_VIOL_SUBSECTION,HIT_AND_RUN,TYPE_OF_COLLISION,MVIW,PED_ACTION,ROAD_SURFACE,ROAD_COND_1,ROAD_COND_2,LIGHTING,CONTROL_DEVICE,CHP_ROAD_TYPE,PEDESTRIAN_ACCIDENT,BICYCLE_ACCIDENT,MOTORCYCLE_ACCIDENT,TRUCK_ACCIDENT,NOT_PRIVATE_PROPERTY,ALCOHOL_INVOLVED,STWD_VEHTYPE_AT_FAULT,CHP_VEHTYPE_AT_FAULT,COUNT_SEVERE_INJ,COUNT_VISIBLE_INJ,COUNT_COMPLAINT_PAIN,COUNT_PED_KILLED,COUNT_PED_INJURED,COUNT_BICYCLIST_KILLED,COUNT_BICYCLIST_INJURED,COUNT_MC_KILLED,COUNT_MC_INJURED,PRIMARY_RAMP,SECONDARY_RAMP,LATITUDE,LONGITUDE,COUNTY,CITY,POINT_X,POINT_Y
6669819,2014,2014-11-07,1924,2014-09-17,1110,111229,34,3,5,5,1924,0,0,0,,0,8M1,"REDONDO BEACH BL","DENKER AV",12.00,E,N,A,-,N,,,,,,,,,,N,3,0,1,2,A,-,10,21950,A,N,G,B,B,A,H,-,A,A,0,Y,,,,Y,,A,08,0,1,0,0,1,0,0,0,0,"- ","- ",,,"LOS ANGELES",GARDENA,-118.30467313,33.889961730000003
6669917,2014,2014-12-19,1900,2014-10-20,2158,526280,2912,1,5,4,1974,0,0,0,,0,291K1P,"WALNUT DR","BONITA AV",12.00,W,N,A,-,N,,,,,,,,,,N,4,0,1,2,A,-,10,21950,A,N,G,B,B,A,H,-,C,A,0,Y,,,,Y,,A,01,0,0,1,0,1,0,0,0,0,"- ","- ",,,"LOS ANGELES",WALNUT,-117.84058942999999,34.04904775
6669958,2014,2014-12-19,1953,2014-10-14,0823,1825,1953,2,5,6,1953,0,0,0,,0,002,"MOUNTAIN ST","MARENGO AV",0.00,,Y,A,-,N,,,,,,,,,,Y,3,0,1,2,A,-,10,21952,,N,G,B,B,A,H,-,A,A,0,Y,,,,Y,,A,01,0,1,0,0,1,0,0,0,0,"- ","- ",,,"LOS ANGELES",PASADENA,-118.14611001,34.161500050000001
6670261,2014,2014-10-27,1900,2014-07-30,2135,503650,1617,3,5,5,1977,0,0,0,,0,160T,"CARSON ST","FIGUEROA ST",0.00,,Y,A,-,N,,,,,,,,,,N,4,0,1,2,A,-,11,21950,B,N,G,B,B,A,H,-,C,A,0,Y,,,,Y,,N,60,0,0,1,0,1,0,0,0,0,"- ","- ",,,"LOS ANGELES",CARSON,-118.28613003,33.831600090000002
6670382,2014,2014-12-18,1942,2014-10-11,1740,34458,1109,6,5,7,1942,0,0,0,K,0,4TL4,"COLORADO BL","HERMOSA AV",12.00,W,N,A,-,N,,,,,,,,,,N,2,0,1,2,A,-,10,21950,A,N,G,B,B,A,H,-,A,A,0,Y,,,,Y,,A,08,1,0,0,0,1,0,0,0,0,"- ","- ",,,"LOS ANGELES","LOS ANGELES",-118.20747955,34.139368900000001
6670667,2014,2014-12-18,1931,2014-10-16,2142,5295,1931,4,5,5,1931,0,0,0,,0,002,"STATE ST","SLAUSON AV",14.00,S,N,B,-,N,,,,,,,,,,Y,4,0,2,3,A,-,01,23153,B,N,G,B,E,A,H,-,C,A,0,Y,,,,Y,Y,-,,0,0,2,0,2,0,0,0,0,"- ","- ",,,"LOS ANGELES","HUNTINGTON PARK",-118.212805,33.989137999999997
6670673,2014,2014-12-23,1941,2014-10-18,1658,10543,,6,5,7,1941,0,0,0,,0,,"ATLANTIC AV","CARSON ST",0.00,,Y,A,-,N,,,,,,,,,,N,3,0,1,2,A,-,10,21950,A,N,G,B,B,A,H,-,A,A,0,Y,,,,Y,,A,,0,1,0,0,1,0,0,0,0,"- ","- ",,,"LOS ANGELES","LONG BEACH",-118.18507013,33.83175009
6670683,2014,2014-12-18,1942,2014-10-02,1050,41327,0152,4,5,7,1942,0,0,0,A,0,1A84,"6TH ST","HOPE ST",12.00,E,N,A,-,N,,,,,,,,,,N,3,0,1,2,A,-,12,21453,A,N,G,B,B,A,H,-,A,A,0,Y,,,,Y,,A,01,0,1,0,0,1,0,0,0,0,"- ","- ",,,"LOS ANGELES","LOS ANGELES",-118.25633913999999,34.04943943
6670697,2014,2014-12-23,1941,2014-10-08,1904,10543,,3,5,7,1941,0,0,0,,0,,"SOUTH ST","DOWNEY AV",442.00,W,N,A,-,N,,,,,,,,,,N,2,0,1,2,A,-,11,21955,,N,G,B,D,A,H,-,C,A,0,Y,,,,Y,Y,N,,1,0,0,0,1,0,0,0,0,"- ","- ",,,"LOS ANGELES","LONG BEACH",-118.15118,33.860219999999998
6670705,2014,2014-12-23,1941,2014-10-14,1745,5158,644,2,5,7,1941,0,0,0,,0,014,"REDONDO AV","HILL ST",0.00,,Y,A,-,N,,,,,,,,,,N,3,0,1,2,A,-,11,21950,B,N,G,B,B,A,H,-,A,A,0,Y,,,,Y,,N,60,0,1,0,0,1,0,0,0,0,"- ","- ",,,"LOS ANGELES","LONG BEACH",-118.15139004,33.797120020000001
6670894,2014,2015-01-23,1900,2014-10-13,1000,541,1909,1,5,3,1914,0,0,0,,0,,"GAGE AV","GREENWOOD AV",0.00,,Y,A,-,N,,,,,,,,,,Y,3,0,1,2,A,-,10,21950,A,N,G,B,B,-,H,-,A,A,0,Y,,,,Y,,D,22,0,1,0,0,1,0,0,0,0,"- ","- ",,,"LOS ANGELES",COMMERCE,-118.13068004,33.973170039999999
6671102,2014,2014-10-29,1946,2014-08-11,1912,P55,,1,5,4,1946,0,0,0,,0,003,"OLIVE AV",MONTEREY,0.00,,Y,A,-,N,,,,,,,,,,N,3,0,1,2,A,-,11,21956,A,N,G,B,E,A,H,-,A,D,0,Y,,,,Y,,N,60,0,1,0,0,1,0,0,0,0,"- ","- ",,,"LOS ANGELES",MONROVIA,-118.01430010999999,34.144760099999999
6671471,2014,2014-11-12,1972,2014-09-26,1737,18874,,5,5,6,1972,0,0,0,,0,,"SIERRA ST","ARLINGTON AV",138.00,W,N,A,-,N,,,,,,,,,,N,4,0,1,2,A,-,11,21954,A,N,G,B,D,A,H,-,A,D,0,Y,,,,Y,,N,,0,0,1,0,1,0,0,0,0,"- ","- ",,,"LOS ANGELES",TORRANCE,-118.32096353999999,33.837954400000001
6671504,2014,2014-11-12,1942,2014-09-30,1140,27577,455,2,5,7,1942,0,0,0,,0,4A53,"CESAR CHAVEZ AV","SOTO ST",10.00,S,N,A,-,N,,,,,,,,,,N,4,0,1,2,A,-,10,21950,A,N,D,B,D,A,H,-,A,A,0,Y,,,,Y,,N,60,0,0,1,0,1,0,0,0,0,"- ","- ",,,"LOS ANGELES","LOS ANGELES",-118.20776499999999,34.046787999999999
6671570,2014,2015-01-16,1941,2014-10-13,0945,6317,,1,5,7,1941,0,0,0,,0,,"5TH ST","THE PROMENADE",0.00,,Y,A,-,N,,,,,,,,,,N,4,0,1,2,-,-,"- ",,,N,G,B,B,A,H,-,A,A,0,Y,,,,Y,,-,"- ",0,0,1,0,1,0,0,0,0,"- ","- ",,,"LOS ANGELES","LONG BEACH",-118.19054011999999,33.772680119999997
6671594,2014,2014-12-16,1969,2014-10-03,0215,20252,PATRO,5,5,5,1969,0,0,0,,0,0A1,"FIRESTONE BL","SANTA FE AV",0.00,,Y,A,-,N,,,,,,,,,,N,3,0,1,2,A,-,10,21950,A,F,G,B,B,A,H,-,C,A,0,Y,,,,Y,,-,99,0,1,0,0,1,0,0,0,0,"- ","- ",,,"LOS ANGELES","SOUTH GATE",-118.22483,33.956100069999998
6671711,2014,2014-11-21,1942,2014-09-26,1530,38942,1383,5,5,7,1942,0,0,0,M,0,13A93,BROADWAY,"61ST ST",40.00,N,N,A,-,N,,,,,,,,,,N,3,0,1,3,A,-,21,22106,,N,G,B,E,A,H,-,A,D,0,Y,,,,Y,,D,22,0,1,0,0,1,0,0,0,0,"- ","- ",,,"LOS ANGELES","LOS ANGELES",-118.278291,33.984321000000001
6671777,2014,2014-12-26,1942,2014-10-01,2150,39478,1395,3,5,7,1942,0,0,0,M,0,1395,CENTRAL,"66TH ST",0.00,,Y,A,-,N,,,,,,,,,,N,3,0,1,2,A,-,11,21956,A,N,G,B,D,A,H,-,C,D,0,Y,,,,Y,,N,60,0,1,0,0,1,0,0,0,0,"- ","- ",,,"LOS ANGELES","LOS ANGELES",-118.25646012,33.979990069999999
6671781,2014,2016-02-18,1942,2014-10-03,0905,39568,1309,5,5,7,1942,0,0,0,M,0,13A9,"E 11TH ST","SANTA FE AV",0.00,,Y,A,-,N,,,,,,,,,,N,4,0,1,2,A,-,10,21952,,N,G,B,B,A,H,-,A,D,0,Y,,,,Y,,-,,0,0,1,0,1,0,0,0,0,"- ","- ",,,"LOS ANGELES","LOS ANGELES",-118.23009005999999,34.023030030000001
6672087,2014,2015-12-22,1942,2014-09-29,2200,34257,1361,1,5,7,1942,0,0,0,M,0,13A63,BROADWAY,"47TH ST",100.00,N,N,A,-,N,,,,,,,,,,Y,3,0,1,2,A,-,11,21955,,N,G,B,D,A,H,-,C,D,0,Y,,,,Y,Y,N,60,0,1,0,0,1,0,0,0,0,"- ","- ",,,"LOS ANGELES","LOS ANGELES",-118.278347,34.001289
6672156,2014,2014-11-14,1920,2014-09-21,2015,12323,,7,5,6,1920,0,0,0,,0,006,"FIRESTONE BL","BROOKSHIRE AV",210.00,W,N,A,-,N,,,,,,,,,,Y,3,0,1,2,A,-,01,23153,A,F,G,B,E,A,H,-,C,D,0,Y,,,,Y,Y,A,01,0,1,0,0,1,0,0,0,0,"- ","- ",,,"LOS ANGELES",DOWNEY,-118.13024471999999,33.93852674
6672301,2014,2014-10-28,1942,2014-09-16,0820,39701,1778,2,5,7,1942,0,0,0,Q,0,21TL61,"LASSEN ST","MONTGOMERY AV",20.00,W,N,A,-,N,,,,,,,,,,N,3,0,1,2,A,-,08,22107,,F,G,B,E,A,H,-,A,A,0,Y,,,,Y,,-,99,0,1,0,0,1,0,0,0,0,"- ","- ",,,"LOS ANGELES","LOS ANGELES",-118.48179605999999,34.250120000000003
6672307,2014,2014-10-28,1942,2014-09-30,1355,33294,1964,2,5,7,1942,0,0,0,,0,35M74,"TUPPER ST","KESTER AV",0.00,,Y,A,-,N,,,,,,,,,,N,4,0,1,2,A,-,10,21950,A,F,G,B,B,A,H,-,A,A,0,Y,,,,Y,,-,99,0,0,1,0,1,0,0,0,0,"- ","- ",,,"LOS ANGELES","LOS ANGELES",-118.45619001999999,34.239090109999999
6672308,2014,2014-10-28,1942,2014-09-26,1320,30983,1994,5,5,7,1942,0,0,0,,0,10TL32,"VAN NUYS BL","ROSCOE BL",4.00,W,N,A,-,N,,,,,,,,,,N,4,0,1,2,A,-,10,21950,A,F,G,B,B,A,H,-,A,A,0,Y,,,,Y,,-,99,0,0,1,0,1,0,0,0,0,"- ","- ",,,"LOS ANGELES","LOS ANGELES",-118.44878,34.221530000000001
6672652,2014,2014-10-29,9550,2014-01-15,1435,019421,,3,2,9,1900,0,3,5,,2,005,"BOLANOS AV","ANDRADA DR",250.00,S,N,A,-,N,,,,,,,,,,N,2,0,1,2,A,-,09,21804,A,N,G,B,E,A,H,-,A,D,0,Y,,,,Y,,A,01,1,0,0,0,1,0,0,0,0,"- ","- ",33.986579999999996,-117.89154000000001,"LOS ANGELES",UNINCORPORATED,-117.89152469,33.986436189999999
6672660,2014,2014-10-29,9550,2014-01-13,0805,20392,,1,1,9,1900,0,2,4,,1,031,"HACIENDA BL","NEWTON ST",0.00,,Y,A,-,N,,,,,,,,,,N,4,0,1,2,A,-,10,21950,A,N,G,B,B,A,H,-,A,A,0,Y,,,,Y,,A,01,0,0,1,0,1,0,0,0,0,"- ","- ",33.995980000000003,-117.96826,"LOS ANGELES",UNINCORPORATED,-117.96822013000001,33.996050070000003
6672688,2014,2014-10-29,9550,2014-01-22,1525,019421,,3,2,9,1900,0,3,5,,2,002,"COLIMA RD","DUNTON DR",0.00,,Y,A,-,N,,,,,,,,,,N,3,0,1,2,A,-,11,21954,A,N,G,B,D,A,H,-,A,D,0,Y,,,,Y,,N,60,0,1,0,0,1,0,0,0,0,"- ","- ",33.938000000000002,-118.015,"LOS ANGELES",UNINCORPORATED,-118.01475000000001,33.937980099999997
6672696,2014,2014-10-29,9550,2014-01-22,0850,19293,,3,1,9,1900,0,3,5,,2,002,"CARMENITA RD","MEYER RD",0.00,,Y,A,-,N,,,,,,,,,,N,3,0,1,2,A,-,10,21950,A,N,G,B,B,A,H,-,A,A,0,Y,,,,Y,,A,07,0,1,0,0,1,0,0,0,0,"- ","- ",33.925640000000001,-118.04642,"LOS ANGELES",UNINCORPORATED,-118.04658008,33.925600029999998
6672698,2014,2016-02-05,9550,2014-01-26,2037,020597,,7,2,6,1949,0,1,1,,2,652,"RT 605","ALONDRA BL",1450.00,S,N,A,-,Y,LA,7,605,-,R,5.540,H,-,N,N,2,0,1,2,A,-,11,21954,A,N,G,B,E,A,H,-,C,D,1,Y,,,,Y,,N,60,1,0,0,0,1,0,0,0,0,"- ","- ",33.883159999999997,-118.10413,"LOS ANGELES",NORWALK,-118.10403229000001,33.883357879999998
6672723,2014,2014-10-30,9550,2014-02-05,1810,19346,,3,2,9,1900,0,2,4,,1,013,"NORWALK BL","CHOISSER ST",133.00,S,N,A,-,N,,,,,,,,,,Y,3,0,1,2,A,-,11,21954,A,N,G,B,D,A,H,-,C,D,0,Y,,,,Y,,N,60,0,1,0,0,1,0,0,0,0,"- ","- ",33.976170000000003,-118.07550000000001,"LOS ANGELES",UNINCORPORATED,-118.07562240999999,33.976086940000002
6672740,2014,2014-10-30,9550,2014-02-28,2132,19017,,5,2,9,1900,0,3,5,,2,005,"BATSON AV","CAMINO BELLO",75.00,N,N,B,-,N,,,,,,,,,,N,4,0,1,2,A,-,11,21954,A,N,G,B,D,A,H,-,C,D,0,Y,,,,Y,,N,60,0,0,1,0,1,0,0,0,0,"- ","- ",33.987490000000001,-117.90394000000001,"LOS ANGELES",UNINCORPORATED,-117.90395427999999,33.987485579999998
6672749,2014,2014-10-30,9550,2014-02-10,2110,20605,,1,2,9,1900,0,3,5,,2,001,"SLAUSON AV","NORWALK BL",0.00,,Y,A,-,N,,,,,,,,,,N,4,0,1,2,A,-,10,21950,A,N,G,B,B,A,H,-,C,A,0,Y,,,,Y,,A,01,0,0,1,0,1,0,0,0,0,"- ","- ",33.964779999999998,-118.07065,"LOS ANGELES",UNINCORPORATED,-118.07058999,33.964700110000003
6672824,2014,2014-11-07,9550,2014-02-13,1500,19346,,4,2,9,1900,0,3,5,,2,002,"LAUREL AV","VIRGINIA AV",15.00,S,N,A,-,N,,,,,,,,,,Y,3,0,1,2,A,-,11,21954,A,N,G,B,D,A,H,-,A,D,0,Y,,,,Y,,N,60,0,1,0,0,1,0,0,0,0,"- ","- ",33.929760000000002,-118.0488,"LOS ANGELES",UNINCORPORATED,-118.04883,33.929858869999997
6672859,2014,2014-11-04,9550,2014-02-12,0650,020664,,3,1,9,1900,1,2,4,,1,021,"CARMENITA RD","LAKELAND RD",5.00,S,N,A,-,N,,,,,,,,,,N,3,0,1,2,A,-,11,21950,B,N,G,B,B,A,H,-,A,A,0,Y,,,,Y,,N,60,0,1,0,0,1,0,0,0,0,"- ","- ",33.931609999999999,-118.04640999999999,"LOS ANGELES",UNINCORPORATED,-118.04658000000001,33.931756290000003
6673112,2014,2014-11-17,9550,2014-03-09,0935,20305,,7,1,9,1900,0,3,5,,2,005,"COLIMA RD","FAIRWAY DR",0.00,,Y,A,-,N,,,,,,,,,,N,4,0,1,2,A,-,10,21950,A,N,G,B,B,A,H,-,A,A,0,Y,,,,Y,,A,01,0,0,1,0,1,0,0,0,0,"- ","- ",33.98601,-117.86978999999999,"LOS ANGELES",UNINCORPORATED,-117.86992002,33.986750000000001
6673138,2014,2016-02-12,9550,2014-03-19,0615,20399,,3,1,7,1941,0,1,3,,2,090,"RT 91","DOWNEY AV",6.00,W,N,A,-,Y,LA,7,91,-,R,13.981,R,3,W,N,3,0,1,2,A,-,10,21950,A,N,G,B,B,A,H,-,C,A,1,Y,,,,Y,,A,01,0,1,0,0,1,0,0,0,0,WO,"- ",33.877459999999999,-118.15143999999999,"LOS ANGELES","LONG BEACH",-118.1537033,33.877028860000003
6673167,2014,2014-11-12,9550,2014-03-13,1800,020165,,4,2,9,1900,0,3,5,,2,005,"ESPITO ST","VALCARLOS AV",5.00,W,N,A,-,N,,,,,,,,,,N,3,0,1,2,A,-,10,21950,A,F,G,B,B,A,H,-,A,D,0,Y,,,,Y,Y,-,99,0,1,0,0,1,0,0,0,0,"- ","- ",33.989640000000001,-117.90730000000001,"LOS ANGELES",UNINCORPORATED,-117.90728641,33.989691010000001
6673199,2014,2016-03-09,9550,2014-03-13,0411,020131,,4,3,6,1920,0,1,1,,2,500,"RT 5","RIO HONDO RIVER",545.00,S,N,A,-,Y,LA,7,5,-,-,9.370,H,-,S,N,3,0,1,2,A,-,11,21954,A,F,G,B,E,A,H,-,D,D,1,Y,,,,Y,,N,60,0,1,0,0,1,0,0,0,0,"- ","- ",33.969900000000003,-118.12256000000001,"LOS ANGELES",DOWNEY,-118.12247493,33.969883170000003
6673200,2014,2014-11-18,9550,2014-03-12,1749,015045,,3,2,9,1900,0,2,4,,1,052,"COLIMA RD","NOGALES ST",359.00,E,N,A,-,N,,,,,,,,,,N,2,0,1,2,A,-,11,21955,,N,G,B,D,A,H,-,A,D,0,Y,,,,Y,,N,60,1,0,0,0,1,0,0,0,0,"- ","- ",33.98751,-117.88763,"LOS ANGELES",UNINCORPORATED,-117.88813287000001,33.987449810000001
6673263,2014,2014-11-20,1965,2014-11-01,2142,3406,0B1F,6,5,5,1965,0,0,0,,0,001,"MAIN ST",ASHLAND,90.00,S,N,B,-,N,,,,,,,,,,N,4,0,1,2,A,-,11,21954,A,N,H,B,E,A,H,-,C,D,0,Y,,,,Y,,N,60,0,0,1,0,1,0,0,0,0,"- ","- ",,,"LOS ANGELES","SANTA MONICA",-118.48093512,33.999353980000002
6673356,2014,2014-12-16,1942,2014-11-22,1005,34426,0157,6,5,7,1942,0,0,0,A,0,2T15,"6TH ST","CROCKER ST",59.00,E,N,A,-,N,,,,,,,,,,Y,3,0,1,2,C,-,18,,,N,G,B,F,A,H,-,A,D,0,Y,,,,Y,,-,"- ",0,1,0,0,1,0,0,0,0,"- ","- ",,,"LOS ANGELES","LOS ANGELES",-118.24420325,34.041614320000001
6673361,2014,2014-12-16,1942,2014-11-19,1435,38171,1132,3,5,7,1942,0,0,0,K,0,11TL32,"HYPERION AV","ETTRICK ST",117.00,S,N,A,-,N,,,,,,,,,,Y,4,0,1,3,A,-,03,22350,,N,B,B,F,A,E,-,A,A,0,Y,,,Y,Y,,F,26,0,0,1,0,1,0,0,0,0,"- ","- ",,,"LOS ANGELES","LOS ANGELES",-118.27024315,34.110465619999999
6673696,2014,2015-01-05,1942,2014-12-03,2045,39639,0237,3,5,7,1942,0,0,0,B,0,2T15,"UNION PL","2ND ST",300.00,N,N,C,-,N,,,,,,,,,,N,4,0,1,2,C,-,18,,,N,B,B,E,B,H,-,C,D,0,Y,,,,Y,Y,-,"- ",0,0,1,0,1,0,0,0,0,"- ","- ",,,"LOS ANGELES","LOS ANGELES",-118.26443808000001,34.063252060000003
6674071,2014,2014-11-14,1955,2014-09-26,0836,40792,23,5,5,6,1955,0,0,0,,0,002,"BANGOR ST","SATICOY ST",0.00,,Y,A,-,N,,,,,,,,,,N,3,0,1,2,A,-,10,21950,A,N,-,B,B,A,H,-,A,D,0,Y,,,Y,Y,,F,26,0,1,0,0,1,0,0,0,0,"- ","- ",,,"LOS ANGELES",POMONA,-117.74090006,34.084050009999999
6674426,2014,2014-12-23,1955,2014-10-09,1838,40791,83,4,5,6,1955,0,0,0,,0,005,"RIO RANCHO RD","PARK AV",0.00,,Y,A,-,N,,,,,,,,,,N,4,0,2,3,A,-,10,21950,A,N,G,B,B,A,H,-,B,A,0,Y,,,,Y,,A,01,0,0,2,0,2,0,0,0,0,"- ","- ",,,"LOS ANGELES",POMONA,-117.75362009,34.033530069999998
6674658,2014,2014-11-12,1955,2014-09-19,1917,40616,14,5,5,6,1955,0,0,0,,0,003,"HOLT AV","RESERVOIR ST",130.00,E,N,A,-,N,,,,,,,,,,Y,3,0,1,2,A,-,11,21954,A,M,G,B,D,A,H,-,C,D,0,Y,,,,Y,,N,60,0,1,0,0,1,0,0,0,0,"- ","- ",,,"LOS ANGELES",POMONA,-117.73239220000001,34.062814260000003
6674670,2014,2015-03-03,1955,2014-09-07,0635,30150,13,7,5,6,1955,0,0,0,,0,003,"TOWNE AV","MCKINLEY AV",6.00,S,N,A,-,N,,,,,,,,,,Y,3,0,2,3,A,-,08,22107,,N,C,E,E,A,H,-,A,A,0,Y,,,,Y,,A,01,0,1,1,0,1,0,0,0,0,"- ","- ",,,"LOS ANGELES",POMONA,-117.74192941,34.072303560000002
6674841,2014,2014-11-05,1924,2014-08-29,1300,111229,19,5,5,5,1924,0,0,0,,0,8M1,"ROSECRANS AV","VERMONT AV",350.00,W,N,A,-,N,,,,,,,,,,N,3,0,1,2,A,-,11,21954,A,N,G,B,D,A,H,-,A,D,0,Y,,,,Y,,N,60,0,1,0,0,1,0,0,0,0,"- ","- ",,,"LOS ANGELES",GARDENA,-118.29311112000001,33.901899999999998
6675066,2014,2014-12-26,1941,2014-10-22,0730,5407,,3,5,7,1941,0,0,0,,0,,"RT 1","JUNIPERO AV",0.00,,Y,A,-,Y,,,,,,,,,,,3,0,1,2,A,-,10,21950,A,N,G,B,B,A,H,-,B,A,0,Y,,,,Y,,I,11,0,1,0,0,1,0,0,0,0,"- ","- ",,,"LOS ANGELES","LONG BEACH",-118.16630001,33.76528004
6675162,2014,2015-01-05,1942,2014-10-15,2245,39272,1902,3,5,7,1942,0,0,0,,0,19A1,"FOOTHILL BL","TYLER ST",0.00,,Y,A,-,N,,,,,,,,,,N,4,0,1,2,A,-,10,21950,A,N,G,B,B,A,H,-,C,A,0,Y,,,,Y,,D,22,0,0,1,0,1,0,0,0,0,"- ","- ",,,"LOS ANGELES","LOS ANGELES",-118.44425007,34.318260100000003
6675190,2014,2015-01-07,1942,2014-10-14,0725,30825,1735,2,5,7,1942,0,0,0,Q,0,17TL15,"GENESTA AV","CHATSWORTH ST",0.00,,Y,E,-,N,,,,,,,,,,N,4,0,1,2,A,-,10,21950,A,N,G,B,B,A,H,-,A,A,0,Y,,,,Y,,D,22,0,0,1,0,1,0,0,0,0,"- ","- ",,,"LOS ANGELES","LOS ANGELES",-118.50447011,34.26480007
6675194,2014,2015-01-07,1942,2014-10-14,1310,38273,1791,2,5,7,1942,0,0,0,Q,0,16TL28,"MASON AV","ROSCOE BL",10.00,N,N,A,-,N,,,,,,,,,,N,4,0,1,2,A,-,10,21950,A,N,G,B,-,A,H,-,A,A,0,Y,,,,Y,,A,08,0,0,1,0,1,0,0,0,0,"- ","- ",,,"LOS ANGELES","LOS ANGELES",-118.57977941999999,34.220117430000002
6675452,2014,2014-10-28,1969,2014-09-10,0800,10198,TRAFF,3,5,5,1969,0,0,0,,0,002,"INDEPENDENCE AV","ELIZABETH AV",0.00,,Y,A,-,N,,,,,,,,,,N,2,0,1,2,A,-,10,21950,A,N,G,B,D,A,H,-,A,D,0,Y,,,,Y,,A,01,1,0,0,0,1,0,0,0,0,"- ","- ",,,"LOS ANGELES","SOUTH GATE",-118.20815007,33.957940100000002
6675665,2014,2014-12-11,1942,2014-10-12,2142,39095,1602,7,5,7,1942,0,0,0,P,0,16A23,"WEIDNER ST","DRONFIELD AV",150.00,W,N,A,-,N,,,,,,,,,,N,4,0,1,3,A,-,01,23152,A,N,G,B,E,A,H,-,C,D,0,Y,,,,Y,Y,D,22,0,0,1,0,1,0,0,0,0,"- ","- ",,,"LOS ANGELES","LOS ANGELES",-118.40992064,34.282356849999999
6675674,2014,2014-11-10,1942,2014-09-28,2015,39566,0923,7,5,7,1942,0,0,0,I,0,9A1,"BURBANK BL","VAN NUYS BL",0.00,,Y,A,-,N,,,,,,,,,,N,4,0,1,2,A,-,"- ",,,N,G,B,B,A,H,-,C,A,0,Y,,,,Y,Y,D,22,0,0,1,0,1,0,0,0,0,"- ","- ",,,"LOS ANGELES","LOS ANGELES",-118.44874013,34.172110099999998
6676201,2014,2014-11-07,1942,2014-09-24,0950,38185,2115,3,5,7,1942,0,0,0,,0,10TL37,"ROSCOE BL","REMMET AV",8.00,W,N,A,-,N,,,,,,,,,,N,4,0,1,2,A,-,10,21950,A,M,G,B,D,A,H,-,A,A,0,Y,,,,Y,,-,99,0,0,1,0,1,0,0,0,0,"- ","- ",,,"LOS ANGELES","LOS ANGELES",-118.60032642,34.219749620000002
6676202,2014,2014-11-07,1942,2014-09-29,1600,39217,2172,1,5,7,1942,0,0,0,,0,17TL12,"MARIANO ST","VALLEY CIRCLE DR",250.00,E,N,A,-,N,,,,,,,,,,N,4,0,1,2,A,-,11,21954,A,F,G,B,E,A,H,-,A,D,0,Y,,,,Y,,N,60,0,0,1,0,1,0,0,0,0,"- ","- ",,,"LOS ANGELES","LOS ANGELES",-118.64196029999999,34.168801950000002
6676204,2014,2014-11-18,1942,2014-09-19,1955,35471,2125,5,5,7,1942,0,0,0,,0,19TL75,"OWENSMOUTH AV","ELKWOOD ST",0.00,,Y,A,-,N,,,,,,,,,,N,2,0,1,2,D,-,00,,,F,G,B,B,A,H,-,C,A,0,Y,,,,Y,Y,-,"- ",1,0,0,0,1,0,0,0,0,"- ","- ",,,"LOS ANGELES","LOS ANGELES",-118.60163012,34.212860040000002
6676222,2014,2014-11-07,1942,2014-09-24,0120,35471,0904,3,5,7,1942,0,0,0,I,0,19T75,"SEPULVEDA BL","VALERIO ST",36.00,S,N,A,-,N,,,,,,,,,,N,3,0,1,2,A,-,11,21955,,N,G,B,D,A,H,-,C,D,0,Y,,,,Y,,N,60,0,1,0,0,1,0,0,0,0,"- ","- ",,,"LOS ANGELES","LOS ANGELES",-118.46621,34.204741249999998
6676226,2014,2014-11-07,1942,2014-09-26,1425,30983,0904,5,5,7,1942,0,0,0,I,0,10TL32,"VALERIO ST","KESTER AV",10.00,S,N,A,-,N,,,,,,,,,,N,4,0,1,2,A,-,10,21950,A,N,G,B,B,A,H,-,A,A,0,Y,,,,Y,,A,01,0,0,1,0,1,0,0,0,0,"- ","- ",,,"LOS ANGELES","LOS ANGELES",-118.45747,34.204830000000001