CASE_ID,ACCIDENT_YEAR,PROC_DATE,JURIS,COLLISION_DATE,COLLISION_TIME,OFFICER_ID,REPORTING_DISTRICT,DAY_OF_WEEK,CHP_SHIFT,POPULATION,CNTY_CITY_LOC,SPECIAL_COND,BEAT_TYPE,CHP_BEAT_TYPE,CITY_DIVISION_LAPD,CHP_BEAT_CLASS,BEAT_NUMBER,PRIMARY_RD,SECONDARY_RD,DISTANCE,DIRECTION,INTERSECTION,WEATHER_1,WEATHER_2,STATE_HWY_IND,CALTRANS_COUNTY,CALTRANS_DISTRICT,STATE_ROUTE,ROUTE_SUFFIX,POSTMILE_PREFIX,POSTMILE,LOCATION_TYPE,RAMP_INTERSECTION,SIDE_OF_HWY,TOW_AWAY,COLLISION_SEVERITY,NUMBER_KILLED,NUMBER_INJURED,PARTY_COUNT,PRIMARY_COLL_FACTOR,PCF_CODE_OF_VIOL,PCF_VIOL_CATEGORY,PCF_VIOLATION,PCF_VIOL_SUBSECTION,HIT_AND_RUN,TYPE_OF_COLLISION,MVIW,PED_ACTION,ROAD_SURFACE,ROAD_COND_1,ROAD_COND_2,LIGHTING,CONTROL_DEVICE,CHP_ROAD_TYPE,PEDESTRIAN_ACCIDENT,BICYCLE_ACCIDENT,MOTORCYCLE_ACCIDENT,TRUCK_ACCIDENT,NOT_PRIVATE_PROPERTY,ALCOHOL_INVOLVED,STWD_VEHTYPE_AT_FAULT,CHP_VEHTYPE_AT_FAULT,COUNT_SEVERE_INJ,COUNT_VISIBLE_INJ,COUNT_COMPLAINT_PAIN,COUNT_PED_KILLED,COUNT_PED_INJURED,COUNT_BICYCLIST_KILLED,COUNT_BICYCLIST_INJURED,COUNT_MC_KILLED,COUNT_MC_INJURED,PRIMARY_RAMP,SECONDARY_RAMP,LATITUDE,LONGITUDE,COUNTY,CITY,POINT_X,POINT_Y
6691171,2014,2015-01-06,1942,2014-10-20,1055,38310,0645,1,5,7,1942,0,0,0,F,0,8T35,"HIGHLAND AV","HOLLYWOOD BL",0.00,,Y,A,-,Y,,,,,,,,,,Y,2,0,4,6,A,-,03,22350,,F,B,C,F,A,H,-,A,A,0,Y,,,,Y,,A,01,2,1,1,0,3,0,0,0,0,"- ","- ",,,"LOS ANGELES","LOS ANGELES",-118.33869004,34.101550039999999
6691362,2014,2015-01-06,1900,2014-10-24,1925,510568,0523,5,5,4,1971,0,0,0,,0,52TI/P,BROADWAY,"HILTON AV",42.00,E,N,A,-,N,,,,,,,,,,N,3,0,1,2,A,-,11,21954,A,N,G,B,D,A,H,-,C,D,0,Y,,,,Y,,N,60,0,1,0,0,1,0,0,0,0,"- ","- ",,,"LOS ANGELES","TEMPLE CITY",-118.06643339,34.09947863
6691363,2014,2015-01-07,1900,2014-10-16,0720,451507,0453,4,5,6,1949,0,0,0,,0,45T1/D,"TADDY ST","SYLVANWOOD AV",0.00,,Y,A,-,N,,,,,,,,,,N,4,0,1,2,A,-,"- ",,,F,G,B,D,A,H,-,A,D,0,Y,,,,Y,,A,01,0,0,1,0,1,0,0,0,0,"- ","- ",,,"LOS ANGELES",NORWALK,-118.09021001000001,33.905250029999998
6691391,2014,2016-02-18,1972,2014-10-22,0759,16610,,3,5,6,1972,0,0,0,,0,,"ARTESIA BL","CASIMIR AV",0.00,,Y,A,-,N,,,,,,,,,,Y,4,0,3,3,A,-,12,21453,A,N,D,C,B,A,H,-,A,A,0,Y,,,,Y,,D,,0,0,3,0,1,0,0,0,0,"- ","- ",,,"LOS ANGELES",TORRANCE,-118.32219013,33.872920020000002
6691419,2014,2015-01-06,1900,2014-10-27,1730,532572,0463,1,5,4,1936,0,0,0,,0,46T1,"FOSTER RD","ADELFA DR",0.00,,Y,A,-,N,,,,,,,,,,N,4,0,1,2,D,-,00,,,N,G,B,B,A,H,-,B,D,0,Y,,,,Y,,-,"- ",0,0,1,0,1,0,0,0,0,"- ","- ",,,"LOS ANGELES","LA MIRADA",-118.00429001000001,33.910040080000002
6691435,2014,2016-02-18,1900,2014-10-19,1930,478963,0453,7,5,6,1949,0,0,0,,0,43T1/E,"STUDEBAKER RD","FOSTER RD",0.00,,Y,A,-,N,,,,,,,,,,N,3,0,1,2,A,-,12,21453,A,F,G,B,B,A,H,-,C,A,0,Y,,,,Y,,-,99,0,1,0,0,1,0,0,0,0,"- ","- ",,,"LOS ANGELES",NORWALK,-118.09931009,33.909830059999997
6691687,2014,2014-11-21,1900,2014-09-29,2050,532461,0455,1,5,6,1949,0,0,0,,0,4571,"GRAYSTONE AV","SIBLEY AV",63.00,N,N,A,-,N,,,,,,,,,,N,4,0,1,3,A,-,10,21954,B,M,G,B,E,A,H,-,C,D,0,Y,,Y,,Y,,-,99,0,0,1,0,1,0,0,0,0,"- ","- ",,,"LOS ANGELES",NORWALK,-118.09397104999999,33.897012750000002
6691702,2014,2014-12-01,1900,2014-09-09,1845,506152,2117,2,5,5,1943,0,0,0,,0,212E3,"BULLIS RD","CARLIN AV",0.00,,Y,A,-,N,,,,,,,,,,N,4,0,1,2,A,-,08,22100,B,M,G,B,B,A,H,-,A,A,0,Y,,,,Y,,-,99,0,0,1,0,1,0,0,0,0,"- ","- ",,,"LOS ANGELES",LYNWOOD,-118.20539012,33.913940109999999
6691715,2014,2014-11-21,1942,2014-09-06,0209,36801,1539,6,5,7,1942,0,0,0,O,0,15A85,"BURBANK BL","CLEON AV",0.00,,Y,A,-,N,,,,,,,,,,Y,3,0,1,2,A,-,03,22350,,N,G,B,B,A,H,-,D,D,0,Y,,,,Y,Y,A,01,0,1,0,0,1,0,0,0,0,"- ","- ",,,"LOS ANGELES","LOS ANGELES",-118.36865009,34.172160050000002
6691743,2014,2014-11-21,1942,2014-09-23,0855,38310,0732,2,5,7,1942,0,0,0,G,0,7TL23,"FAIRFAX AV","WILSHIRE BL",0.00,,Y,A,-,N,,,,,,,,,,N,3,0,1,2,A,-,11,21456,B,F,G,B,B,A,H,-,A,A,0,Y,,,,Y,,N,60,0,1,0,0,1,0,0,0,0,"- ","- ",,,"LOS ANGELES","LOS ANGELES",-118.36140008,34.062970069999999
6691773,2014,2014-11-20,1941,2014-09-23,1001,5048,,2,5,7,1941,0,0,0,,0,,"ELM AV","5TH ST",0.00,,Y,A,-,N,,,,,,,,,,N,4,0,1,2,A,-,09,21801,A,N,G,B,B,A,H,-,A,A,0,Y,,,,Y,,A,,0,0,1,0,1,0,0,0,0,"- ","- ",,,"LOS ANGELES","LONG BEACH",-118.18765012,33.772950109999996
6691860,2014,2014-11-21,1942,2014-06-29,2140,40947,2026,7,5,7,1942,0,0,0,,0,20A14,"NEW HAMPSHIRE","5TH ST",0.00,,Y,A,-,N,,,,,,,,,,N,4,0,1,2,A,-,09,21802,A,F,G,B,E,A,H,-,C,D,0,Y,,,,Y,Y,-,99,0,0,1,0,1,0,0,0,0,"- ","- ",,,"LOS ANGELES","LOS ANGELES",-118.29291007,34.065400099999998
6691906,2014,2014-11-20,1942,2014-06-26,1800,41455,0857,4,5,7,1942,0,0,0,H,0,8A59,"CASHIO ST","CREST DR",25.00,E,N,A,-,N,,,,,,,,,,N,4,0,1,2,A,-,11,21956,A,N,G,B,E,A,H,-,A,D,0,Y,,,,Y,,N,60,0,0,1,0,1,0,0,0,0,"- ","- ",,,"LOS ANGELES","LOS ANGELES",-118.38739762,34.05245
6691931,2014,2014-11-19,1900,2014-01-01,1550,504706,0972,3,5,4,1979,0,0,0,,0,92T1,"SANTA MONICA BL","WEST KNOLL DR",18.00,E,N,A,-,N,,,,,,,,,,N,3,0,1,2,A,-,"- ",,,N,A,B,B,A,H,-,A,A,0,Y,,,,Y,,A,01,0,1,0,0,1,0,0,0,0,"- ","- ",,,"LOS ANGELES","WEST HOLLYWOOD",-118.37702065000001,34.089167420000003
6691948,2014,2014-12-12,1942,2014-10-05,0905,41089,0677,7,5,7,1942,0,0,0,F,0,7T23,"LEMON GROVE AV","WESTERN AV",0.00,,Y,A,-,N,,,,,,,,,,N,4,0,1,2,A,-,10,21950,A,N,G,B,B,A,H,-,A,A,0,Y,,,,Y,,D,22,0,0,1,0,1,0,0,0,0,"- ","- ",,,"LOS ANGELES","LOS ANGELES",-118.30916008,34.086670040000001
6691957,2014,2014-11-20,1942,2014-03-10,1400,39217,1721,1,5,7,1942,0,0,0,Q,0,17TL12,"TOPANGA CANYON BL","SANTA SUSANA PASS RD",865.00,N,N,A,-,N,,,,,,,,,,N,3,0,1,2,A,-,21,22106,,F,G,B,E,A,H,-,A,D,0,Y,,,,Y,,-,99,0,1,0,0,1,0,0,0,0,"- ","- ",,,"LOS ANGELES","LOS ANGELES",-118.60470293,34.274618570000001
6691970,2014,2014-11-20,1900,2014-02-13,1730,504706,097,4,5,4,1979,0,0,0,,0,92T1,"HOLLOWAY DR","HANCOCK AV",180.00,E,N,A,-,N,,,,,,,,,,N,4,0,1,2,A,-,11,21954,A,M,G,B,D,A,H,-,A,D,0,Y,,,,Y,,N,60,0,0,1,0,1,0,0,0,0,"- ","- ",,,"LOS ANGELES","WEST HOLLYWOOD",-118.3809066,34.09059061
6691974,2014,2014-11-20,1900,2014-02-21,1700,517776,0973,5,5,4,1979,0,0,0,,0,091,"POINSETTIA PL","SANTA MONICA BL",3.00,S,N,A,-,N,,,,,,,,,,N,4,0,1,2,A,-,10,21950,A,N,G,B,B,A,H,-,A,D,0,Y,,,,Y,,A,01,0,0,1,0,1,0,0,0,0,"- ","- ",,,"LOS ANGELES","WEST HOLLYWOOD",-118.34866991,34.090731769999998
6692598,2014,2015-05-28,1941,2014-09-23,1322,5098,,2,5,7,1941,0,0,0,,0,,21ST,"LONG BEACH BL",0.00,,Y,A,-,N,,,,,,,,,,N,4,0,1,2,A,-,12,22450,,N,G,B,B,A,H,-,A,A,0,Y,,,,Y,,A,,0,0,1,0,1,0,0,0,0,"- ","- ",,,"LOS ANGELES","LONG BEACH",-118.18947011,33.79530003
6692974,2014,2014-12-01,1900,2014-09-12,2145,519546,2310,5,5,5,1919,0,0,0,,0,2301,"ARTESIA BL","ALORA AV",530.00,W,N,A,-,N,,,,,,,,,,N,3,0,1,2,D,-,00,,,N,G,B,E,A,H,-,C,D,0,Y,,,,Y,,-,"- ",0,1,0,0,1,0,0,0,0,"- ","- ",,,"LOS ANGELES",CERRITOS,-118.09592221,33.873080000000002
6693026,2014,2014-12-01,1942,2014-09-24,1545,35259,1265,3,5,7,1942,0,0,0,L,0,12A45,"VERMONT AV","79TH ST",0.00,,Y,A,-,N,,,,,,,,,,N,3,0,1,2,A,-,10,21950,A,N,G,B,B,A,H,-,A,A,0,Y,,,,Y,,A,08,0,1,0,0,1,0,0,0,0,"- ","- ",,,"LOS ANGELES","LOS ANGELES",-118.29157600000001,33.967806000000003
6693034,2014,2014-12-09,1942,2014-09-24,1430,37614,1232,3,5,7,1942,0,0,0,L,0,12XL1,"58TH PL","CRENSHAW BL",100.00,W,N,A,-,N,,,,,,,,,,N,4,0,1,2,A,-,10,21952,,N,G,B,F,A,H,-,A,D,0,Y,,,,Y,,A,01,0,0,1,0,1,0,0,0,0,"- ","- ",,,"LOS ANGELES","LOS ANGELES",-118.33123926,33.988120000000002
6693147,2014,2014-12-23,1965,2014-10-24,1759,3776,0B1G,5,5,5,1965,0,0,0,,0,A001,"OCEAN AV","COLORADO AV",44.00,N,N,A,-,N,,,,,,,,,,N,3,0,1,2,A,-,11,21950,B,N,G,B,D,A,H,-,A,D,0,Y,,,,Y,,N,60,0,1,0,0,1,0,0,0,0,"- ","- ",,,"LOS ANGELES","SANTA MONICA",-118.49501245,34.011485370000003
6693207,2014,2016-01-14,1942,2014-10-26,2320,41056,1273,7,5,7,1942,0,0,0,L,0,3T5,"MANCHESTER BL","DENKER AV",272.00,E,N,A,-,N,,,,,,,,,,Y,1,1,0,2,A,-,11,21956,,N,G,B,D,A,H,-,C,A,0,Y,,,,Y,,N,60,0,0,0,1,0,0,0,0,0,"- ","- ",,,"LOS ANGELES","LOS ANGELES",-118.30375476,33.959992700000001
6693227,2014,2014-12-23,1969,2014-10-12,1306,10165,PATRO,7,5,5,1969,0,0,0,,0,004,"HILDRETH AV","TWEEDY BL",150.00,S,N,A,-,N,,,,,,,,,,N,4,0,1,2,A,-,11,21954,A,N,G,B,D,A,H,-,A,D,0,Y,,,,Y,,N,60,0,0,1,0,1,0,0,0,0,"- ","- ",,,"LOS ANGELES","SOUTH GATE",-118.18884482999999,33.94195036
6693461,2014,2014-11-20,1942,2014-10-18,1825,36537,2088,6,5,7,1942,0,0,0,,0,20X46,"VENICE BL","HOOVER ST",0.00,,Y,A,-,N,,,,,,,,,,N,4,0,1,2,A,-,10,21950,A,N,G,B,B,A,H,-,A,A,0,Y,,,,Y,,D,22,0,0,1,0,1,0,0,0,0,"- ","- ",,,"LOS ANGELES","LOS ANGELES",-118.28415004999999,34.043800089999998
6693712,2014,2014-11-19,1942,2014-09-05,1705,37182,1251,5,5,7,1942,0,0,0,L,0,12X56,FLORENCE,CRENSHAW,20.00,W,N,A,-,N,,,,,,,,,,N,4,0,1,2,A,-,10,21950,A,N,G,B,B,A,H,-,A,A,0,Y,,,,Y,,D,22,0,0,1,0,1,0,0,0,0,"- ","- ",,,"LOS ANGELES","LOS ANGELES",-118.33095582999999,33.974539249999999
6693774,2014,2014-12-08,1942,2014-10-22,0800,25839,509,3,5,7,1942,0,0,0,,0,25MQ21,"LOMITA BL","PRESIDENT AV",0.00,,Y,A,-,N,,,,,,,,,,N,3,0,2,3,A,-,10,21950,A,N,G,B,B,A,H,-,A,A,0,Y,,,,Y,,D,22,0,1,1,0,2,0,0,0,0,"- ","- ",,,"LOS ANGELES","LOS ANGELES",-118.30428010999999,33.79782007
6693886,2014,2014-11-10,1942,2014-09-02,0740,41701,0669,2,5,7,1942,0,0,0,F,0,6A77,"SERRANO AV","FOUNTAIN AV",0.00,,Y,A,-,N,,,,,,,,,,N,4,0,1,2,A,-,10,21950,A,N,G,B,C,A,H,-,A,D,0,Y,,,,Y,,A,01,0,0,1,0,1,0,0,0,0,"- ","- ",,,"LOS ANGELES","LOS ANGELES",-118.30700003,34.094980049999997
6693890,2014,2014-11-10,1942,2014-09-11,0830,35448,915,4,5,7,1942,0,0,0,,0,9A63,"VAN NUYS BL","HARTLAND ST",30.00,S,N,A,-,N,,,,,,,,,,N,3,0,1,2,A,-,03,22350,,N,G,B,E,A,H,-,A,D,0,Y,,,,Y,,A,01,0,1,0,0,1,0,0,0,0,"- ","- ",,,"LOS ANGELES","LOS ANGELES",-118.44875,34.19505771
6693987,2014,2015-01-08,1928,2014-11-03,0844,324,513,1,5,5,1928,0,0,0,,0,504,"INGLEWOOD AV","135TH ST",0.00,,Y,A,-,N,,,,,,,,,,N,4,0,1,2,D,-,00,,,N,D,B,B,A,H,-,A,A,0,Y,,,,Y,,-,"- ",0,0,1,0,1,0,0,0,0,"- ","- ",,,"LOS ANGELES",HAWTHORNE,-118.36129009,33.909840090000003
6694124,2014,2014-11-18,1942,2014-09-12,1830,40620,0363,5,5,7,1942,0,0,0,C,0,3A18,"COLISEUM ST","SANTA ROSALIA DR",250.00,W,N,A,-,N,,,,,,,,,,Y,4,0,1,4,A,-,"- ",,,N,C,E,E,A,H,-,A,D,0,Y,,,,Y,,A,07,0,0,1,0,1,0,0,0,0,"- ","- ",,,"LOS ANGELES","LOS ANGELES",-118.34787504000001,34.017273209999999
6694260,2014,2015-01-05,1922,2014-10-20,2322,614,,1,5,6,1922,0,0,0,,0,,"KERRWOOD ST","DURFEE AV",100.00,W,N,A,-,N,,,,,,,,,,N,4,0,1,2,A,-,03,22350,,F,G,B,D,A,H,-,C,D,0,Y,,,,Y,Y,A,01,0,0,1,0,1,0,0,0,0,"- ","- ",,,"LOS ANGELES","EL MONTE",-118.00638522,34.074493259999997
6694292,2014,2015-01-05,1900,2014-10-16,1940,525141,2318,4,5,5,1919,0,0,0,,0,230T,"ARTESIA BL","NORWALK BL",487.00,W,N,A,-,N,,,,,,,,,,N,2,0,1,2,A,-,11,21954,A,N,G,B,D,A,H,-,C,D,0,Y,,,,Y,,N,60,1,0,0,0,1,0,0,0,0,"- ","- ",,,"LOS ANGELES",CERRITOS,-118.07418063999999,33.873156229999999
6694333,2014,2015-01-02,1942,2014-10-27,1300,36571,0358,1,5,7,1942,0,0,0,C,0,3TL5,"VERMONT AV","JEFFERSON BL",70.00,N,N,A,-,N,,,,,,,,,,Y,2,0,4,4,A,-,03,22350,,N,G,B,F,A,H,-,A,A,0,Y,,,,Y,,A,01,2,1,1,0,3,0,0,0,0,"- ","- ",,,"LOS ANGELES","LOS ANGELES",-118.29152619,34.025701910000002
6694341,2014,2015-01-02,1942,2014-10-26,1930,39639,1162,7,5,7,1942,0,0,0,K,0,2T15,"FOUNTAIN AV","LYMAN PL",42.00,W,N,A,-,N,,,,,,,,,,N,3,0,1,2,A,-,10,21950,A,N,G,B,B,A,H,-,C,A,0,Y,,,,Y,,A,01,0,1,0,0,1,0,0,0,0,"- ","- ",,,"LOS ANGELES","LOS ANGELES",-118.28887845,34.095648509999997
6694351,2014,2015-01-05,1912,2014-10-29,1545,8991,BRBNK,3,5,6,1912,0,0,0,,0,,"VICTORY BL","BUENA VISTA ST",95.00,E,N,A,-,N,,,,,,,,,,N,4,0,1,2,A,-,21,22106,,N,G,B,E,A,H,-,A,D,0,Y,,,,Y,,A,01,0,0,1,0,1,0,0,0,0,"- ","- ",,,"LOS ANGELES",BURBANK,-118.33803675,34.18459
6694365,2014,2015-01-02,1942,2014-10-25,1050,41019,0499,6,5,7,1942,0,0,0,D,0,11T25,"OLYMPIC BL","CALADA ST",60.00,E,N,A,-,N,,,,,,,,,,N,4,0,1,2,A,-,11,21954,A,N,G,B,D,A,H,-,A,A,0,Y,,,,Y,,N,60,0,0,1,0,1,0,0,0,0,"- ","- ",,,"LOS ANGELES","LOS ANGELES",-118.19782248999999,34.018824940000002
6694369,2014,2015-01-02,1942,2014-10-25,1740,34458,0449,6,5,7,1942,0,0,0,D,0,4T4,"GANAHL ST","FICKETT ST",230.00,E,N,A,-,N,,,,,,,,,,N,3,0,1,2,A,-,11,21955,,N,G,B,D,A,H,-,A,D,0,Y,,,,Y,,N,60,0,1,0,0,1,0,0,0,0,"- ","- ",,,"LOS ANGELES","LOS ANGELES",-118.19988361,34.052440769999997
6694389,2014,2015-01-02,1942,2014-10-24,2050,38357,0257,5,5,7,1942,0,0,0,B,0,1T11,"6TH ST","LOMA DR",13.00,W,N,A,-,N,,,,,,,,,,N,3,0,1,2,A,-,11,21954,A,N,G,B,D,A,H,-,C,D,0,Y,,,,Y,,N,60,0,1,0,0,1,0,0,0,0,"- ","- ",,,"LOS ANGELES","LOS ANGELES",-118.26811802,34.056566429999997
6694513,2014,2015-01-23,1942,2014-11-03,0820,41019,1313,1,5,7,1942,0,0,0,M,0,2T15,"SAN PEDRO ST","16TH ST",20.00,S,N,A,-,N,,,,,,,,,,N,4,0,1,2,A,-,11,21954,A,N,G,B,D,A,H,-,A,D,0,Y,,,,Y,,N,60,0,0,1,0,1,0,0,0,0,"- ","- ",,,"LOS ANGELES","LOS ANGELES",-118.25598691,34.029824570000002
6694518,2014,2014-12-23,1942,2014-07-29,2055,36153,1675,2,5,7,1942,0,0,0,P,0,15T45,"LA TUNA CANYON RD","GLENOAKS BL",0.00,,Y,A,-,N,,,,,,,,,,N,4,0,1,2,A,-,09,21801,A,N,G,B,B,A,H,-,C,A,0,Y,,,,Y,,D,22,0,0,1,0,1,0,0,0,0,"- ","- ",,,"LOS ANGELES","LOS ANGELES",-118.37135001999999,34.234490010000002
6694525,2014,2015-01-07,1942,2014-11-03,1820,37611,0231,1,5,7,1942,0,0,0,B,0,4T4,"OCCIDENTAL DR","HYANS ST",5.00,S,N,A,-,N,,,,,,,,,,N,3,0,1,2,A,-,11,21950,B,N,G,B,B,-,H,-,C,D,0,Y,,,,Y,,N,60,0,1,0,0,1,0,0,0,0,"- ","- ",,,"LOS ANGELES","LOS ANGELES",-118.27805821,34.072838109999999
6694682,2014,2015-01-07,1942,2014-11-01,1855,37637,1981,6,5,7,1942,0,0,0,,0,9T53,"PARTHENIA ST","LANGDON AV",0.00,,Y,A,-,N,,,,,,,,,,N,4,0,1,2,A,-,12,21453,A,N,G,B,B,A,H,-,C,A,0,Y,,,,Y,,A,01,0,0,1,0,1,0,0,0,0,"- ","- ",,,"LOS ANGELES","LOS ANGELES",-118.46986002,34.228280040000001
6694702,2014,2015-01-07,1956,2014-11-03,1515,1192,56,1,5,5,1956,0,0,0,,0,004,"CURTIS AV","VAIL AV",80.00,E,N,A,-,N,,,,,,,,,,N,4,0,1,2,A,-,11,21954,A,N,D,B,E,A,H,-,A,D,0,Y,,,,Y,,N,60,0,0,1,0,1,0,0,0,0,"- ","- ",,,"LOS ANGELES","REDONDO BEACH",-118.36970694,33.877558120000003
6694734,2014,2014-12-31,1942,2014-10-21,1144,39217,2147,2,5,7,1942,0,0,0,,0,17TL12,"SHERMAN WY","KELVIN AV",318.00,E,N,A,-,N,,,,,,,,,,Y,3,0,3,4,A,-,08,22100,A,N,B,C,-,A,H,-,A,D,0,Y,,,,Y,,A,01,0,3,0,0,1,0,0,0,0,"- ","- ",,,"LOS ANGELES","LOS ANGELES",-118.58527011,34.201006599999999
6694742,2014,2014-12-31,1942,2014-10-21,1105,34052,1955,2,5,7,1942,0,0,0,,0,19A85,"KESTER AV","SAN JOSE ST",12.00,S,N,A,-,N,,,,,,,,,,N,4,0,1,2,A,-,10,21950,A,N,G,B,B,A,H,-,A,A,0,Y,,,,Y,,A,07,0,0,1,0,1,0,0,0,0,"- ","- ",,,"LOS ANGELES","LOS ANGELES",-118.45641000000001,34.26080709
6694750,2014,2014-12-31,1942,2014-10-27,1025,39085,1916,1,5,7,1942,0,0,0,,0,15TL47,"BORDEN AV","RAVEN ST",10.00,E,N,A,-,N,,,,,,,,,,Y,3,0,3,3,A,-,03,22350,,N,E,I,F,A,H,-,A,D,0,Y,,,,Y,,A,07,0,1,2,0,1,0,0,0,0,"- ","- ",,,"LOS ANGELES","LOS ANGELES",-118.44060532,34.305501759999999
6694767,2014,2014-12-31,1942,2014-10-13,1045,39884,1591,1,5,7,1942,0,0,0,O,0,15A85,"VENTURA BL","LAURELGROVE AV",0.00,,Y,A,-,N,,,,,,,,,,N,2,0,1,2,D,-,00,,,N,G,B,B,A,H,-,A,A,0,Y,,,,Y,,-,"- ",1,0,0,0,1,0,0,0,0,"- ","- ",,,"LOS ANGELES","LOS ANGELES",-118.40086005000001,34.143070119999997
6694782,2014,2015-01-23,1942,2014-10-30,0730,39085,1765,4,5,7,1942,0,0,0,Q,0,15TL47,"MERRIDY ST","TAMPA AV",9.00,S,N,A,-,N,,,,,,,,,,N,4,0,1,2,A,-,"- ",,,N,G,B,B,A,H,-,A,A,0,Y,,,,Y,,A,07,0,0,1,0,1,0,0,0,0,"- ","- ",,,"LOS ANGELES","LOS ANGELES",-118.55356999999999,34.252130000000001
6694818,2014,2015-01-02,1942,2014-10-24,1050,38469,1067,5,5,7,1942,0,0,0,J,0,10X44,"VENTURA BL","WHITE OAK AV",0.00,,Y,A,-,N,,,,,,,,,,N,4,0,1,2,A,-,11,21950,B,N,A,B,B,A,H,-,A,A,0,Y,,,,Y,,N,60,0,0,1,0,1,0,0,0,0,"- ","- ",,,"LOS ANGELES","LOS ANGELES",-118.5185501,34.16242003
6694865,2014,2015-01-02,1942,2014-10-01,1400,40869,0396,3,5,7,1942,0,0,0,C,0,12T73,"HOOVER AV","43RD ST",0.00,,Y,A,-,N,,,,,,,,,,Y,4,0,3,3,A,-,09,21802,A,N,D,C,F,A,H,-,A,A,0,Y,,,,Y,,A,07,0,0,3,0,1,0,0,0,0,"- ","- ",,,"LOS ANGELES","LOS ANGELES",-118.25213013,34.005730069999998
6694880,2014,2015-01-06,1942,2014-10-28,1500,39028,0514,2,5,7,1942,0,0,0,E,0,5TL25,"L ST","FIGUEROA ST",0.00,,Y,A,-,N,,,,,,,,,,Y,3,0,1,2,A,-,10,21950,A,N,G,B,B,A,H,-,A,A,0,Y,,,,Y,,A,01,0,1,0,0,1,0,0,0,0,"- ","- ",,,"LOS ANGELES","LOS ANGELES",-118.28076009999999,33.786030099999998
6695175,2014,2015-01-07,1942,2014-11-01,1255,38273,1517,6,5,7,1942,0,0,0,O,0,16TL28,"VAN OWEN ST","KLUMP AV",50.00,W,N,A,-,N,,,,,,,,,,N,4,0,1,2,A,-,11,21954,A,N,G,B,D,A,H,-,A,D,0,Y,,,,Y,,N,60,0,0,1,0,1,0,0,0,0,"- ","- ",,,"LOS ANGELES","LOS ANGELES",-118.37590501,34.193967460000003
6695196,2014,2015-01-07,1942,2014-11-03,0715,40726,0266,1,5,7,1942,0,0,0,B,0,1TL11,"ALVARADO ST","JAMES M WOOD",15.00,N,N,A,-,N,,,,,,,,,,N,3,0,1,2,A,-,10,21950,A,N,G,B,B,A,H,-,A,A,0,Y,,,,Y,,A,01,0,1,0,0,1,0,0,0,0,"- ","- ",,,"LOS ANGELES","LOS ANGELES",-118.278786,34.053389000000003
6695307,2014,2015-01-02,1942,2014-10-27,1530,39217,1569,1,5,7,1942,0,0,0,O,0,17TL12,"ARCOLA AV","RIVERSIDE DR",16.00,S,N,A,-,N,,,,,,,,,,N,4,0,1,2,A,-,10,21950,A,N,G,B,-,A,H,-,A,D,0,Y,,,,Y,,A,01,0,0,1,0,1,0,0,0,0,"- ","- ",,,"LOS ANGELES","LOS ANGELES",-118.35492000000001,34.152156120000001
6695315,2014,2015-01-02,1942,2014-10-23,0800,41592,1524,4,5,7,1942,0,0,0,O,0,15A33,"ERWIN ST","TEESDALE AV",48.00,E,N,A,-,N,,,,,,,,,,N,3,0,1,2,A,-,11,21954,A,N,G,B,E,A,H,-,A,D,0,Y,,,,Y,,N,60,0,1,0,0,1,0,0,0,0,"- ","- ",,,"LOS ANGELES","LOS ANGELES",-118.40828159,34.183048509999999
6695479,2014,2014-11-18,9535,2014-03-03,1240,13421,,1,1,9,1900,0,2,4,,2,016,"1ST ST","BONNIE BEACH PL",0.00,,Y,B,-,N,,,,,,,,,,N,3,0,1,2,A,-,10,21950,A,N,G,B,B,A,H,-,A,A,0,Y,,,,Y,,D,22,0,1,0,0,1,0,0,0,0,"- ","- ",34.035879999999999,-118.17979,"LOS ANGELES",UNINCORPORATED,-118.17982007000001,34.036000110000003
6695584,2014,2015-01-23,9550,2014-09-02,0900,19947,,2,1,9,1900,0,3,5,,2,005,"NOGALES ST","COLIMA RD",382.00,S,N,A,-,N,,,,,,,,,,N,4,0,1,2,A,-,11,21954,A,N,G,B,E,A,H,-,A,D,0,Y,,,,Y,,N,60,0,0,1,0,1,0,0,0,0,"- ","- ",33.985860000000002,-117.8899,"LOS ANGELES",UNINCORPORATED,-117.8892736,33.986483560000003
6695678,2014,2015-01-21,1941,2014-10-29,0845,10042,,3,5,7,1941,0,0,0,,0,,"ANAHEIM ST","OBISPO AV",0.00,,Y,A,-,N,,,,,,,,,,N,4,0,1,2,D,-,00,,,N,G,B,B,A,H,-,A,A,0,Y,,,,Y,,-,"- ",0,0,1,0,1,0,0,0,0,"- ","- ",,,"LOS ANGELES","LONG BEACH",-118.15459001000001,33.782600049999999
6695721,2014,2015-01-06,1976,2014-10-30,1117,334,WHITT,4,5,5,1976,0,0,0,,0,002,"PAINTER AV","VALNA AV",100.00,N,N,A,-,N,,,,,,,,,,N,3,0,1,2,A,-,11,21954,A,N,G,B,D,A,H,-,A,D,0,Y,,,,Y,,N,60,0,1,0,0,1,0,0,0,0,"- ","- ",,,"LOS ANGELES",WHITTIER,-118.03270999999999,33.965264179999998