CASE_ID,ACCIDENT_YEAR,PROC_DATE,JURIS,COLLISION_DATE,COLLISION_TIME,OFFICER_ID,REPORTING_DISTRICT,DAY_OF_WEEK,CHP_SHIFT,POPULATION,CNTY_CITY_LOC,SPECIAL_COND,BEAT_TYPE,CHP_BEAT_TYPE,CITY_DIVISION_LAPD,CHP_BEAT_CLASS,BEAT_NUMBER,PRIMARY_RD,SECONDARY_RD,DISTANCE,DIRECTION,INTERSECTION,WEATHER_1,WEATHER_2,STATE_HWY_IND,CALTRANS_COUNTY,CALTRANS_DISTRICT,STATE_ROUTE,ROUTE_SUFFIX,POSTMILE_PREFIX,POSTMILE,LOCATION_TYPE,RAMP_INTERSECTION,SIDE_OF_HWY,TOW_AWAY,COLLISION_SEVERITY,NUMBER_KILLED,NUMBER_INJURED,PARTY_COUNT,PRIMARY_COLL_FACTOR,PCF_CODE_OF_VIOL,PCF_VIOL_CATEGORY,PCF_VIOLATION,PCF_VIOL_SUBSECTION,HIT_AND_RUN,TYPE_OF_COLLISION,MVIW,PED_ACTION,ROAD_SURFACE,ROAD_COND_1,ROAD_COND_2,LIGHTING,CONTROL_DEVICE,CHP_ROAD_TYPE,PEDESTRIAN_ACCIDENT,BICYCLE_ACCIDENT,MOTORCYCLE_ACCIDENT,TRUCK_ACCIDENT,NOT_PRIVATE_PROPERTY,ALCOHOL_INVOLVED,STWD_VEHTYPE_AT_FAULT,CHP_VEHTYPE_AT_FAULT,COUNT_SEVERE_INJ,COUNT_VISIBLE_INJ,COUNT_COMPLAINT_PAIN,COUNT_PED_KILLED,COUNT_PED_INJURED,COUNT_BICYCLIST_KILLED,COUNT_BICYCLIST_INJURED,COUNT_MC_KILLED,COUNT_MC_INJURED,PRIMARY_RAMP,SECONDARY_RAMP,LATITUDE,LONGITUDE,COUNTY,CITY,POINT_X,POINT_Y
6695762,2014,2015-01-05,1953,2014-10-21,1743,4830,1853,2,5,6,1953,0,0,0,,0,005,"LOS ROBLES AV","WALNUT ST",0.00,,Y,A,-,N,,,,,,,,,,N,4,0,1,2,A,-,11,21451,C,N,-,B,B,A,H,-,A,A,0,Y,,,,Y,,N,60,0,0,1,0,1,0,0,0,0,"- ","- ",,,"LOS ANGELES",PASADENA,-118.14148006000001,34.1495301
6695788,2014,2015-01-05,1942,2014-10-17,1350,40768,1343,5,5,7,1942,0,0,0,M,0,13A43,"34TH ST","CENTRAL AV",5.00,E,N,A,-,N,,,,,,,,,,Y,3,0,1,2,A,-,12,21453,A,F,G,B,B,A,H,-,A,A,0,Y,,,,Y,,A,07,0,1,0,0,1,0,0,0,0,"- ","- ",,,"LOS ANGELES","LOS ANGELES",-118.25650354,34.01278971
6695790,2014,2015-04-25,1942,2014-10-29,1735,36238,0412,3,5,7,1942,0,0,0,D,0,4TL6,"PASADENA AV","AVENUE 25",3.00,E,N,A,-,N,,,,,,,,,,N,1,1,0,2,A,-,10,21950,A,N,G,B,B,A,H,-,A,D,0,Y,,,,Y,,A,01,0,0,0,1,0,0,0,0,0,"- ","- ",,,"LOS ANGELES","LOS ANGELES",-118.21645135,34.076253989999998
6695791,2014,2015-03-11,1942,2014-10-28,0225,39639,0265,2,5,7,1942,0,0,0,B,0,2TL15,"EAST 7TH ST","S ALVARADO ST",25.00,E,N,B,-,N,,,,,,,,,,N,3,0,1,2,A,-,10,21950,A,F,G,B,B,A,H,-,C,A,0,Y,,,,Y,Y,-,99,0,1,0,0,1,0,0,0,0,"- ","- ",,,"LOS ANGELES","LOS ANGELES",-118.27673796000001,34.056446749999999
6695793,2014,2015-01-22,1942,2014-10-29,0900,36698,0119,3,5,7,1942,0,0,0,A,0,11T21W,"BAUCHET ST","VIGNES ST",50.00,E,N,A,-,N,,,,,,,,,,N,4,0,1,2,A,-,"- ",,,F,G,B,D,A,H,-,A,A,0,Y,,,,Y,,-,"- ",0,0,1,0,1,0,0,0,0,"- ","- ",,,"LOS ANGELES","LOS ANGELES",-118.23216116,34.058906399999998
6696507,2014,2014-12-30,1900,2014-10-23,1400,407364,0621,4,5,6,1985,0,0,0,,0,64T1-D,"VALENCIA BL","MCBEAN PKWY",20.00,W,N,A,-,N,,,,,,,,,,N,3,0,1,2,A,-,21,22106,,N,G,B,B,A,H,-,A,A,0,Y,,,,Y,,A,01,0,1,0,0,1,0,0,0,0,"- ","- ",,,"LOS ANGELES","SANTA CLARITA",-118.56005618,34.4132587
6696552,2014,2014-12-30,1941,2014-10-26,2203,5384,,7,5,7,1941,0,0,0,,0,,"MLK KING JR BL","ANAHEIM ST",0.00,,Y,A,-,N,,,,,,,,,,N,4,0,1,2,A,-,10,21950,A,F,H,B,B,A,H,-,C,A,0,Y,,,Y,Y,,F,,0,0,1,0,1,0,0,0,0,"- ","- ",,,"LOS ANGELES","LONG BEACH",-118.18068,33.782609999999998
6696842,2014,2015-01-02,1942,2014-10-30,0725,38707,0311,4,5,7,1942,0,0,0,C,0,3TL5,"HAUSER BL","BLACKWELDER ST",0.00,,Y,A,-,N,,,,,,,,,,N,3,0,3,4,A,-,10,21950,A,N,G,B,B,A,H,-,A,A,0,Y,,,,Y,,A,01,0,3,0,0,3,0,0,0,0,"- ","- ",,,"LOS ANGELES","LOS ANGELES",-118.36415005000001,34.028660090000002
6696859,2014,2015-01-02,1931,2014-10-27,1856,5261,1931,1,5,5,1931,0,0,0,,0,004,"BROADWAY ST","CALIFORNIA AV",0.00,,Y,A,-,N,,,,,,,,,,N,4,0,1,2,A,-,08,22107,,N,G,B,B,A,H,-,C,D,0,Y,,,,Y,,A,01,0,0,1,0,1,0,0,0,0,"- ","- ",,,"LOS ANGELES","HUNTINGTON PARK",-118.20455001000001,33.964490050000002
6696868,2014,2015-01-02,1900,2014-10-13,1731,527443,2847,1,5,5,1915,0,0,0,,0,283T1,"ALONDRA BL","WASHINGTON AV",12.00,E,N,A,-,N,,,,,,,,,,N,4,0,1,2,A,-,06,21755,,F,G,B,D,A,H,-,A,D,0,Y,,,,Y,,A,01,0,0,1,0,1,0,0,0,0,"- ","- ",,,"LOS ANGELES",COMPTON,-118.19399054,33.888759999999998
6696896,2014,2014-12-23,1942,2014-07-14,0410,40385,1844,1,5,7,1942,0,0,0,R,0,3A15,"AVALON BL","LANZIT AV",0.00,,Y,A,-,N,,,,,,,,,,N,4,0,1,2,A,-,10,21950,A,N,G,B,B,A,H,-,C,D,0,Y,,,,Y,,D,22,0,0,1,0,1,0,0,0,0,"- ","- ",,,"LOS ANGELES","LOS ANGELES",-118.26520001999999,33.932510010000001
6697003,2014,2015-01-06,1900,2014-10-28,1225,450416,0625,2,5,6,1985,0,0,0,,0,62T1,"OAK ST","KANSAS ST",115.00,E,N,A,-,N,,,,,,,,,,N,3,0,1,2,A,-,11,21954,A,N,G,B,D,A,H,-,A,D,0,Y,,,,Y,,N,60,0,1,0,0,1,0,0,0,0,"- ","- ",,,"LOS ANGELES","SANTA CLARITA",-118.53590839,34.382021010000003
6697007,2014,2015-01-06,1900,2014-10-28,1140,518055,0610,2,5,6,1985,0,0,0,,0,61T1,"SOLEDAD CANYON RD","GOLDEN OAK RD",25.00,E,N,A,-,N,,,,,,,,,,N,3,0,1,2,A,-,11,21954,A,M,G,B,D,A,H,-,A,D,0,Y,,,,Y,,N,60,0,1,0,0,1,0,0,0,0,"- ","- ",,,"LOS ANGELES","SANTA CLARITA",-118.51312607,34.416340769999998
6697027,2014,2016-02-18,1900,2014-10-24,1643,520271,2842,5,5,5,1915,0,0,0,,0,283T1,"PINE ST","SANTA FE AV",169.00,E,N,A,-,N,,,,,,,,,,N,3,0,1,2,A,-,11,21955,,N,G,B,D,A,H,-,A,D,0,Y,,,,Y,,N,60,0,1,0,0,1,0,0,0,0,"- ","- ",,,"LOS ANGELES",COMPTON,-118.21612825,33.911476350000001
6697104,2014,2014-12-11,1931,2014-11-05,0727,5216,,3,5,5,1931,0,0,0,,0,,"GRAND AV","STATE ST",0.00,,Y,A,-,N,,,,,,,,,,N,3,0,1,2,A,-,10,21950,A,N,G,B,B,A,H,-,A,A,0,Y,,,,Y,,A,01,0,1,0,0,1,0,0,0,0,"- ","- ",,,"LOS ANGELES","HUNTINGTON PARK",-118.21029005,33.967600060000002
6697169,2014,2015-01-05,1912,2014-10-28,0838,10229,BURBA,2,5,6,1912,0,0,0,,0,,"RIVERSIDE DR","MAIN ST",0.00,,Y,A,-,N,,,,,,,,,,N,3,0,1,2,A,-,10,21950,A,N,G,B,B,A,H,-,A,A,0,Y,,,,Y,,A,01,0,1,0,0,1,0,0,0,0,"- ","- ",,,"LOS ANGELES",BURBANK,-118.31047008,34.161110020000002
6697418,2014,2014-11-21,1942,2014-09-14,1820,39477,1653,7,5,7,1942,0,0,0,P,0,35Z201,"OSBORN ST","TELFAIR AV",16.00,W,N,A,-,N,,,,,,,,,,N,3,0,1,2,A,-,10,21950,A,N,G,B,B,A,H,-,A,A,0,Y,,,,Y,,A,07,0,1,0,0,1,0,0,0,0,"- ","- ",,,"LOS ANGELES","LOS ANGELES",-118.41302899999999,34.251584999999999
6697485,2014,2014-12-11,1942,2014-11-01,0605,40697,0361,6,5,7,1942,0,0,0,C,0,3T5,"LA BREA","COLISEUM ST",0.00,,Y,C,-,N,,,,,,,,,,N,4,0,1,2,A,-,10,21950,A,F,G,B,B,B,H,-,B,A,0,Y,,,,Y,,-,99,0,0,1,0,1,0,0,0,0,"- ","- ",,,"LOS ANGELES","LOS ANGELES",-118.35559007000001,34.018310059999997
6697492,2014,2015-06-05,1941,2014-10-27,0800,5048,,1,5,7,1941,0,0,0,,0,,"PINE AV","10TH ST",300.00,N,N,A,-,N,,,,,,,,,,N,3,0,1,2,A,-,10,21950,A,N,G,B,C,A,H,-,A,D,0,Y,,,,Y,,A,,0,1,0,0,1,0,0,0,0,"- ","- ",,,"LOS ANGELES","LONG BEACH",-118.19237,33.779802709999998
6697965,2014,2014-12-30,1920,2014-10-02,0849,11992,,4,5,6,1920,0,0,0,,0,006,"BROOKSHIRE AV","ALAMEDA ST",0.00,,Y,A,-,N,,,,,,,,,,N,4,0,1,2,A,-,10,21950,A,N,G,B,B,A,H,-,A,A,0,Y,,,,Y,,D,22,0,0,1,0,1,0,0,0,0,"- ","- ",,,"LOS ANGELES",DOWNEY,-118.13859012,33.926290010000002
6698086,2014,2014-11-20,1942,2014-09-24,1900,38627,0565,3,5,7,1942,0,0,0,E,0,5XL3,"GAFFEY ST","8TH ST",0.00,,Y,A,-,N,,,,,,,,,,N,3,0,1,2,A,-,12,21453,A,N,G,B,B,A,H,-,B,A,0,Y,,,,Y,,A,01,0,1,0,0,1,0,0,0,0,"- ","- ",,,"LOS ANGELES","LOS ANGELES",-118.29235011,33.736970040000003
6698098,2014,2014-11-20,1942,2014-09-27,0100,36493,2023,6,5,7,1942,0,0,0,,0,20X46,"3RD ST","WESTERN AV",0.00,,Y,A,-,N,,,,,,,,,,N,4,0,1,2,A,-,08,22107,,F,G,B,B,A,H,-,C,A,0,Y,,,,Y,Y,-,99,0,0,1,0,1,0,0,0,0,"- ","- ",,,"LOS ANGELES","LOS ANGELES",-118.30912001,34.068970030000003
6698276,2014,2014-11-19,1942,2014-10-21,1730,39170,0529,2,5,7,1942,0,0,0,E,0,5X26,"ANAHEIM ST","ISLAND AV",0.00,,Y,A,-,N,,,,,,,,,,N,3,0,1,2,A,-,10,21950,A,N,G,B,C,A,H,-,A,D,0,Y,,,,Y,,A,01,0,1,0,0,1,0,0,0,0,"- ","- ",,,"LOS ANGELES","LOS ANGELES",-118.26656009,33.779760119999999
6698296,2014,2014-11-19,1942,2014-10-03,1925,39970,0564,5,5,7,1942,0,0,0,E,0,5A59,"CENTRE ST","6TH ST",150.00,S,N,A,-,N,,,,,,,,,,N,3,0,1,2,A,-,11,21954,A,N,G,B,E,A,H,-,C,D,0,Y,,,,Y,,N,60,0,1,0,0,1,0,0,0,0,"- ","- ",,,"LOS ANGELES","LOS ANGELES",-118.28350788,33.738338880000001
6698315,2014,2014-11-19,1942,2014-10-24,0710,41059,0529,5,5,7,1942,0,0,0,E,0,5T21,"BROAD AV","D ST",0.00,,Y,A,-,N,,,,,,,,,,N,3,0,1,2,A,-,"- ",,,N,A,B,B,A,H,-,A,A,0,Y,,,,Y,,A,01,0,1,0,0,1,0,0,0,0,"- ","- ",,,"LOS ANGELES","LOS ANGELES",-118.26072003,33.774250049999999
6698320,2014,2014-11-19,1942,2014-10-30,2045,38531,0525,4,5,7,1942,0,0,0,E,0,12T41,"AVALON BL","D ST",0.00,,Y,A,-,N,,,,,,,,,,N,3,0,1,2,A,-,10,21950,A,F,G,B,B,A,H,-,C,A,0,Y,,,,Y,,-,99,0,1,0,0,1,0,0,0,0,"- ","- ",,,"LOS ANGELES","LOS ANGELES",-118.26199004,33.774180010000002
6698327,2014,2014-12-08,1942,2014-10-24,0825,24543,0529,5,5,7,1942,0,0,0,E,0,25MQ23,"ANAHEIM ST","AVALON BL",0.00,,Y,A,-,N,,,,,,,,,,Y,2,0,1,2,A,-,11,21453,D,N,G,B,B,A,H,-,A,A,0,Y,,,,Y,,N,60,1,0,0,0,1,0,0,0,0,"- ","- ",,,"LOS ANGELES","LOS ANGELES",-118.26245004,33.77998006
6698328,2014,2014-12-08,1942,2014-10-28,1518,40773,0852,2,5,7,1942,0,0,0,H,0,8T26,"SANTA MONICA BL","ARMACOST AV",58.00,E,N,A,-,N,,,,,,,,,,N,4,0,1,2,A,-,21,22106,,F,G,B,E,A,H,-,A,D,0,Y,,,,Y,,-,99,0,0,1,0,1,0,0,0,0,"- ","- ",,,"LOS ANGELES","LOS ANGELES",-118.4601004,34.041973339999998
6698332,2014,2014-12-08,1942,2014-10-31,1640,32565,2071,5,5,7,1942,0,0,0,,0,20TL56,"PICO BL","SAINT ANDREWS PL",37.00,E,N,B,-,N,,,,,,,,,,N,2,0,1,2,A,-,11,21955,,N,G,B,D,A,H,-,A,A,0,Y,,,,Y,,N,60,1,0,0,0,1,0,0,0,0,"- ","- ",,,"LOS ANGELES","LOS ANGELES",-118.31147808999999,34.047199999999997
6698335,2014,2014-12-08,1942,2014-10-04,0345,22934,LOSAN,6,5,7,1942,0,0,0,,0,5A25,"WILMINGTON AV","R ST",0.00,,Y,A,-,N,,,,,,,,,,N,3,0,1,2,A,-,11,21954,A,F,A,B,D,A,H,-,D,D,0,Y,,,,Y,,N,60,0,1,0,0,1,0,0,0,0,"- ","- ",,,"LOS ANGELES","LOS ANGELES",-118.27526012,33.796960069999997
6698339,2014,2014-12-08,1942,2014-10-06,1818,39560,508,1,5,7,1942,0,0,0,,0,5X26,"237TH ST","WESTERN AV",0.00,,Y,A,-,N,,,,,,,,,,N,4,0,1,2,A,-,10,21950,A,N,G,B,B,A,H,-,B,A,0,Y,,,,Y,,A,08,0,0,1,0,1,0,0,0,0,"- ","- ",,,"LOS ANGELES","LOS ANGELES",-118.30850001,33.810220049999998
6698351,2014,2014-12-08,1942,2014-10-03,2030,38531,0511,5,5,7,1942,0,0,0,E,0,5T21,"BELLE PORTE AV","253RD ST",0.00,,Y,A,-,N,,,,,,,,,,N,4,0,1,2,A,-,10,21950,A,F,G,B,B,A,H,-,D,A,0,Y,,,,Y,Y,-,99,0,0,1,0,1,0,0,0,0,"- ","- ",,,"LOS ANGELES","LOS ANGELES",-118.30119012,33.794740009999998
6698356,2014,2014-12-08,1942,2014-10-26,0245,38380,2088,7,5,7,1942,0,0,0,,0,6T7,"VERMONT AV","VENICE BL",56.00,S,N,A,-,N,,,,,,,,,,N,2,0,1,2,A,-,11,21955,,F,G,B,D,A,H,-,C,A,0,Y,,,,Y,,N,60,1,0,0,0,1,0,0,0,0,"- ","- ",,,"LOS ANGELES","LOS ANGELES",-118.29159704999999,34.04410644
6698364,2014,2014-12-08,1942,2014-10-31,0242,39748,838,5,5,7,1942,0,0,0,,0,8A95,"STRATHMORE DR","LEVERING AV",0.00,,Y,A,-,N,,,,,,,,,,N,3,0,1,2,A,-,10,21950,A,F,G,B,B,A,H,-,C,A,0,Y,,,,Y,,-,99,0,1,0,0,1,0,0,0,0,"- ","- ",,,"LOS ANGELES","LOS ANGELES",-118.45050003999999,34.065680010000001
6698437,2014,2014-12-10,1920,2014-10-13,1113,10705,,1,5,6,1920,0,0,0,,0,006,"IMPERIAL HWY","BARLIN AV",0.00,,Y,A,-,N,,,,,,,,,,N,3,0,1,2,A,-,06,21951,,M,G,B,B,A,H,-,A,A,0,Y,,,,Y,,-,,0,1,0,0,1,0,0,0,0,"- ","- ",,,"LOS ANGELES",DOWNEY,-118.14094002,33.918240019999999
6698450,2014,2014-12-10,9565,2014-10-07,1712,17574,,2,2,9,1900,0,3,5,,2,004,"LA CIENEGA BL","EL SEGUNDO BL",5.00,N,N,A,-,N,,,,,,,,,,N,4,0,1,2,A,-,10,21950,A,N,G,B,B,A,H,-,A,A,0,Y,,,,Y,,A,07,0,0,1,0,1,0,0,0,0,"- ","- ",33.930810000000001,-118.36563,"LOS ANGELES",UNINCORPORATED,-118.37150086,33.916493699999997
6698501,2014,2014-12-01,9565,2014-10-13,0800,020478,,1,1,9,1900,0,3,5,,2,002,"BERENDO AV","120TH ST",10.00,S,N,A,-,N,,,,,,,,,,N,4,0,1,2,A,-,10,21950,A,N,G,B,B,A,H,-,A,A,0,Y,,,,Y,,A,01,0,0,1,0,1,0,0,0,0,"- ","- ",33.923609999999996,-118.29422,"LOS ANGELES",UNINCORPORATED,-118.29404956,33.923652580000002
6698529,2014,2014-12-01,1970,2014-10-03,0759,830,1970,5,5,4,1970,0,0,0,,0,001,"MERIDIAN AV","EL CENTRO ST",0.00,,Y,A,-,N,,,,,,,,,,N,4,0,1,2,A,-,10,21950,A,N,G,B,B,A,H,-,A,D,0,Y,,,,Y,,-,,0,0,1,0,1,0,0,0,0,"- ","- ",,,"LOS ANGELES","SOUTH PASADENA",-118.15727012000001,34.114710109999997
6698596,2014,2014-12-16,9550,2014-09-02,1930,20392,,2,2,9,1900,0,3,5,,2,001,"AEOLIAN ST","NORWALK BL",510.00,E,N,A,-,N,,,,,,,,,,N,2,0,1,2,A,-,21,22106,,N,G,B,E,A,H,-,A,D,0,Y,,,,Y,,A,07,1,0,0,0,1,0,0,0,0,"- ","- ",33.96631,-118.06901999999999,"LOS ANGELES",UNINCORPORATED,-118.06928250999999,33.966262389999997
6698747,2014,2014-12-12,9550,2014-09-14,1625,20037,,7,2,9,1900,0,3,5,,2,002,"BROADWAY ST","VICTORIA AV",0.00,W,N,A,-,N,,,,,,,,,,N,3,0,1,2,A,-,11,21954,A,N,G,B,D,A,H,-,A,D,0,Y,,,,Y,,N,60,0,1,0,0,1,0,0,0,0,"- ","- ",33.562609999999999,-118.01423,"LOS ANGELES",UNINCORPORATED,-118.02846006,33.940570080000001
6698894,2014,2014-11-18,1942,2014-08-20,0820,40001,0842,3,5,7,1942,0,0,0,H,0,8A95,"BARRINGTON AV","TEXAS AV",10.00,N,N,A,-,N,,,,,,,,,,N,4,0,1,2,D,-,00,,,F,-,B,B,A,H,-,A,-,0,Y,,,,Y,,-,"- ",0,0,1,0,1,0,0,0,0,"- ","- ",,,"LOS ANGELES","LOS ANGELES",-118.45904925000001,34.047212260000002
6698915,2014,2015-01-08,1900,2014-11-03,1135,213720,2923,1,5,5,1990,0,0,0,,0,292M2,"LONGVIEW DR","HEDGEWOOD PL",396.00,S,N,A,-,N,,,,,,,,,,Y,3,0,2,2,A,-,05,21650,,N,E,B,F,A,H,-,A,D,0,Y,,,,Y,,A,01,0,2,0,0,1,0,0,0,0,"- ","- ",,,"LOS ANGELES","DIAMOND BAR",-117.78880255999999,34.00214862
6698918,2014,2014-11-17,1942,2014-08-28,0220,38985,638,4,5,7,1942,0,0,0,,0,6A31,"HOLLYWOOD BL","WILTON PL",0.00,,Y,A,-,N,,,,,,,,,,N,4,0,1,2,A,-,21,22106,,F,G,B,E,A,H,-,C,A,0,Y,,,,Y,,-,99,0,0,1,0,1,0,0,0,0,"- ","- ",,,"LOS ANGELES","LOS ANGELES",-118.31365006,34.10172008
6698994,2014,2016-03-04,1942,2014-10-02,1850,31652,1063,4,5,7,1942,0,0,0,J,0,19T73,"RESEDA BL","VENTURA FWY",23.00,S,N,A,-,Y,,,,,,,,,,N,3,0,1,2,A,-,10,21950,A,F,G,B,B,A,H,-,C,A,0,Y,,,,Y,,-,,0,1,0,0,1,0,0,0,0,"- ",EF,,,"LOS ANGELES","LOS ANGELES",-118.53611198,34.168702779999997
6699029,2014,2014-12-08,1953,2014-10-01,1544,4980,1953,3,5,6,1953,0,0,0,,0,003,"LAKE AV","WASHINGTON BL",20.00,N,N,A,-,N,,,,,,,,,,N,3,0,3,3,A,-,09,21801,A,N,D,B,F,A,H,-,A,D,0,Y,,,,Y,,A,01,0,1,2,0,1,0,0,0,0,"- ","- ",,,"LOS ANGELES",PASADENA,-118.13224808,34.16903482
6699049,2014,2014-11-21,1975,2014-10-24,0744,407,,5,5,6,1975,0,0,0,,0,004,"MICHELLE ST","HOLLY PL",74.00,W,N,A,-,N,,,,,,,,,,N,2,0,1,2,A,-,03,22350,,N,A,B,E,A,H,-,A,D,0,Y,,,,Y,,-,,1,0,0,0,1,0,0,0,0,"- ","- ",,,"LOS ANGELES","WEST COVINA",-117.93007356,34.053092390000003
6699070,2014,2014-11-21,1975,2014-10-23,0814,395,,4,5,6,1975,0,0,0,,0,TRAFFI,"N SUNSET AV","PUENTE AV",204.00,N,N,A,-,N,,,,,,,,,,N,4,0,2,3,A,-,10,21952,,F,G,B,F,A,H,-,A,D,0,Y,,,,Y,,A,01,0,0,2,0,2,0,0,0,0,"- ","- ",,,"LOS ANGELES","WEST COVINA",-117.93454255,34.08336645
6699094,2014,2016-02-17,1975,2014-10-10,2305,409,,5,5,6,1975,0,0,0,,0,002,"AZUSA AV","SOUTH GARVEY AV",0.00,,Y,A,-,N,,,,,,,,,,N,3,0,1,2,A,-,10,21950,A,N,G,B,B,A,H,-,C,A,0,Y,,,,Y,,-,,0,1,0,0,1,0,0,0,0,"- ","- ",,,"LOS ANGELES","WEST COVINA",-117.90780004,34.073830059999999
6699193,2014,2014-11-17,1942,2014-10-25,1900,31814,0301,6,5,7,1942,0,0,0,C,0,3T57,"REDONDO BL","ADAMS BL",19.00,N,N,A,-,N,,,,,,,,,,N,4,0,1,2,A,-,11,21955,,N,G,B,D,A,H,-,C,A,0,Y,,,,Y,Y,N,60,0,0,1,0,1,0,0,0,0,"- ","- ",,,"LOS ANGELES","LOS ANGELES",-118.35622949,34.032549230000001
6699204,2014,2014-12-01,1942,2014-10-27,2105,40476,0362,1,5,7,1942,0,0,0,C,0,18T23,"MARTIN LUTHER KING BL",COLISEUM,58.00,W,N,A,-,N,,,,,,,,,,N,3,0,1,2,A,-,11,21955,,N,G,B,D,A,H,-,A,A,0,Y,,,,Y,,N,60,0,1,0,0,1,0,0,0,0,"- ","- ",,,"LOS ANGELES","LOS ANGELES",-118.34612337,34.017574850000003
6699208,2014,2014-12-12,1942,2014-10-30,1500,36911,0379,4,5,7,1942,0,0,0,C,0,3T57,"BROWNING BL","BUDLONG AV",35.00,E,N,A,-,N,,,,,,,,,,N,3,0,2,3,A,-,11,21954,A,N,G,B,D,A,H,-,A,D,0,Y,,,,Y,,N,60,0,1,1,0,2,0,0,0,0,"- ","- ",,,"LOS ANGELES","LOS ANGELES",-118.29577473000001,34.01211
6699220,2014,2014-12-01,1942,2014-10-27,1820,37724,0377,1,5,7,1942,0,0,0,C,0,3T57,"39TH ST","BRIGHTON AV",0.00,,Y,A,-,N,,,,,,,,,,N,4,0,1,2,A,-,10,21950,A,N,G,B,B,A,H,-,B,D,0,Y,,,,Y,,A,01,0,0,1,0,1,0,0,0,0,"- ","- ",,,"LOS ANGELES","LOS ANGELES",-118.30127009,34.015520049999999
6699236,2014,2014-12-01,1942,2014-10-12,1930,41231,319,7,5,7,1942,0,0,0,,0,"LOS AN","ESTRELLA AV","23RD ST",0.00,,Y,A,-,N,,,,,,,,,,N,3,0,1,2,A,-,21,22106,,F,G,B,B,A,H,-,C,D,0,Y,,,,Y,,-,99,0,1,0,0,1,0,0,0,0,"- ","- ",,,"LOS ANGELES","LOS ANGELES",-118.27672011,34.031940110000001
6699239,2014,2014-12-01,1942,2014-10-20,2230,38694,362,1,5,7,1942,0,0,0,,0,5T21,"LA BREA AV","COLISEUM ST",20.00,N,N,A,-,N,,,,,,,,,,N,3,0,1,2,A,-,11,21955,,F,G,B,D,A,H,-,C,A,0,Y,,,,Y,,N,60,0,1,0,0,1,0,0,0,0,"- ","- ",,,"LOS ANGELES","LOS ANGELES",-118.35559000000001,34.018364849999998
6699240,2014,2016-02-17,1942,2014-10-12,1720,40869,363,7,5,7,1942,0,0,0,,0,12T73,"PALMWOOD DR","BUCKINGHAM RD",571.00,W,N,A,-,N,,,,,,,,,,N,4,0,1,2,A,-,11,21956,A,N,G,B,D,A,H,-,A,D,0,Y,,,,Y,,N,60,0,0,1,0,1,0,0,0,0,"- ","- ",,,"LOS ANGELES","LOS ANGELES",-118.34409755999999,34.013857049999999
6699249,2014,2014-11-19,1942,2014-10-19,2105,38787,0734,7,5,7,1942,0,0,0,G,0,20A71,FAIRFAX,BLACKBURN,100.00,S,N,A,-,N,,,,,,,,,,N,3,0,1,2,A,-,11,21956,A,N,G,B,D,A,H,-,C,D,0,Y,,,,Y,,N,60,0,1,0,0,1,0,0,0,0,"- ","- ",,,"LOS ANGELES","LOS ANGELES",-118.36140752,34.07046596
6699252,2014,2014-12-01,1942,2014-10-03,0810,40059,0526,5,5,7,1942,0,0,0,E,0,5TL21,"ANAHEIM ST","MARINE AV",6.00,E,N,A,-,N,,,,,,,,,,N,3,0,1,2,A,-,10,21950,A,N,G,B,B,A,H,-,A,A,0,Y,,,,Y,,A,01,0,1,0,0,1,0,0,0,0,"- ","- ",,,"LOS ANGELES","LOS ANGELES",-118.26375034,33.779911159999997
6699257,2014,2014-11-19,1942,2014-10-17,1755,37005,0734,5,5,7,1942,0,0,0,G,0,7X14,OGDEN,"3RD ST",120.00,S,N,A,-,N,,,,,,,,,,N,3,0,1,2,A,-,10,21950,A,N,G,B,B,A,H,-,A,D,0,Y,,,,Y,,A,07,0,1,0,0,1,0,0,0,0,"- ","- ",,,"LOS ANGELES","LOS ANGELES",-118.35901469,34.070880899999999
6699281,2014,2014-11-21,1942,2014-10-24,0905,41089,2033,5,5,7,1942,0,0,0,,0,7T23,"8TH ST","HOBART BL",0.00,,Y,A,-,N,,,,,,,,,,N,3,0,1,2,A,-,10,21950,A,N,G,B,B,A,H,-,A,A,0,Y,,,,Y,,A,07,0,1,0,0,1,0,0,0,0,"- ","- ",,,"LOS ANGELES","LOS ANGELES",-118.30534007999999,34.057700099999998
6699288,2014,2014-11-18,1942,2014-10-22,0925,41614,0735,3,5,7,1942,0,0,0,G,0,007,"6TH ST","COCHRAN AV",10.00,E,N,A,-,N,,,,,,,,,,N,4,0,1,2,A,-,10,21950,A,N,G,B,B,A,H,-,A,A,0,Y,,,,Y,,A,01,0,0,1,0,1,0,0,0,0,"- ","- ",,,"LOS ANGELES","LOS ANGELES",-118.34719705000001,34.06488968
6699290,2014,2014-11-21,1942,2014-10-15,0755,26740,2056,3,5,7,1942,0,0,0,,0,8MQ73,"12TH ST",VERMONT,75.00,W,N,A,-,N,,,,,,,,,,,4,0,1,2,A,-,10,21950,C,N,G,B,D,A,H,-,A,D,0,Y,,,,Y,,A,01,0,0,1,0,1,0,0,0,0,"- ","- ",,,"LOS ANGELES","LOS ANGELES",-118.29185711,34.049120000000002