CASE_ID,ACCIDENT_YEAR,PROC_DATE,JURIS,COLLISION_DATE,COLLISION_TIME,OFFICER_ID,REPORTING_DISTRICT,DAY_OF_WEEK,CHP_SHIFT,POPULATION,CNTY_CITY_LOC,SPECIAL_COND,BEAT_TYPE,CHP_BEAT_TYPE,CITY_DIVISION_LAPD,CHP_BEAT_CLASS,BEAT_NUMBER,PRIMARY_RD,SECONDARY_RD,DISTANCE,DIRECTION,INTERSECTION,WEATHER_1,WEATHER_2,STATE_HWY_IND,CALTRANS_COUNTY,CALTRANS_DISTRICT,STATE_ROUTE,ROUTE_SUFFIX,POSTMILE_PREFIX,POSTMILE,LOCATION_TYPE,RAMP_INTERSECTION,SIDE_OF_HWY,TOW_AWAY,COLLISION_SEVERITY,NUMBER_KILLED,NUMBER_INJURED,PARTY_COUNT,PRIMARY_COLL_FACTOR,PCF_CODE_OF_VIOL,PCF_VIOL_CATEGORY,PCF_VIOLATION,PCF_VIOL_SUBSECTION,HIT_AND_RUN,TYPE_OF_COLLISION,MVIW,PED_ACTION,ROAD_SURFACE,ROAD_COND_1,ROAD_COND_2,LIGHTING,CONTROL_DEVICE,CHP_ROAD_TYPE,PEDESTRIAN_ACCIDENT,BICYCLE_ACCIDENT,MOTORCYCLE_ACCIDENT,TRUCK_ACCIDENT,NOT_PRIVATE_PROPERTY,ALCOHOL_INVOLVED,STWD_VEHTYPE_AT_FAULT,CHP_VEHTYPE_AT_FAULT,COUNT_SEVERE_INJ,COUNT_VISIBLE_INJ,COUNT_COMPLAINT_PAIN,COUNT_PED_KILLED,COUNT_PED_INJURED,COUNT_BICYCLIST_KILLED,COUNT_BICYCLIST_INJURED,COUNT_MC_KILLED,COUNT_MC_INJURED,PRIMARY_RAMP,SECONDARY_RAMP,LATITUDE,LONGITUDE,COUNTY,CITY,POINT_X,POINT_Y
6732526,2014,2015-01-02,1900,2014-10-27,0745,253807,2612,1,5,6,1950,0,0,0,,0,261T1,"HIGHLAND ST","REDDINGTON AV",248.00,S,N,A,-,N,,,,,,,,,,N,3,0,3,3,A,-,03,22350,,N,C,B,E,A,H,-,A,D,0,Y,,,,Y,,A,01,0,2,1,0,2,0,0,0,0,"- ","- ",,,"LOS ANGELES",PALMDALE,-118.17401,34.586942999999998
6732545,2014,2015-01-02,1924,2014-10-20,1853,112602,15,1,5,5,1924,0,0,0,,0,8T2,"141ST PL","ARDATH AV",253.00,W,N,A,-,N,,,,,,,,,,N,3,0,1,2,A,-,11,21954,A,N,G,B,D,A,H,-,C,D,0,Y,,,,Y,,N,60,0,1,0,0,1,0,0,0,0,"- ","- ",,,"LOS ANGELES",GARDENA,-118.32485214,33.902986210000002
6732572,2014,2014-12-15,1942,2014-09-30,1730,41561,0852,2,5,7,1942,0,0,0,H,0,8A53,"IOWA AV","BARRINGTON AV",0.00,,Y,A,-,N,,,,,,,,,,N,4,0,1,2,A,-,10,21950,A,N,G,B,B,A,H,-,B,A,0,Y,,,,Y,,A,01,0,0,1,0,1,0,0,0,0,"- ","- ",,,"LOS ANGELES","LOS ANGELES",-118.45405001,34.041420109999997
6732578,2014,2014-12-15,1900,2014-09-30,1700,287402,1510,2,5,5,1954,0,0,0,,0,151T2,"BEVERLY BL","ROSEMEAD BL",12.00,E,N,A,-,N,,,,,,,,,,N,3,0,1,2,-,-,"- ",,,N,D,B,B,A,H,-,A,A,0,Y,,,,Y,,-,"- ",0,1,0,0,1,0,0,0,0,"- ","- ",,,"LOS ANGELES","PICO RIVERA",-118.08097274000001,34.01056904
6732582,2014,2014-12-15,1942,2014-09-30,1350,38591,0808,2,5,7,1942,0,0,0,H,0,8A29,"DEEP CANYON DR","DONINGTON PL",35.00,N,N,A,-,N,,,,,,,,,,N,4,0,2,2,A,-,03,22350,,N,G,B,F,A,H,-,A,D,0,Y,Y,,,Y,,L,04,0,0,2,0,1,0,1,0,0,"- ","- ",,,"LOS ANGELES","LOS ANGELES",-118.43090431,34.129845580000001
6732610,2014,2015-01-16,1922,2014-11-23,1830,659,,7,5,6,1922,0,0,0,,0,004,"LANSDALE AV","MOUNTAIN VIEW RD",25.00,E,N,A,-,N,,,,,,,,,,N,4,0,1,2,A,-,10,21950,A,F,A,B,C,A,H,-,C,D,0,Y,,,,Y,,A,01,0,0,1,0,1,0,0,0,0,"- ","- ",,,"LOS ANGELES","EL MONTE",-118.01949641,34.065056439999999
6732614,2014,2015-01-16,1922,2014-11-29,2115,640,,6,5,6,1922,0,0,0,,0,001,"CYPRESS AV","BRYANT AV",300.00,S,N,A,-,N,,,,,,,,,,N,4,0,1,3,A,-,08,22107,,F,B,E,F,A,H,-,C,D,0,Y,,,,Y,Y,A,01,0,0,1,0,1,0,0,0,0,"- ","- ",,,"LOS ANGELES","EL MONTE",-118.02783324000001,34.079292909999999
6732632,2014,2014-12-15,1942,2014-09-27,1210,41175,0831,6,5,7,1942,0,0,0,H,0,8A12,"MONTANA AV","GRETNA GREEN WY",0.00,,Y,A,-,N,,,,,,,,,,N,3,0,1,2,A,-,10,21950,A,N,G,B,B,A,H,-,A,D,0,Y,,,,Y,,A,01,0,1,0,0,1,0,0,0,0,"- ","- ",,,"LOS ANGELES","LOS ANGELES",-118.47379013,34.049550099999998
6732642,2014,2015-01-05,1942,2014-10-01,2355,33882,1497,3,5,7,1942,0,0,0,N,0,14A67,"CENTURY BL","GLASGOW PL",120.00,W,N,A,-,N,,,,,,,,,,N,3,0,1,2,A,-,11,21955,,N,G,B,D,A,H,-,C,D,0,Y,,,,Y,Y,N,60,0,1,0,0,1,0,0,0,0,"- ","- ",,,"LOS ANGELES","LOS ANGELES",-118.37152878000001,33.945340000000002
6732650,2014,2015-01-05,1942,2014-10-01,0930,37223,2029,3,5,7,1942,0,0,0,,0,2XL11,VERMONT,"3RD ST",0.00,,Y,A,-,N,,,,,,,,,,N,4,0,1,2,A,-,10,21950,A,F,B,B,B,A,H,-,A,D,0,Y,,,,Y,,-,,0,0,1,0,1,0,0,0,0,"- ","- ",,,"LOS ANGELES","LOS ANGELES",-118.29165,34.069049999999997
6732674,2014,2015-01-05,1942,2014-10-09,1705,36493,2062,4,5,7,1942,0,0,0,,0,20A14,"PICO BL","SAINT ANDREWS PL",0.00,,Y,A,-,N,,,,,,,,,,N,2,0,2,3,A,-,10,21950,A,N,G,B,B,A,H,-,A,D,0,Y,,,,Y,,A,01,1,1,0,0,2,0,0,0,0,"- ","- ",,,"LOS ANGELES","LOS ANGELES",-118.31160011999999,34.047200109999999
6733616,2014,2015-01-20,1975,2014-11-12,1838,315,CITRU,3,5,6,1975,0,0,0,,0,003,"W MERCED AV","W MERCED AV 1112",0.00,,Y,A,-,N,,,,,,,,,,N,3,0,1,2,A,-,10,21952,,N,G,B,F,A,H,-,C,D,0,Y,,,,Y,Y,-,,0,1,0,0,1,0,0,0,0,"- ","- ",,,"LOS ANGELES","WEST COVINA",-117.94304700000001,34.059052999999999
6733676,2014,2015-01-20,1975,2014-11-06,0631,353,,4,5,6,1975,0,0,0,,0,003,"SUNSET AV","ROSEWAY AV",177.00,N,N,A,-,N,,,,,,,,,,N,3,0,1,2,A,-,10,21952,,N,D,B,F,A,H,-,B,D,0,Y,,,,Y,,-,,0,1,0,0,1,0,0,0,0,"- ","- ",,,"LOS ANGELES","WEST COVINA",-117.94203768,34.065266389999998
6733700,2014,2015-01-23,1900,2014-11-07,1830,533011,0244,5,5,3,1914,0,0,0,,0,27T,"WASHINGTON BL","FITZGERALD AV",0.00,,Y,A,-,N,,,,,,,,,,N,4,0,1,2,D,-,00,,,N,G,B,B,A,H,-,D,D,0,Y,,,,Y,Y,-,"- ",0,0,1,0,1,0,0,0,0,"- ","- ",,,"LOS ANGELES",COMMERCE,-118.16121003000001,34.000790070000001
6733747,2014,2015-01-12,1900,2014-10-24,1930,523423,1132,5,5,6,1992,0,0,0,,0,112T1,"LANCASTER BL","5TH ST EAST",3.00,E,N,A,-,N,,,,,,,,,,N,4,0,1,2,A,-,10,21950,A,N,G,B,B,A,H,-,C,A,0,Y,,,,Y,,D,22,0,0,1,0,1,0,0,0,0,"- ","- ",,,"LOS ANGELES",LANCASTER,-118.12152003999999,34.696770030000003
6734302,2014,2014-12-18,1942,2014-11-26,1045,31152,0124,3,5,7,1942,0,0,0,A,0,11T25,"MAIN ST","2ND ST",62.00,N,N,A,-,N,,,,,,,,,,N,4,0,1,3,A,-,17,22517,,N,G,B,E,A,H,-,A,D,0,Y,,,Y,Y,,N,60,0,0,1,0,1,0,0,0,0,"- ","- ",,,"LOS ANGELES","LOS ANGELES",-118.24442376,34.051123670000003
6734329,2014,2014-12-17,9550,2014-10-25,2005,20469,,6,2,9,1900,0,3,5,,2,003,"KWIS AV","LOS ROBLES AV",30.00,N,N,A,-,N,,,,,,,,,,N,4,0,1,2,A,-,21,22106,,N,G,B,E,A,H,-,C,D,0,Y,,,,Y,,J,48,0,0,1,0,1,0,0,0,0,"- ","- ",34.005589999999998,-117.97195000000001,"LOS ANGELES",UNINCORPORATED,-117.97198582,34.00554975
6734731,2014,2014-12-12,1942,2014-10-23,2225,39451,645,4,5,7,1942,0,0,0,,0,6A79,"HIGHLAND AV","HOLLYWOOD BL",0.00,N,N,A,-,N,,,,,,,,,,N,3,0,1,2,A,-,11,21456,B,N,G,B,B,A,H,-,C,A,0,Y,,,,Y,,N,60,0,1,0,0,1,0,0,0,0,"- ","- ",,,"LOS ANGELES","LOS ANGELES",-118.33869004,34.101550039999999
6734735,2014,2014-12-12,1942,2014-10-01,2255,41297,0825,3,5,7,1942,0,0,0,H,0,8A1W3,"SUNSET BL","CANYON VIEW DR",11.00,W,N,A,-,N,,,,,,,,,,N,2,0,1,2,A,-,11,21954,A,N,G,B,D,A,H,-,D,D,0,Y,,,,Y,,N,60,1,0,0,0,1,0,0,0,0,"- ","- ",,,"LOS ANGELES","LOS ANGELES",-118.4848362,34.05719165
6734942,2014,2015-01-30,1900,2014-12-09,0655,528221,1133,2,5,6,1992,0,0,0,,0,111T2,"AVENUE K","CHALLENGER WY",5.00,W,N,A,-,N,,,,,,,,,,N,4,0,1,2,A,-,10,21950,A,N,G,B,B,A,H,-,A,A,0,Y,,,,Y,,D,22,0,0,1,0,1,0,0,0,0,"- ","- ",,,"LOS ANGELES",LANCASTER,-118.11241200000001,34.674992000000003
6734958,2014,2015-01-23,1900,2014-11-18,1505,533193,1127,2,5,6,1992,0,0,0,,0,111T2,"AVENUE J","27TH ST WEST",60.00,E,N,A,-,N,,,,,,,,,,N,3,0,1,2,A,-,11,21954,A,N,G,B,D,A,H,-,A,D,0,Y,,,,Y,,N,,0,1,0,0,1,0,0,0,0,"- ","- ",,,"LOS ANGELES",LANCASTER,-118.17909082,34.689399999999999
6735065,2014,2015-02-06,1909,2014-12-28,1510,481,1909,7,5,4,1909,0,0,0,,0,SOUTH,"EASTERN AV","LIVE OAK ST",280.00,S,N,A,-,N,,,,,,,,,,N,4,0,1,2,A,-,21,22106,,N,G,B,E,A,H,-,A,D,0,Y,,,,Y,,-,,0,0,1,0,1,0,0,0,0,"- ","- ",,,"LOS ANGELES","BELL GARDENS",-118.16522191,33.964996890000002
6735208,2014,2015-02-11,1942,2014-12-23,0855,40697,0338,2,5,7,1942,0,0,0,C,0,3T5,"BUDLONG AV","JEFFERSON BL",0.00,,Y,A,-,N,,,,,,,,,,N,2,0,1,2,A,-,10,21950,A,N,G,B,B,A,H,-,A,A,0,Y,,,,Y,,D,22,1,0,0,0,1,0,0,0,0,"- ","- ",,,"LOS ANGELES","LOS ANGELES",-118.29588004,34.025520100000001
6735239,2014,2015-02-06,1976,2014-12-28,0946,222,,7,5,3,1964,0,0,0,,0,002,"PIONEER BL","FLORENCE AV",13.00,S,N,A,-,N,,,,,,,,,,N,4,0,1,2,A,-,10,21950,A,N,G,B,B,A,H,-,A,A,0,Y,,,,Y,,D,22,0,0,1,0,1,0,0,0,0,"- ","- ",,,"LOS ANGELES","SANTA FE SPRINGS",-118.08184,33.935284350000003
6735588,2014,2015-02-05,1928,2014-12-28,1704,324,526,7,5,5,1928,0,0,0,,0,501,"GALE AV","118TH ST",0.00,,Y,A,-,N,,,,,,,,,,N,4,0,1,2,D,-,00,,,N,G,B,B,A,H,-,B,A,0,Y,,,,Y,,-,"- ",0,0,1,0,1,0,0,0,0,"- ","- ",,,"LOS ANGELES",HAWTHORNE,-118.36019012,33.927310120000001
6735844,2014,2015-01-23,1942,2014-11-04,2005,39764,2062,2,5,7,1942,0,0,0,,0,8T35,"OLYMPIC BL","GRAMERCY DR",68.00,W,N,A,-,N,,,,,,,,,,Y,2,0,1,2,A,-,11,21955,,N,G,B,D,A,H,-,C,A,0,Y,,,,Y,,N,60,1,0,0,0,1,0,0,0,0,"- ","- ",,,"LOS ANGELES","LOS ANGELES",-118.31241387999999,34.052642540000001
6735863,2014,2015-01-22,1953,2014-11-19,1825,5416,PASAD,3,5,6,1953,0,0,0,,0,002,"RAYMOND AV","ESTHER ST",500.00,N,N,A,-,N,,,,,,,,,,N,3,0,1,2,A,-,03,22350,,N,A,B,D,A,H,-,C,D,0,Y,,,,Y,,A,01,0,1,0,0,1,0,0,0,0,"- ","- ",,,"LOS ANGELES",PASADENA,-118.14901999999999,34.156880579999999
6735881,2014,2015-01-22,1900,2014-11-15,1800,533011,0246,6,5,3,1914,0,0,0,,0,27T,"EASTERN AV","RANDOLPH ST",0.00,,Y,A,-,N,,,,,,,,,,N,4,0,1,2,A,-,10,21950,A,N,G,B,B,A,H,-,C,A,0,Y,,,,Y,,A,01,0,0,1,0,1,0,0,0,0,"- ","- ",,,"LOS ANGELES",COMMERCE,-118.16316005,33.979370060000001
6735887,2014,2015-01-23,1942,2014-11-21,1145,38459,1407,5,5,7,1942,0,0,0,N,0,14A27,"MOTOR AV","NATIONAL BL",0.00,,Y,A,-,N,,,,,,,,,,Y,3,0,1,2,A,-,11,21950,B,N,G,B,D,A,H,-,A,A,0,Y,,,,Y,,N,60,0,1,0,0,1,0,0,0,0,"- ","- ",,,"LOS ANGELES","LOS ANGELES",-118.41072004999999,34.029240110000003
6735889,2014,2015-01-22,1900,2014-11-18,0700,424369,0244,2,5,3,1914,0,0,0,,0,27T,"JILLSON ST","SENTA AV",0.00,,Y,A,-,N,,,,,,,,,,N,3,0,1,2,A,-,03,22350,,N,G,B,B,A,H,-,A,D,0,Y,,,,Y,,A,07,0,1,0,0,1,0,0,0,0,"- ","- ",,,"LOS ANGELES",COMMERCE,-118.15467011,33.999550050000003
6735892,2014,2015-01-23,1942,2014-11-21,0630,32896,0782,5,5,7,1942,0,0,0,G,0,6T7,"VENICE BL","CADILLAC AV",0.00,,Y,A,-,N,,,,,,,,,,N,3,0,1,2,A,-,11,21456,B,N,G,B,B,A,H,-,A,A,0,Y,,,,Y,,N,60,0,1,0,0,1,0,0,0,0,"- ","- ",,,"LOS ANGELES","LOS ANGELES",-118.37418011,34.037440060000002
6735912,2014,2015-01-23,1942,2014-11-19,1910,37966,0767,3,5,7,1942,0,0,0,G,0,6TL4,"VENICE BL","12TH AV",4.00,E,N,B,-,N,,,,,,,,,,Y,4,0,1,2,A,-,06,21951,,N,G,B,B,A,H,-,C,A,0,Y,,,,Y,,A,08,0,0,1,0,1,0,0,0,0,"- ","- ",,,"LOS ANGELES","LOS ANGELES",-118.32641712,34.044027659999998
6735920,2014,2015-01-23,1942,2014-11-17,0843,41089,0749,1,5,7,1942,0,0,0,G,0,7T23,"WILSHIRE BL","LUCERNE BL",0.00,,Y,A,-,N,,,,,,,,,,N,3,0,1,2,D,-,00,,,N,H,B,B,A,H,-,A,A,0,Y,Y,,,Y,,-,"- ",0,1,0,0,1,0,0,0,0,"- ","- ",,,"LOS ANGELES","LOS ANGELES",-118.32437013000001,34.061840089999997
6735935,2014,2015-02-09,1976,2014-12-01,1829,297,,1,5,5,1976,0,0,0,,0,002,"GREENLEAF AV","PENN ST",204.00,S,N,A,-,N,,,,,,,,,,N,3,0,1,2,A,-,10,21952,,N,G,B,F,A,H,-,C,D,0,Y,,,,Y,,D,22,0,1,0,0,1,0,0,0,0,"- ","- ",,,"LOS ANGELES",WHITTIER,-118.03737,33.97489066
6735952,2014,2015-01-23,1942,2014-11-25,1500,38183,1526,2,5,7,1942,0,0,0,O,0,19TL72,"LANKERSHIM BL","OXNARD ST",4.00,S,N,A,-,N,,,,,,,,,,N,3,0,2,2,A,-,10,21950,A,N,G,B,B,A,H,-,A,A,0,Y,,,,Y,,D,22,0,1,1,0,1,0,0,0,0,"- ","- ",,,"LOS ANGELES","LOS ANGELES",-118.38340397,34.179410240000003
6736005,2014,2015-01-23,9530,2014-11-19,0735,018278,,3,1,9,1900,0,3,5,,2,002,"118TH ST","WILLOWBROOK AV",521.00,E,N,A,-,N,,,,,,,,,,N,3,0,1,2,A,-,09,21804,A,N,G,B,E,A,H,-,A,D,0,Y,,,,Y,,D,22,0,1,0,0,1,0,0,0,0,"- ","- ",33.92604,-118.2349,"LOS ANGELES",UNINCORPORATED,-118.23458632000001,33.925995299999997
6736180,2014,2016-06-24,1976,2014-12-08,1720,266,,1,5,5,1976,0,0,0,,0,,"LA PUEBLA AV","WHITTIER BL",170.00,N,N,A,-,Y,LA,7,72,-,-,1.981,I,6,N,N,2,0,1,2,A,-,11,21954,A,N,G,B,D,A,H,-,D,D,0,Y,,,,Y,,N,60,1,0,0,0,1,0,0,0,0,"- ","- ",,,"LOS ANGELES",WHITTIER,-118.00849289,33.949596980000003
6736184,2014,2015-01-29,1942,2014-12-08,1130,30830,0929,1,5,7,1942,0,0,0,I,0,16TL23,"VICTORY BL","ETHEL AV",0.00,,Y,A,-,N,,,,,,,,,,N,3,0,1,2,A,-,10,21950,A,F,G,B,B,A,H,-,A,A,0,Y,,,,Y,,A,07,0,1,0,0,1,0,0,0,0,"- ","- ",,,"LOS ANGELES","LOS ANGELES",-118.41814006,34.186680000000003
6736216,2014,2015-01-02,1942,2014-10-25,1420,35078,1548,6,5,7,1942,0,0,0,O,0,15A33,"LANKERSHIM BL","WEDDINGTON ST",0.00,,Y,A,-,N,,,,,,,,,,,4,0,2,3,A,-,10,21950,A,N,G,B,B,A,-,-,A,A,0,Y,,,,Y,,A,01,0,0,2,0,2,0,0,0,0,"- ","- ",,,"LOS ANGELES","LOS ANGELES",-118.37591007,34.167000039999998
6736229,2014,2015-07-08,1942,2014-11-25,0730,40354,2045,2,5,7,1942,0,0,0,,0,20A45,MARIPOSA,"8TH ST",0.00,,Y,A,-,N,,,,,,,,,,N,4,0,1,2,A,-,10,21950,C,N,G,B,E,A,H,-,A,A,0,Y,,,,Y,,A,01,0,0,1,0,1,0,0,0,0,"- ","- ",,,"LOS ANGELES","LOS ANGELES",-118.29873010999999,34.05772004
6736236,2014,2014-12-22,1900,2014-02-13,1802,511312,2112,4,5,5,1943,0,0,0,,0,212T2,"LONG BEACH BL","NORTON AV",3.00,S,N,A,-,N,,,,,,,,,,N,4,0,1,2,A,-,12,21453,A,N,A,B,B,A,H,-,C,A,0,Y,,,,Y,,N,60,0,0,1,0,1,0,0,0,0,"- ","- ",,,"LOS ANGELES",LYNWOOD,-118.21245756,33.933222030000003
6736324,2014,2015-01-29,1942,2014-12-02,0555,23401,0667,2,5,7,1942,0,0,0,F,0,6T7,"GOWER ST","LEXINGTON AV",18.00,S,N,C,-,N,,,,,,,,,,N,2,0,1,2,D,-,00,,,N,-,-,B,B,H,-,C,-,0,Y,,,,Y,,-,"- ",1,0,0,0,1,0,0,0,0,"- ","- ",,,"LOS ANGELES","LOS ANGELES",-118.32228000000001,34.09251063
6736387,2014,2015-01-30,1931,2014-12-02,0700,5196,1931,2,5,5,1931,0,0,0,,0,002,"CARMELITA AV","60TH ST",0.00,,Y,C,-,N,,,,,,,,,,N,4,0,1,2,D,-,00,,,N,G,B,B,B,H,-,A,A,0,Y,,,,Y,,-,"- ",0,0,1,0,1,0,0,0,0,"- ","- ",,,"LOS ANGELES","HUNTINGTON PARK",-118.19687999999999,33.986430009999999
6736391,2014,2015-01-29,1931,2014-12-07,1325,5277,1931,7,5,5,1931,0,0,0,,0,003,"RUGBY AV","GAGE AV",246.00,S,N,A,-,N,,,,,,,,,,N,3,0,1,2,A,-,11,21956,,N,G,B,E,A,H,-,A,D,0,Y,,,,Y,,N,60,0,1,0,0,1,0,0,0,0,"- ","- ",,,"LOS ANGELES","HUNTINGTON PARK",-118.22654428,33.980955389999998
6736396,2014,2015-01-29,1900,2014-12-03,2000,263565,1132,3,5,6,1992,0,0,0,,0,112T1,"DIVISION ST","LANCASTER BL",0.00,,Y,A,-,N,,,,,,,,,,N,4,0,1,2,A,-,10,21950,A,F,-,B,B,A,H,-,C,A,0,Y,,,,Y,,A,08,0,0,1,0,1,0,0,0,0,"- ","- ",,,"LOS ANGELES",LANCASTER,-118.13041004,34.699100110000003
6736399,2014,2015-01-29,1931,2014-12-03,1608,5302,1931,3,5,5,1931,0,0,0,,0,003,"PACIFIC BL","FLORENCE AV",300.00,N,N,C,-,N,,,,,,,,,,N,4,0,1,2,A,-,10,21950,A,F,G,B,C,B,H,-,C,A,0,Y,,,,Y,,-,,0,0,1,0,1,0,0,0,0,"- ","- ",,,"LOS ANGELES","HUNTINGTON PARK",-118.22517999999999,33.975041220000001
6736408,2014,2015-02-03,1942,2014-10-27,1555,40119,1562,1,5,7,1942,0,0,0,O,0,19T74,"HORTENSE ST","WHITSETT AV",198.00,W,N,A,-,N,,,,,,,,,,Y,3,0,1,2,A,-,13,22515,B,N,G,I,E,A,H,-,A,D,0,Y,,,,Y,,A,07,0,1,0,0,1,0,0,0,0,"- ","- ",,,"LOS ANGELES","LOS ANGELES",-118.40591326000001,34.154960000000003
6736432,2014,2015-01-02,1942,2014-10-23,1927,40101,1559,4,5,7,1942,0,0,0,O,0,15A33,"CAHUENGA BL","HORTENSE ST",50.00,N,N,A,-,N,,,,,,,,,,N,4,0,1,2,A,-,11,21953,,N,G,B,D,A,H,-,D,D,0,Y,,,,Y,,N,60,0,0,1,0,1,0,0,0,0,"- ","- ",,,"LOS ANGELES","LOS ANGELES",-118.36152127,34.154887129999999
6736448,2014,2015-01-02,1942,2014-10-28,0930,30521,1474,2,5,7,1942,0,0,0,N,0,14A13,"LOYOLA BL","83RD ST",0.00,,Y,A,-,N,,,,,,,,,,N,3,0,1,2,A,-,10,21950,A,N,G,B,B,A,H,-,A,D,0,Y,,,,Y,,A,01,0,1,0,0,1,0,0,0,0,"- ","- ",,,"LOS ANGELES","LOS ANGELES",-118.41670009000001,33.963250029999998
6736455,2014,2014-12-22,1942,2014-03-03,1855,40529,363,1,5,7,1942,0,0,0,,0,12T73,"BUCKINGHAM AV","PALMWOOD DR",0.00,,Y,A,-,N,,,,,,,,,,N,4,0,1,2,D,-,00,,,N,G,B,B,A,H,-,D,A,0,Y,,,,Y,,-,"- ",0,0,1,0,1,0,0,0,0,"- ","- ",,,"LOS ANGELES","LOS ANGELES",-118.34241007999999,34.013240099999997
6736456,2014,2015-01-02,1942,2014-10-16,1845,37078,1409,4,5,7,1942,0,0,0,N,0,14A27,"VENICE BL","ROBERTSON BL",0.00,,Y,A,-,N,,,,,,,,,,N,3,0,1,2,D,-,00,,,N,G,J,B,A,H,-,C,A,0,Y,,,,Y,,-,"- ",0,1,0,0,1,0,0,0,0,"- ","- ",,,"LOS ANGELES","LOS ANGELES",-118.39037014,34.02829011
6736467,2014,2014-12-22,1942,2014-03-09,1800,36023,1218,7,5,7,1942,0,0,0,L,0,12X56,"54TH ST","FIGUEROA ST",500.00,,N,A,-,N,,,,,,,,,,N,3,0,1,2,A,-,"- ",,,N,A,B,D,A,H,-,A,A,0,Y,,,,Y,,N,60,0,1,0,0,1,0,0,0,0,"- ","- ",,,"LOS ANGELES","LOS ANGELES",-118.28268005,33.993290090000002
6736484,2014,2014-12-23,1942,2014-06-24,1420,39291,1263,2,5,7,1942,0,0,0,L,0,12T73,"84TH ST","WESTERN AV",130.00,W,N,A,-,N,,,,,,,,,,N,3,0,1,2,A,-,11,21954,A,F,B,B,E,A,H,-,A,D,0,Y,,,,Y,,N,60,0,1,0,0,1,0,0,0,0,"- ","- ",,,"LOS ANGELES","LOS ANGELES",-118.30943789,33.962701959999997
6736488,2014,2015-01-23,1900,2014-06-08,0138,522020,0987,7,5,4,1979,0,0,0,,0,91K1,"SUNSET BL","HARPER AV",30.00,W,N,A,-,N,,,,,,,,,,N,4,0,1,2,A,-,11,21955,,N,-,B,D,A,H,-,D,-,0,Y,,,,Y,,N,60,0,0,1,0,1,0,0,0,0,"- ","- ",,,"LOS ANGELES","WEST HOLLYWOOD",-118.36901377,34.097265200000002
6736500,2014,2014-12-23,1942,2014-06-22,0140,38531,1215,7,5,7,1942,0,0,0,L,0,3TL5,"NORMANDIE AV","52ND ST",77.00,N,N,A,-,N,,,,,,,,,,Y,4,0,1,3,A,-,03,22350,,N,B,E,F,A,H,-,C,A,0,Y,,,,Y,,A,01,0,0,1,0,1,0,0,0,0,"- ","- ",,,"LOS ANGELES","LOS ANGELES",-118.30016999999999,33.99526118
6736506,2014,2014-12-23,1942,2014-06-22,2200,40003,1455,7,5,7,1942,0,0,0,N,0,14A76,"MCCONNELL AV","ADMIRAL AV",0.00,,Y,A,-,N,,,,,,,,,,N,3,0,1,2,A,-,10,21950,A,N,G,B,B,A,H,-,D,D,0,Y,,,,Y,Y,A,01,0,1,0,0,1,0,0,0,0,"- ","- ",,,"LOS ANGELES","LOS ANGELES",-118.42685012,33.986690009999997
6736520,2014,2014-12-23,1900,2014-07-24,1645,532236,0987,4,5,4,1979,0,0,0,,0,93T4,"SUNSET BL","ALTA LOMA RD",225.00,W,N,A,-,N,,,,,,,,,,N,3,0,1,2,A,-,21,22106,,M,G,B,F,A,H,-,A,D,0,Y,,,,Y,Y,A,01,0,1,0,0,1,0,0,0,0,"- ","- ",,,"LOS ANGELES","WEST HOLLYWOOD",-118.37835094,34.093106040000002
6736542,2014,2014-12-23,1942,2014-06-07,2245,32142,1841,6,5,7,1942,0,0,0,R,0,,"111TH ST",BROADWAY,98.00,E,N,A,-,N,,,,,,,,,,N,3,0,1,2,A,-,11,21956,A,N,G,B,E,A,H,-,C,D,0,Y,,,,Y,,N,60,0,1,0,0,1,0,0,0,0,"- ","- ",,,"LOS ANGELES","LOS ANGELES",-118.27804784,33.93477
6736565,2014,2014-12-22,1942,2014-07-25,1755,40663,1826,5,5,7,1942,0,0,0,R,0,18A18,"FIGUEROA ST","97TH ST",15.00,N,N,A,-,N,,,,,,,,,,N,3,0,1,2,A,-,11,21956,,N,G,B,D,A,H,-,A,D,0,Y,,,,Y,,N,60,0,1,0,0,1,0,0,0,0,"- ","- ",,,"LOS ANGELES","LOS ANGELES",-118.28270000000001,33.948291140000002
6736625,2014,2014-12-22,1942,2014-07-01,2040,24475,0648,2,5,7,1942,0,0,0,F,0,6T7,"HOLLYWOOD BL","VAN NESS AV",5.00,E,N,A,-,N,,,,,,,,,,N,4,0,1,2,A,-,11,21106,B,F,G,B,B,A,H,-,C,A,0,Y,,,,Y,,N,60,0,0,1,0,1,0,0,0,0,"- ","- ",,,"LOS ANGELES","LOS ANGELES",-118.31584352,34.101700270000002
6737104,2014,2015-01-22,1942,2014-11-14,1735,39410,1511,5,5,7,1942,0,0,0,O,0,15A21W,"SHERMAN WY","ATOLL AV",15.00,W,N,A,-,N,,,,,,,,,,N,2,0,1,2,A,-,"- ",,,N,A,B,D,A,H,-,C,D,0,Y,,,,Y,Y,N,60,1,0,0,0,1,0,0,0,0,"- ","- ",,,"LOS ANGELES","LOS ANGELES",-118.42111952,34.2012