CASE_ID,ACCIDENT_YEAR,PROC_DATE,JURIS,COLLISION_DATE,COLLISION_TIME,OFFICER_ID,REPORTING_DISTRICT,DAY_OF_WEEK,CHP_SHIFT,POPULATION,CNTY_CITY_LOC,SPECIAL_COND,BEAT_TYPE,CHP_BEAT_TYPE,CITY_DIVISION_LAPD,CHP_BEAT_CLASS,BEAT_NUMBER,PRIMARY_RD,SECONDARY_RD,DISTANCE,DIRECTION,INTERSECTION,WEATHER_1,WEATHER_2,STATE_HWY_IND,CALTRANS_COUNTY,CALTRANS_DISTRICT,STATE_ROUTE,ROUTE_SUFFIX,POSTMILE_PREFIX,POSTMILE,LOCATION_TYPE,RAMP_INTERSECTION,SIDE_OF_HWY,TOW_AWAY,COLLISION_SEVERITY,NUMBER_KILLED,NUMBER_INJURED,PARTY_COUNT,PRIMARY_COLL_FACTOR,PCF_CODE_OF_VIOL,PCF_VIOL_CATEGORY,PCF_VIOLATION,PCF_VIOL_SUBSECTION,HIT_AND_RUN,TYPE_OF_COLLISION,MVIW,PED_ACTION,ROAD_SURFACE,ROAD_COND_1,ROAD_COND_2,LIGHTING,CONTROL_DEVICE,CHP_ROAD_TYPE,PEDESTRIAN_ACCIDENT,BICYCLE_ACCIDENT,MOTORCYCLE_ACCIDENT,TRUCK_ACCIDENT,NOT_PRIVATE_PROPERTY,ALCOHOL_INVOLVED,STWD_VEHTYPE_AT_FAULT,CHP_VEHTYPE_AT_FAULT,COUNT_SEVERE_INJ,COUNT_VISIBLE_INJ,COUNT_COMPLAINT_PAIN,COUNT_PED_KILLED,COUNT_PED_INJURED,COUNT_BICYCLIST_KILLED,COUNT_BICYCLIST_INJURED,COUNT_MC_KILLED,COUNT_MC_INJURED,PRIMARY_RAMP,SECONDARY_RAMP,LATITUDE,LONGITUDE,COUNTY,CITY,POINT_X,POINT_Y
6739381,2014,2015-01-22,1942,2014-11-28,1650,33452,0241,5,5,7,1942,0,0,0,B,0,2T14,"3RD ST","OCCIDENTAL BL",12.00,W,N,A,-,N,,,,,,,,,,N,4,0,1,2,A,-,11,21106,B,N,G,B,B,A,H,-,B,A,0,Y,,,,Y,,N,60,0,0,1,0,1,0,0,0,0,"- ","- ",,,"LOS ANGELES","LOS ANGELES",-118.28225552000001,34.06776447
6739389,2014,2015-01-21,1942,2014-11-30,1800,39745,0265,7,5,7,1942,0,0,0,B,0,4T4W5,"8TH ST","ALVARADO ST",85.00,E,N,B,-,N,,,,,,,,,,N,3,0,1,2,A,-,11,21955,,N,G,B,D,B,H,-,C,D,0,Y,,,,Y,Y,N,60,0,1,0,0,1,0,0,0,0,"- ","- ",,,"LOS ANGELES","LOS ANGELES",-118.27759419,34.05477827
6739401,2014,2015-01-21,1942,2014-11-30,1450,39745,1346,7,5,7,1942,0,0,0,M,0,4T4W5,"43RD ST","CENTRAL AV",13.00,N,N,B,-,N,,,,,,,,,,N,3,0,1,2,A,-,11,21954,A,N,G,B,D,B,H,-,A,D,0,Y,,,,Y,,N,60,0,1,0,0,1,0,0,0,0,"- ","- ",,,"LOS ANGELES","LOS ANGELES",-118.25649,34.00573
6739414,2014,2015-01-20,1900,2014-11-06,1500,531566,,4,5,6,1992,0,0,0,,0,112T1,"10TH ST WEST","JACKMAN ST",420.00,N,N,A,-,N,,,,,,,,,,N,3,0,1,2,A,-,11,21954,A,M,A,B,D,A,H,-,A,D,0,Y,,,,Y,,N,60,0,1,0,0,1,0,0,0,0,"- ","- ",,,"LOS ANGELES",LANCASTER,-118.14811582,34.701961539999999
6739417,2014,2015-01-21,1942,2014-11-28,1830,34458,1395,5,5,7,1942,0,0,0,M,0,4TL4,"64TH ST","SAN PEDRO ST",10.00,E,N,A,-,N,,,,,,,,,,N,4,0,1,2,A,-,09,21801,A,F,G,B,B,A,H,-,C,D,0,Y,,,,Y,,-,99,0,0,1,0,1,0,0,0,0,"- ","- ",,,"LOS ANGELES","LOS ANGELES",-118.26954708,33.981520000000003
6739421,2014,2015-01-21,1942,2014-11-24,1055,38399,1341,1,5,7,1942,0,0,0,M,0,1T11,"BROADWAY AV","MARTIN LUTHER KING BL",0.00,,Y,A,-,N,,,,,,,,,,N,3,0,2,3,A,-,09,21801,A,F,B,C,B,A,H,-,A,A,0,Y,,,,Y,,A,01,0,1,1,0,1,0,0,0,0,"- ","- ",,,"LOS ANGELES","LOS ANGELES",-118.27741004000001,34.011130039999998
6739486,2014,2015-01-21,1942,2014-11-21,2215,40325,1344,5,5,7,1942,0,0,0,M,0,13T53,"42ND PL","AVALON BL",0.00,,Y,A,-,N,,,,,,,,,,N,4,0,1,2,A,-,10,21950,A,N,G,B,B,A,H,-,C,A,0,Y,,,,Y,,A,07,0,0,1,0,1,0,0,0,0,"- ","- ",,,"LOS ANGELES","LOS ANGELES",-118.26528007,34.006600089999999
6739490,2014,2015-01-22,1942,2014-11-24,1445,39889,1317,1,5,7,1942,0,0,0,M,0,4T4,"WASHINGTON BL","LONG BEACH AV",0.00,,Y,A,-,N,,,,,,,,,,Y,4,0,3,3,A,-,09,21801,A,N,D,C,E,A,H,-,A,A,0,Y,,,,Y,,A,07,0,0,3,0,0,0,0,0,0,"- ","- ",,,"LOS ANGELES","LOS ANGELES",-118.24318009,34.020590110000001
6739711,2014,2015-01-22,1942,2014-11-27,0110,40024,0646,4,5,7,1942,0,0,0,F,0,6T7,"CAHUENGA BL","SELMA AV",240.00,N,N,A,-,N,,,,,,,,,,N,2,0,1,2,A,-,11,21955,,F,G,B,D,A,H,-,C,D,0,Y,,,,Y,,N,60,1,0,0,0,1,0,0,0,0,"- ","- ",,,"LOS ANGELES","LOS ANGELES",-118.32952073,34.100428190000002
6739715,2014,2015-01-22,1942,2014-11-20,1800,40529,1821,4,5,7,1942,0,0,0,R,0,12TL73,"CENTURY BL","FIGUEROA ST",746.00,W,N,A,-,N,,,,,,,,,,N,4,0,1,2,A,-,03,22350,,F,B,B,E,A,H,-,C,D,0,Y,,,,Y,Y,-,99,0,0,1,0,1,0,0,0,0,"- ","- ",,,"LOS ANGELES","LOS ANGELES",-118.28510468,33.945520000000002
6739718,2014,2015-01-22,1942,2014-11-22,1535,39436,1265,6,5,7,1942,0,0,0,L,0,5T25,"NORMANDIE AV","83RD ST",0.00,,Y,A,-,N,,,,,,,,,,Y,3,0,1,2,A,-,10,21950,A,F,G,B,B,A,H,-,A,A,0,Y,,,,Y,,-,99,0,1,0,0,1,0,0,0,0,"- ","- ",,,"LOS ANGELES","LOS ANGELES",-118.30027008,33.963650090000002
6741608,2014,2015-01-22,1942,2014-11-26,2000,38326,2118,3,5,7,1942,0,0,0,,0,15T45,"SATICOY ST","COZYCROFT AV",12.00,E,N,A,-,N,,,,,,,,,,N,2,0,1,3,A,-,10,21950,A,N,G,B,B,A,H,-,C,D,0,Y,,,,Y,,A,01,1,0,0,0,1,0,0,0,0,"- ","- ",,,"LOS ANGELES","LOS ANGELES",-118.58188038,34.208350000000003
6741659,2014,2015-02-09,1942,2014-12-01,2120,34561,0933,1,5,7,1942,0,0,0,I,0,16T23,"VESPER AV","ERWIN ST",0.00,,Y,B,-,N,,,,,,,,,,N,2,0,1,2,A,-,11,21956,A,N,G,B,E,A,H,-,C,A,0,Y,,,,Y,,N,60,1,0,0,0,1,0,0,0,0,"- ","- ",,,"LOS ANGELES","LOS ANGELES",-118.45092006,34.183640109999999
6741849,2014,2015-01-20,1942,2014-11-24,0720,30825,1708,1,5,7,1942,0,0,0,Q,0,17TL15,"BALBOA BL","LORILLARD ST",0.00,,Y,A,G,N,,,,,,,,,,N,2,0,1,2,A,-,10,21950,A,N,G,B,B,A,H,-,A,A,0,Y,,,,Y,,A,01,1,0,0,0,1,0,0,0,0,"- ","- ",,,"LOS ANGELES","LOS ANGELES",-118.50209008,34.284090079999999
6741990,2014,2015-01-16,1942,2014-11-26,1920,36599,1687,3,5,7,1942,0,0,0,P,0,15T43,"VINELAND AV","STRATHERN ST",56.00,S,N,A,-,N,,,,,,,,,,N,2,0,1,2,A,-,11,21954,A,N,G,B,D,A,H,-,C,A,0,Y,,,,Y,,N,60,1,0,0,0,1,0,0,0,0,"- ","- ",,,"LOS ANGELES","LOS ANGELES",-118.37034687000001,34.215566430000003
6742368,2014,2014-12-29,1942,2014-10-28,1720,33340,1962,2,5,7,1942,0,0,0,,0,19T75,"SEPULVEDA BL","TUPPER ST",0.00,,Y,A,-,N,,,,,,,,,,N,4,0,1,2,A,-,10,21950,A,N,G,B,B,A,H,-,C,A,0,Y,,,,Y,,A,07,0,0,1,0,1,0,0,0,0,"- ","- ",,,"LOS ANGELES","LOS ANGELES",-118.46768013000001,34.239170020000003
6742380,2014,2014-12-29,1942,2014-10-31,1120,30830,1767,5,5,7,1942,0,0,0,Q,0,16T23,"RESEDA BL","PLUMMER ST",0.00,,Y,B,-,N,,,,,,,,,,N,4,0,1,2,A,-,10,21950,A,N,G,B,B,A,H,-,A,A,0,Y,,,,Y,,A,01,0,0,1,0,1,0,0,0,0,"- ","- ",,,"LOS ANGELES","LOS ANGELES",-118.53608011999999,34.24274003
6742568,2014,2015-01-06,1900,2014-10-30,0600,462141,2111,4,5,5,1943,0,0,0,,0,212T4,"LONG BEACH BL","MICHIGAN AV",15.00,N,N,A,-,N,,,,,,,,,,N,2,0,1,2,A,-,10,21950,A,N,G,B,C,A,H,-,C,D,0,Y,,,,Y,,D,22,1,0,0,0,1,0,0,0,0,"- ","- ",,,"LOS ANGELES",LYNWOOD,-118.21535226,33.942699849999997
6742879,2014,2015-02-02,1942,2014-12-12,0640,41089,0899,5,5,7,1942,0,0,0,H,0,7T23,"NATIONAL BL","VENICE BL",0.00,,Y,C,-,N,,,,,,,,,,N,4,0,1,2,A,-,10,21950,A,N,G,B,B,B,D,-,B,A,0,Y,,,,Y,,D,22,0,0,1,0,1,0,0,0,0,"- ","- ",,,"LOS ANGELES","LOS ANGELES",-118.38830011,34.029420119999997
6743244,2014,2015-01-06,9565,2014-10-17,1304,020735,,5,1,9,1900,0,2,4,,1,041,"HAWTHORNE BL","LENNOX BL",0.00,,Y,A,-,N,,,,,,,,,,N,4,0,1,2,A,-,11,21950,B,N,G,B,B,A,H,-,A,A,0,Y,,,,Y,,N,60,0,0,1,0,1,0,0,0,0,"- ","- ",33.938380000000002,-118.35275,"LOS ANGELES",UNINCORPORATED,-118.3527201,33.938180119999998
6743257,2014,2015-01-05,9565,2014-10-12,2210,020590,,7,3,9,1900,0,3,5,,2,002,"97TH ST","BUDLONG AV",450.00,E,N,A,-,N,,,,,,,,,,N,3,0,1,2,A,-,11,21954,A,F,G,B,D,A,H,-,C,D,0,Y,,,,Y,Y,N,60,0,1,0,0,1,0,0,0,0,"- ","- ",33.947539999999996,-118.29482,"LOS ANGELES",UNINCORPORATED,-118.29443913999999,33.9477574
6743347,2014,2015-01-16,1900,2014-11-17,1455,517858,0532,1,5,5,1959,0,0,0,,0,53T1PM,"JACKSON AV","EMERSON PL",312.00,N,N,A,-,N,,,,,,,,,,Y,2,0,1,2,A,-,21,22106,,N,G,B,F,A,H,-,A,D,0,Y,,,,Y,,A,01,1,0,0,0,1,0,0,0,0,"- ","- ",,,"LOS ANGELES",ROSEMEAD,-118.10375943,34.067085480000003
6743350,2014,2015-01-16,1900,2014-11-26,1405,505204,2116,3,5,5,1943,0,0,0,,0,212T2,"JOSEPHINE ST","LINDBERGH AV",0.00,,Y,A,-,N,,,,,,,,,,N,3,0,1,2,A,-,11,21955,,N,G,B,D,A,H,-,A,A,0,Y,,,,Y,,N,60,0,1,0,0,1,0,0,0,0,"- ","- ",,,"LOS ANGELES",LYNWOOD,-118.21297002999999,33.921940110000001
6743485,2014,2014-12-30,9550,2014-10-11,1140,20741,,6,1,9,1900,0,2,4,,1,052,"COLIMA RD","OTTERBEIN AV",500.00,W,N,A,-,N,,,,,,,,,,N,4,0,1,2,A,-,09,21804,A,F,G,B,F,A,H,-,A,D,0,Y,,,,Y,,A,01,0,0,1,0,1,0,0,0,0,"- ","- ",33.987470000000002,-117.88661,"LOS ANGELES",UNINCORPORATED,-117.88652161,33.987344129999997
6743495,2014,2014-12-19,9550,2014-10-02,0800,18455,,4,1,9,1900,0,2,4,,1,052,"COLIMA RD","OTTERBEIN AV",0.00,,Y,A,-,N,,,,,,,,,,N,3,0,1,2,A,-,10,21950,A,N,G,B,B,A,H,-,A,A,0,Y,,,,Y,,D,22,0,1,0,0,1,0,0,0,0,"- ","- ",33.987259999999999,-117.88485,"LOS ANGELES",UNINCORPORATED,-117.88488005000001,33.987250009999997
6744130,2014,2015-01-29,1942,2014-12-03,1125,33599,1239,3,5,7,1942,0,0,0,L,0,3TL5,"59TH PL","FIGUEROA ST",250.00,E,N,C,-,N,,,,,,,,,,N,4,0,1,2,A,-,10,21950,A,F,G,B,D,B,H,-,A,D,0,Y,,,,Y,,-,99,0,0,1,0,1,0,0,0,0,"- ","- ",,,"LOS ANGELES","LOS ANGELES",-118.28188132,33.985979999999998
6744241,2014,2015-01-20,1942,2014-11-20,2135,39281,0955,4,5,7,1942,0,0,0,I,0,9T55,"MAGNOLIA BL","HAZELTINE AV",0.00,,Y,C,-,N,,,,,,,,,,N,3,0,1,2,A,-,10,21950,A,N,G,B,B,B,H,-,C,A,0,Y,,,,Y,,A,01,0,1,0,0,1,0,0,0,0,"- ","- ",,,"LOS ANGELES","LOS ANGELES",-118.44000011999999,34.164860099999999
6744243,2014,2015-01-20,1942,2014-11-21,0820,37999,1317,5,5,7,1942,0,0,0,M,0,13A9,COMPTON,"WASHINGTON BL",20.00,S,N,A,-,N,,,,,,,,,,N,3,0,1,2,A,-,10,21950,A,N,G,B,B,A,H,-,A,D,0,Y,,,,Y,,-,,0,1,0,0,1,0,0,0,0,"- ","- ",,,"LOS ANGELES","LOS ANGELES",-118.24403261,34.020735190000003
6744250,2014,2015-01-20,9565,2014-11-16,1103,20710,,7,1,9,1900,0,2,4,,2,024,"IMPERIAL HWY","BUDLONG AV",0.00,,Y,A,-,N,,,,,,,,,,N,3,0,1,2,A,-,11,21954,A,N,D,B,D,A,H,-,A,A,0,Y,,,,Y,,N,60,0,1,0,0,1,0,0,0,0,"- ","- ",33.930100000000003,-118.2958,"LOS ANGELES",UNINCORPORATED,-118.29589005,33.930980099999999
6744273,2014,2015-01-20,1942,2014-11-28,1530,34216,0971,5,5,7,1942,0,0,0,I,0,10A21,KESTER,MOORPARK,0.00,,Y,A,-,N,,,,,,,,,,N,4,0,1,2,A,-,09,21804,A,N,G,B,D,A,H,-,A,D,0,Y,,,,Y,,A,01,0,0,1,0,1,0,0,0,0,"- ","- ",,,"LOS ANGELES","LOS ANGELES",-118.45745013,34.153810040000003
6744274,2014,2015-01-20,1942,2014-11-26,1500,40398,0904,3,5,7,1942,0,0,0,I,0,19TL75,"VALERIO ST","SEPULVEDA BL",0.00,,Y,A,-,N,,,,,,,,,,N,3,0,1,2,A,-,10,21950,A,N,G,B,B,A,H,-,A,A,0,Y,,,,Y,,A,01,0,1,0,0,1,0,0,0,0,"- ","- ",,,"LOS ANGELES","LOS ANGELES",-118.46621011000001,34.204840109999999
6744278,2014,2015-01-20,1942,2014-11-26,1835,40574,0905,3,5,7,1942,0,0,0,I,0,9TL54,"VALERIO ST","CEDROS AV",0.00,,Y,A,-,N,,,,,,,,,,N,3,0,1,2,A,-,10,21950,C,N,G,B,B,A,H,-,C,A,0,Y,,,,Y,,A,01,0,1,0,0,1,0,0,0,0,"- ","- ",,,"LOS ANGELES","LOS ANGELES",-118.45311012000001,34.204820099999999
6744280,2014,2015-01-20,1942,2014-11-19,1525,39052,1033,3,5,7,1942,0,0,0,J,0,10X4,"ERWIN ST","WILBUR AV",0.00,,Y,A,-,N,,,,,,,,,,N,3,0,1,2,A,-,10,21950,A,N,G,B,B,A,H,-,A,A,0,Y,,,,Y,,A,01,0,1,0,0,1,0,0,0,0,"- ","- ",,,"LOS ANGELES","LOS ANGELES",-118.54497001,34.183860009999997
6744299,2014,2015-01-20,1942,2014-11-28,1850,40460,0644,5,5,7,1942,0,0,0,F,0,14T47,"SUNSET BL","MARTEL AV",119.00,E,N,A,-,N,,,,,,,,,,N,2,0,1,2,A,-,11,21954,A,N,G,B,E,A,H,-,C,D,0,Y,,,,Y,,N,60,1,0,0,0,1,0,0,0,0,"- ","- ",,,"LOS ANGELES","LOS ANGELES",-118.35028767,34.098010000000002
6744308,2014,2015-01-20,1942,2014-11-26,1500,40869,1256,3,5,7,1942,0,0,0,L,0,5T25,BROADWAY,"73RD ST",2.00,S,N,A,-,N,,,,,,,,,,N,4,0,1,2,A,-,10,21950,A,N,E,J,B,A,H,-,A,A,0,Y,,,,Y,,A,01,0,0,1,0,1,0,0,0,0,"- ","- ",,,"LOS ANGELES","LOS ANGELES",-118.27831999999999,33.973705000000002
6744309,2014,2015-01-20,1942,2014-11-21,1449,41573,0849,5,5,7,1942,0,0,0,H,0,8A95,"SHERBOURNE DR","GREGORY WY",0.00,,Y,A,-,N,,,,,,,,,,N,3,0,1,2,A,-,10,21950,A,N,G,B,B,A,H,-,A,A,0,Y,,,,Y,,A,07,0,1,0,0,1,0,0,0,0,"- ","- ",,,"LOS ANGELES","LOS ANGELES",-118.37934011,34.062930029999997
6744312,2014,2015-01-20,1942,2014-11-29,1730,37908,0415,6,5,7,1942,0,0,0,D,0,4A6,"EASTLAKE AV","BROADWAY AV",60.00,N,N,A,-,N,,,,,,,,,,N,4,0,1,2,A,-,11,21955,,N,G,B,D,A,H,-,C,D,0,Y,,,,Y,,N,60,0,0,1,0,1,0,0,0,0,"- ","- ",,,"LOS ANGELES","LOS ANGELES",-118.20784284,34.073914520000002
6744533,2014,2015-02-02,1900,2014-12-02,2204,525409,2912,2,5,4,1974,0,0,0,,0,291K1,"TEMPLE AV","MOUNT SAC WY",0.00,,Y,C,-,N,,,,,,,,,,N,3,0,1,2,A,-,"- ",,,N,G,B,D,B,H,-,C,A,0,Y,,,,Y,,N,60,0,1,0,0,1,0,0,0,0,"- ","- ",,,"LOS ANGELES",WALNUT,-117.84501011,34.043980060000003
6744586,2014,2015-01-29,1953,2014-12-06,1237,5828,1953,6,5,6,1953,0,0,0,,0,,"RAYMOND AV","HOLLY ST",0.00,,Y,A,-,N,,,,,,,,,,N,3,0,1,2,A,-,10,21950,A,N,G,B,B,A,H,-,A,A,0,Y,,,,Y,,A,01,0,1,0,0,1,0,0,0,0,"- ","- ",,,"LOS ANGELES",PASADENA,-118.14891009,34.1476501
6744610,2014,2015-01-29,1912,2014-12-04,0651,8188,,4,5,6,1912,0,0,0,,0,,"BUENA VISTA ST","VICTORY BL",0.00,,Y,B,-,N,,,,,,,,,,N,4,0,1,2,A,-,10,21950,A,N,G,B,B,A,H,-,A,A,0,Y,,,,Y,,A,01,0,0,1,0,1,0,0,0,0,"- ","- ",,,"LOS ANGELES",BURBANK,-118.3383501,34.184600009999997
6745044,2014,2015-01-26,1900,2014-11-22,1715,525141,2311,6,5,5,1919,0,0,0,,0,230T,"183RD ST","GRIDLEY RD",1173.00,W,N,A,-,N,,,,,,,,,,N,3,0,1,2,A,-,11,21954,A,N,G,B,D,A,H,-,C,A,0,Y,,,,Y,,N,60,0,1,0,0,1,0,0,0,0,"- ","- ",,,"LOS ANGELES",CERRITOS,-118.09485798999999,33.865589999999997
6745079,2014,2015-01-26,1976,2014-11-25,1726,576,1976,2,5,5,1976,0,0,0,,0,001,BROADWAY,"EL RANCHO DR",0.00,,Y,A,-,N,,,,,,,,,,N,3,0,1,2,A,-,08,22107,,N,G,B,D,A,H,-,C,D,0,Y,,,,Y,,A,01,0,1,0,0,1,0,0,0,0,"- ","- ",,,"LOS ANGELES",WHITTIER,-118.05651007,33.986020089999997
6745216,2014,2014-12-30,1942,2014-10-02,1010,38590,726,4,5,7,1942,0,0,0,,0,7A1,"BEVERLY BL","DETROIT AV",0.00,,Y,A,-,N,,,,,,,,,,N,3,0,1,2,A,-,10,21950,A,N,G,B,D,A,H,-,A,D,0,Y,,,,Y,,A,01,0,1,0,0,1,0,0,0,0,"- ","- ",,,"LOS ANGELES","LOS ANGELES",-118.34517013,34.076170019999999
6745567,2014,2015-01-20,1900,2014-11-24,1815,517022,0460,1,5,4,1936,0,0,0,,0,46T1P,"ARROYO DR","LEFFINGWELL RD",10.00,S,N,A,-,N,,,,,,,,,,N,3,0,1,2,A,-,10,21950,C,N,G,B,C,A,H,-,C,A,0,Y,,,,Y,,A,01,0,1,0,0,1,0,0,0,0,"- ","- ",,,"LOS ANGELES","LA MIRADA",-118.01592176,33.925863460000002
6746084,2014,2015-02-02,1941,2014-12-04,1928,10224,,4,5,7,1941,0,0,0,,0,,"7TH ST","RAYMOND AV",92.00,W,N,A,-,N,,,,,,,,,,N,4,0,1,2,A,-,11,21954,A,N,G,B,D,A,H,-,C,D,0,Y,,,,Y,,N,,0,0,1,0,1,0,0,0,0,"- ","- ",,,"LOS ANGELES","LONG BEACH",-118.16472211,33.775350000000003
6746121,2014,2014-12-22,1900,2014-09-16,0720,266037,0972,2,5,4,1979,0,0,0,,0,91T2,"ROBERTSON BL","SANTA MONICA BL",0.00,,Y,A,-,N,,,,,,,,,,N,4,0,1,2,A,-,08,22107,,N,G,B,B,A,H,-,A,A,0,Y,,,,Y,,A,01,0,0,1,0,1,0,0,0,0,"- ","- ",,,"LOS ANGELES","WEST HOLLYWOOD",-118.38555009,34.083950029999997
6746126,2014,2015-01-09,1942,2014-10-31,1820,38874,1566,5,5,7,1942,0,0,0,O,0,15A1,"VINELAND AV","WHIPPLE ST",0.00,,Y,B,-,N,,,,,,,,,,N,3,0,1,2,A,-,10,21950,A,N,G,B,B,A,H,-,B,A,0,Y,,,,Y,,A,01,0,1,0,0,1,0,0,0,0,"- ","- ",,,"LOS ANGELES","LOS ANGELES",-118.37033009,34.148060100000002
6746129,2014,2014-12-22,1924,2014-09-25,1613,114436,36,4,5,5,1924,0,0,0,,0,005,"WESTERN AV","158TH ST",12.00,S,N,A,-,N,,,,,,,,,,N,4,0,1,2,A,-,10,21950,A,N,G,B,B,A,H,-,A,A,0,Y,,,,Y,,A,01,0,0,1,0,1,0,0,0,0,"- ","- ",,,"LOS ANGELES",GARDENA,-118.30916000000001,33.887377090000001
6746604,2014,2015-02-09,1942,2014-11-28,1740,40961,1668,5,5,7,1942,0,0,0,P,0,16A59,"FOOTHILL BL","DAY ST",0.00,,Y,A,-,N,,,,,,,,,,N,2,0,1,2,A,-,11,21456,B,N,G,B,B,A,H,-,C,A,0,Y,,,,Y,,N,60,1,0,0,0,1,0,0,0,0,"- ","- ",,,"LOS ANGELES","LOS ANGELES",-118.29794008,34.254540089999999
6746621,2014,2015-02-03,1928,2014-12-11,0833,324,509,4,5,5,1928,0,0,0,,0,502,"EL SEGUNDO BL","CHADRON AV",0.00,,Y,A,-,N,,,,,,,,,,N,3,0,1,2,A,-,10,21950,A,N,G,B,B,A,H,-,A,A,0,Y,,,,Y,,D,22,0,1,0,0,1,0,0,0,0,"- ","- ",,,"LOS ANGELES",HAWTHORNE,-118.32975005,33.916430009999999
6746635,2014,2015-01-28,1942,2014-11-11,0545,41643,1602,2,5,7,1942,0,0,0,P,0,16A11,"FOOTHILL BL","FOOTHILL BL 12450",0.00,,N,B,-,N,,,,,,,,,,N,4,0,1,2,B,-,22,,,N,C,B,D,A,H,-,B,D,0,Y,,,,Y,,D,22,0,0,1,0,1,0,0,0,0,"- ","- ",,,"LOS ANGELES","LOS ANGELES",-118.40702400000001,34.285767
6746639,2014,2015-01-28,1942,2014-11-24,0735,41239,1684,1,5,7,1942,0,0,0,P,0,16TL25,"STAGG ST","LANKERSHIM BL",12.00,E,N,A,-,N,,,,,,,,,,N,4,0,2,3,A,-,10,21950,A,N,G,B,B,A,H,-,A,A,0,Y,,,,Y,,A,08,0,0,2,0,2,0,0,0,0,"- ","- ",,,"LOS ANGELES","LOS ANGELES",-118.38774038,34.2121
6746842,2014,2015-01-26,1947,2014-11-06,1504,1382,,4,5,5,1947,0,0,0,,0,018,"BEVERLY BL","21ST ST",0.00,,Y,A,-,N,,,,,,,,,,N,3,0,1,2,A,-,10,21950,A,N,G,B,B,A,H,-,A,D,0,Y,,,,Y,,-,,0,1,0,0,1,0,0,0,0,"- ","- ",,,"LOS ANGELES",MONTEBELLO,-118.12141003000001,34.020410030000001
6746955,2014,2015-03-03,1947,2014-11-10,0217,1403,,1,5,5,1947,0,0,0,,0,02C,"E BEVERLY BL","REA DR",570.00,E,N,A,-,N,,,,,,,,,,Y,3,0,1,3,A,-,03,22350,,N,C,B,E,A,H,-,C,D,0,Y,,,,Y,,A,01,0,1,0,0,1,0,0,0,0,"- ","- ",,,"LOS ANGELES",MONTEBELLO,-118.09130232,34.013812850000001
6747302,2014,2015-07-07,1941,2014-11-13,0851,10539,,4,5,7,1941,0,0,0,,0,,"10TH ST",TEMPLE,0.00,,Y,A,-,N,,,,,,,,,,N,4,0,1,2,A,-,10,21950,A,N,G,B,B,A,H,-,A,A,0,Y,,,,Y,,A,,0,0,1,0,1,0,0,0,0,"- ","- ",,,"LOS ANGELES","LONG BEACH",-118.15896004,33.778950000000002
6747411,2014,2015-07-22,1941,2014-12-04,1231,6049,,4,5,7,1941,0,0,0,,0,,"OCEAN BL","MAGNOLIA AV",0.00,,Y,A,-,N,,,,,,,,,,Y,4,0,2,5,A,-,09,21801,A,N,D,B,B,A,H,-,A,A,0,Y,,,,Y,,A,,0,0,2,0,2,0,0,0,0,"- ","- ",,,"LOS ANGELES","LONG BEACH",-118.19807003,33.767390050000003
6747963,2014,2015-01-26,9575,2014-11-07,1440,20918,,5,2,9,1900,0,2,4,,2,022,"LINCOLN AV","MARIPOSA ST",0.00,,Y,A,-,N,,,,,,,,,,N,4,0,1,2,A,-,10,21950,A,M,G,B,B,A,H,-,A,A,0,Y,,,,Y,,A,01,0,0,1,0,1,0,0,0,0,"- ","- ",34.195749999999997,-118.15886999999999,"LOS ANGELES",UNINCORPORATED,-118.15889008000001,34.195840089999997
6747980,2014,2015-01-26,1900,2014-11-29,1945,522968,0531,6,5,5,1959,0,0,0,,0,53PM,"GLENDON WY","LINDA LEE AV",173.00,E,N,A,-,N,,,,,,,,,,N,4,0,1,2,D,-,00,,,N,G,B,E,A,H,-,C,D,0,Y,,,,Y,,-,"- ",0,0,1,0,1,0,0,0,0,"- ","- ",,,"LOS ANGELES",ROSEMEAD,-118.06661001000001,34.074146159999998
6748236,2014,2015-02-02,1902,2014-12-08,1525,732,26,1,5,5,1902,0,0,0,,0,004,"NAOMI AV","BALDWIN AV",371.00,W,N,A,-,N,,,,,,,,,,N,4,0,1,2,A,-,11,21955,,N,G,B,E,A,H,-,A,D,0,Y,,,,Y,,N,60,0,0,1,0,1,0,0,0,0,"- ","- ",,,"LOS ANGELES",ARCADIA,-118.05627588999999,34.123870429999997
6748337,2014,2015-02-11,1953,2014-12-11,0742,1001,1953,4,5,6,1953,0,0,0,,0,005,"DEL MAR BL","LOS ROBLES AV",0.00,,Y,A,-,N,,,,,,,,,,N,4,0,1,2,A,-,10,21950,A,N,G,B,B,A,H,-,A,A,0,Y,,,,Y,,-,,0,0,1,0,1,0,0,0,0,"- ","- ",,,"LOS ANGELES",PASADENA,-118.14136009000001,34.140400020000001
6748652,2014,2015-01-30,1900,2014-12-04,0536,520271,2843,4,5,5,1915,0,0,0,,0,285,"SANTA FE AV","CYPRESS ST",23.00,W,N,B,-,N,,,,,,,,,,N,3,0,1,2,D,-,00,,,N,G,B,B,B,H,-,B,D,0,Y,,,,Y,,-,"- ",0,1,0,0,1,0,0,0,0,"- ","- ",,,"LOS ANGELES",COMPTON,-118.2161636,33.890613000000002