CASE_ID,ACCIDENT_YEAR,PROC_DATE,JURIS,COLLISION_DATE,COLLISION_TIME,OFFICER_ID,REPORTING_DISTRICT,DAY_OF_WEEK,CHP_SHIFT,POPULATION,CNTY_CITY_LOC,SPECIAL_COND,BEAT_TYPE,CHP_BEAT_TYPE,CITY_DIVISION_LAPD,CHP_BEAT_CLASS,BEAT_NUMBER,PRIMARY_RD,SECONDARY_RD,DISTANCE,DIRECTION,INTERSECTION,WEATHER_1,WEATHER_2,STATE_HWY_IND,CALTRANS_COUNTY,CALTRANS_DISTRICT,STATE_ROUTE,ROUTE_SUFFIX,POSTMILE_PREFIX,POSTMILE,LOCATION_TYPE,RAMP_INTERSECTION,SIDE_OF_HWY,TOW_AWAY,COLLISION_SEVERITY,NUMBER_KILLED,NUMBER_INJURED,PARTY_COUNT,PRIMARY_COLL_FACTOR,PCF_CODE_OF_VIOL,PCF_VIOL_CATEGORY,PCF_VIOLATION,PCF_VIOL_SUBSECTION,HIT_AND_RUN,TYPE_OF_COLLISION,MVIW,PED_ACTION,ROAD_SURFACE,ROAD_COND_1,ROAD_COND_2,LIGHTING,CONTROL_DEVICE,CHP_ROAD_TYPE,PEDESTRIAN_ACCIDENT,BICYCLE_ACCIDENT,MOTORCYCLE_ACCIDENT,TRUCK_ACCIDENT,NOT_PRIVATE_PROPERTY,ALCOHOL_INVOLVED,STWD_VEHTYPE_AT_FAULT,CHP_VEHTYPE_AT_FAULT,COUNT_SEVERE_INJ,COUNT_VISIBLE_INJ,COUNT_COMPLAINT_PAIN,COUNT_PED_KILLED,COUNT_PED_INJURED,COUNT_BICYCLIST_KILLED,COUNT_BICYCLIST_INJURED,COUNT_MC_KILLED,COUNT_MC_INJURED,PRIMARY_RAMP,SECONDARY_RAMP,LATITUDE,LONGITUDE,COUNTY,CITY,POINT_X,POINT_Y
6759683,2014,2015-01-27,1942,2014-11-21,1430,41368,0721,5,5,7,1942,0,0,0,G,0,7A17,"DOHENY DR","BURTON WY",400.00,N,N,A,-,N,,,,,,,,,,N,4,0,1,2,B,-,22,,,N,G,B,F,A,H,-,A,D,0,Y,,,,Y,,A,07,0,0,1,0,1,0,0,0,0,"- ","- ",,,"LOS ANGELES","LOS ANGELES",-118.38972,34.07343702
6759691,2014,2015-01-27,1942,2014-11-23,1935,37885,0726,7,5,7,1942,0,0,0,G,0,7A1,"BEVERLY BL","FORMOSA AV",0.00,,Y,A,-,N,,,,,,,,,,N,4,0,1,2,A,-,10,21950,A,N,G,B,B,A,H,-,C,A,0,Y,,,,Y,,A,01,0,0,1,0,1,0,0,0,0,"- ","- ",,,"LOS ANGELES","LOS ANGELES",-118.34623007,34.07617003
6761086,2014,2015-01-20,1942,2014-08-27,1430,37841,,3,5,7,1942,0,0,0,,0,,"COMETA AV","LIZARD ST",0.00,,Y,A,-,N,,,,,,,,,,N,4,0,1,2,A,-,"- ",,,F,G,B,E,A,H,-,A,D,0,Y,,,,Y,,-,,0,0,1,0,1,0,0,0,0,"- ","- ",,,"LOS ANGELES","LOS ANGELES",-118.42990002000001,34.302960040000002
6762301,2014,2015-01-28,1942,2014-11-22,1900,25495,0743,6,5,7,1942,0,0,0,G,0,7T23,"FAIRFAX AV","WILSHIRE BL",9.00,N,N,A,-,N,,,,,,,,,,N,4,0,1,2,A,-,12,21453,A,F,G,B,B,A,H,-,C,A,0,Y,,,,Y,,N,60,0,0,1,0,1,0,0,0,0,"- ","- ",,,"LOS ANGELES","LOS ANGELES",-118.36139786,34.062994619999998
6762618,2014,2015-01-27,1900,2014-11-21,1609,523421,0625,5,5,6,1985,0,0,0,,0,61T1,"8TH ST","MAIN ST",189.00,W,N,A,-,N,,,,,,,,,,N,3,0,1,2,A,-,11,21955,,N,B,B,D,A,H,-,A,D,0,Y,,,,Y,Y,N,60,0,1,0,0,1,0,0,0,0,"- ","- ",,,"LOS ANGELES","SANTA CLARITA",-118.52916104000001,34.379406269999997
6763668,2014,2015-01-22,1976,2014-11-21,0727,331,1976,5,5,3,1964,0,0,0,,0,001,"HOUGHTON AV","WHITELAND ST",8.00,S,N,A,F,N,,,,,,,,,,N,4,0,1,2,A,-,10,21950,A,N,G,B,B,A,H,-,A,D,0,Y,,,,Y,,A,07,0,0,1,0,1,0,0,0,0,"- ","- ",,,"LOS ANGELES","SANTA FE SPRINGS",-118.08630334999999,33.95232824
6763698,2014,2015-02-03,1942,2014-12-04,0715,41111,0328,4,5,7,1942,0,0,0,C,0,3A57,"FIGUEROA ST","30TH ST",0.00,,Y,A,-,N,,,,,,,,,,N,3,0,1,2,A,-,10,21950,A,N,G,B,B,A,H,-,A,A,0,Y,,,,Y,,A,01,0,1,0,0,1,0,0,0,0,"- ","- ",,,"LOS ANGELES","LOS ANGELES",-118.27800008,34.025060009999997
6763699,2014,2015-02-03,1942,2014-12-03,1715,32427,0332,3,5,7,1942,0,0,0,C,0,12X32,"JEFFERSON BL",FARMDALE,0.00,,Y,C,-,N,,,,,,,,,,N,3,0,1,2,A,-,10,21950,A,F,G,B,B,B,H,-,B,A,0,Y,,,,Y,,-,99,0,1,0,0,1,0,0,0,0,"- ","- ",,,"LOS ANGELES","LOS ANGELES",-118.34608011,34.025540049999996
6763731,2014,2015-01-22,1942,2014-11-30,1850,36989,0524,7,5,7,1942,0,0,0,E,0,5X26,"ANAHEIM ST","HAWAIIAN AV",0.00,,Y,A,-,N,,,,,,,,,,N,3,0,1,2,A,-,10,21950,A,F,G,B,B,B,H,-,C,A,0,Y,,,,Y,,A,01,0,1,0,0,1,0,0,0,0,"- ","- ",,,"LOS ANGELES","LOS ANGELES",-118.27682003,33.779190069999999
6764003,2014,2015-02-03,1942,2014-12-08,0815,41618,0313,1,5,7,1942,0,0,0,C,0,3A41,"10TH AV","ADAMS ST",0.00,,Y,A,-,N,,,,,,,,,,,4,0,1,2,A,-,10,21950,A,N,G,B,B,A,H,-,A,A,0,Y,,,,Y,,A,01,0,0,1,0,1,0,0,0,0,"- ","- ",,,"LOS ANGELES","LOS ANGELES",-118.32842003,34.032609999999998
6764022,2014,2016-02-18,1942,2014-12-02,1720,37733,0396,2,5,7,1942,0,0,0,C,0,,"42ND PL","HOOVER ST",0.00,,Y,C,-,N,,,,,,,,,,N,4,0,1,2,A,-,10,21950,A,N,G,B,B,B,H,-,C,A,0,Y,,,,Y,,A,07,0,0,1,0,1,0,0,0,0,"- ","- ",,,"LOS ANGELES","LOS ANGELES",-118.28722001,34.006400050000003
6764023,2014,2015-02-03,1942,2014-12-04,1230,33118,555,4,5,7,1942,0,0,0,,0,5A55,"PACIFIC AV","UPLAND AV",0.00,,Y,A,-,N,,,,,,,,,,N,3,0,1,2,A,-,11,21954,A,N,G,B,E,A,H,-,A,D,0,Y,,,,Y,,N,60,0,1,0,0,1,0,0,0,0,"- ","- ",,,"LOS ANGELES","LOS ANGELES",-118.28764004,33.749330039999997
6764029,2014,2015-02-03,1942,2014-12-20,1850,41579,0363,6,5,7,1942,0,0,0,C,0,3A18,"MARLTON AV","LOCKLAND DR",150.00,W,N,A,-,N,,,,,,,,,,N,3,0,1,2,A,-,11,21954,A,N,G,B,D,A,H,-,C,D,0,Y,,,,Y,,A,01,0,1,0,0,1,0,0,0,0,"- ","- ",,,"LOS ANGELES","LOS ANGELES",-118.34148297999999,34.009780130000003
6764083,2014,2015-02-03,1923,2014-12-08,0838,495,209,1,5,3,1923,0,0,0,,0,002,"INDIANA ST","GRAND AV",0.00,,Y,B,-,N,,,,,,,,,,N,4,0,1,2,A,-,10,21950,A,N,G,B,B,A,H,-,A,A,0,Y,,,,Y,,A,01,0,0,1,0,1,0,0,0,0,"- ","- ",,,"LOS ANGELES","EL SEGUNDO",-118.39725005,33.91944007
6764228,2014,2016-06-24,1972,2014-12-04,2118,17649,,4,5,6,1972,0,0,0,,0,,"HAWTHORNE BL","182ND ST",20.00,S,N,A,-,Y,LA,7,107,-,-,4.190,I,5,S,N,4,0,1,2,A,-,10,21950,A,N,G,B,B,A,H,-,C,A,0,Y,,,,Y,,A,,0,0,1,0,1,0,0,0,0,"- ","- ",,,"LOS ANGELES",TORRANCE,-118.35266127,33.865516560000003
6764231,2014,2016-06-24,1972,2014-12-06,1314,16610,,6,5,6,1972,0,0,0,,0,,"HAWTHORNE BL","SEPULVEDA BL",95.00,S,N,A,-,Y,LA,7,107,-,-,1.390,H,-,N,N,4,0,1,2,A,-,11,21954,A,N,D,B,D,A,H,-,A,D,0,Y,,,,Y,,N,,0,0,1,0,1,0,0,0,0,"- ","- ",,,"LOS ANGELES",TORRANCE,-118.35126124999999,33.825292330000003
6764307,2014,2015-02-05,1942,2014-12-09,2045,41282,0415,2,5,7,1942,0,0,0,D,0,4A15,"AVE 28","SICHEL ST",0.00,,Y,A,-,N,,,,,,,,,,N,2,0,1,3,A,-,11,21956,A,N,G,B,E,A,H,-,C,D,0,Y,,,,Y,,N,60,1,0,0,0,1,0,0,0,0,"- ","- ",,,"LOS ANGELES","LOS ANGELES",-118.21322003,34.079270049999998
6765231,2014,2015-01-30,1942,2014-12-11,0645,39177,1249,4,5,7,1942,0,0,0,L,0,,"FIGUEROA ST","64TH ST",0.00,,Y,B,-,N,,,,,,,,,,Y,4,0,3,3,A,-,09,21801,A,N,A,B,F,A,H,-,A,D,0,Y,,,,Y,,A,01,0,0,3,0,1,0,0,0,0,"- ","- ",,,"LOS ANGELES","LOS ANGELES",-118.28268011999999,33.981330059999998
6765274,2014,2015-01-30,1942,2014-12-03,1905,41360,2064,3,5,7,1942,0,0,0,,0,20A34,"11TH ST","HARVARD BL",0.00,,Y,C,-,N,,,,,,,,,,N,4,0,1,2,A,-,10,21950,A,N,A,B,B,B,H,-,C,A,0,Y,,,,Y,Y,A,01,0,0,1,0,1,0,0,0,0,"- ","- ",,,"LOS ANGELES","LOS ANGELES",-118.30418007,34.05086
6765315,2014,2015-02-02,1942,2014-12-06,1600,34959,0738,6,5,7,1942,0,0,0,G,0,6T2,"HIGHLAND AV","WILSHIRE BL",0.00,,Y,A,-,N,,,,,,,,,,N,3,0,1,2,A,-,10,21950,A,N,G,B,B,A,H,-,A,A,0,Y,,,,Y,,A,01,0,1,0,0,1,0,0,0,0,"- ","- ",,,"LOS ANGELES","LOS ANGELES",-118.33849008,34.062120010000001
6765389,2014,2015-02-02,1900,2014-12-13,2130,516682,0532,6,5,5,1959,0,0,0,,0,534,"HELLMAN AV","DEL MAR AV",250.00,W,N,A,-,N,,,,,,,,,,N,4,0,1,2,D,-,00,,,N,G,B,E,A,H,-,C,D,0,Y,,,,Y,Y,-,"- ",0,0,1,0,1,0,0,0,0,"- ","- ",,,"LOS ANGELES",ROSEMEAD,-118.10036374000001,34.069859999999998
6765390,2014,2015-02-02,1900,2014-12-18,0739,528221,1135,4,5,6,1992,0,0,0,,0,112T2,"AVENUE J","STANRIDGE AV",5.00,E,N,A,-,N,,,,,,,,,,N,4,0,1,2,A,-,10,21950,A,N,G,B,B,A,H,-,A,A,0,Y,,,,Y,,A,07,0,0,1,0,1,0,0,0,0,"- ","- ",,,"LOS ANGELES",LANCASTER,-118.12731340000001,34.689300179999996
6765453,2014,2015-01-28,1942,2014-12-02,1746,38799,1402,2,5,7,1942,0,0,0,N,0,14A46,"NATIONA BL","BUTLER AV",10.00,N,N,C,-,N,,,,,,,,,,N,4,0,1,2,A,-,10,21950,A,N,G,B,B,B,H,-,C,A,0,Y,,,,Y,,A,01,0,0,1,0,1,0,0,0,0,"- ","- ",,,"LOS ANGELES","LOS ANGELES",-118.43408162999999,34.024933939999997
6765486,2014,2015-01-28,1942,2014-12-09,1335,40971,1211,2,5,7,1942,0,0,0,L,0,18T23,"54TH ST","9TH AV",54.00,W,N,A,-,N,,,,,,,,,,N,3,0,1,2,A,-,11,21954,A,N,D,B,D,A,H,-,A,D,0,Y,,Y,,Y,,N,60,0,1,0,0,1,0,0,0,0,"- ","- ",,,"LOS ANGELES","LOS ANGELES",-118.32713778999999,33.993147880000002
6765498,2014,2015-01-28,1942,2014-12-06,0205,41231,1267,6,5,7,1942,0,0,0,L,0,12T41,"FIGUEROA ST","84TH ST",113.00,S,N,A,-,N,,,,,,,,,,N,2,0,1,2,A,-,11,21956,A,N,G,B,E,A,H,-,C,D,0,Y,,,,Y,,N,60,1,0,0,0,1,0,0,0,0,"- ","- ",,,"LOS ANGELES","LOS ANGELES",-118.28272,33.962890090000002
6765499,2014,2015-01-29,9535,2014-12-06,1802,19626,,6,2,9,1900,0,2,4,,2,015,"MEDNIK AV","CESAR E CHAVEZ AV",280.00,S,N,A,-,N,,,,,,,,,,N,3,0,1,2,A,-,11,21955,,N,G,B,D,A,H,-,C,D,0,Y,,,,Y,,N,60,0,1,0,0,1,0,0,0,0,"- ","- ",34.039549999999998,-118.16186999999999,"LOS ANGELES",UNINCORPORATED,-118.1618787,34.039842190000002
6765627,2014,2015-01-22,1942,2014-11-24,1700,38522,0504,1,5,7,1942,0,0,0,E,0,523,"204TH ST","WESTERN AV",0.00,,Y,A,-,N,,,,,,,,,,N,3,0,1,2,A,-,06,21750,,F,G,B,B,A,H,-,B,D,0,Y,,,,Y,Y,-,99,0,1,0,0,1,0,0,0,0,"- ","- ",,,"LOS ANGELES","LOS ANGELES",-118.30938001,33.845660029999998
6767109,2014,2015-02-03,1913,2014-12-22,0846,3906,29,1,5,4,1913,0,0,0,,0,002,"COLLEGE AV","6TH ST",9.00,S,N,A,-,N,,,,,,,,,,N,3,0,1,2,A,-,10,21952,,N,G,B,B,A,H,-,A,A,0,Y,,,,Y,,A,01,0,1,0,0,1,0,0,0,0,"- ","- ",,,"LOS ANGELES",CLAREMONT,-117.71495,34.099625330000002
6767113,2014,2015-02-03,1913,2014-12-21,1424,3845,70,7,5,4,1913,0,0,0,,0,004,"PADUA AV","CARDINAL CUSHING",186.00,N,N,A,-,N,,,,,,,,,,N,4,0,1,2,A,-,17,21663,,N,G,B,F,A,H,-,A,A,0,Y,,,,Y,,A,01,0,0,1,0,1,0,0,0,0,"- ","- ",,,"LOS ANGELES",CLAREMONT,-117.70056212999999,34.151385529999999
6767160,2014,2015-02-05,1955,2014-12-08,1715,30537,100,1,5,6,1955,0,0,0,,0,003,"SAN ANTONIO AV","KINGSLEY AV",300.00,S,N,A,-,N,,,,,,,,,,N,3,0,1,2,A,-,11,21955,,N,G,B,D,-,H,-,C,A,0,Y,,,,Y,,N,60,0,1,0,0,1,0,0,0,0,"- ","- ",,,"LOS ANGELES",POMONA,-117.73665,34.065617709999998
6767209,2014,2015-02-03,1900,2014-12-15,1530,512477,1617,1,5,5,1977,0,0,0,,0,168T,"220TH ST","FIGUEROA ST",0.00,,Y,A,-,N,,,,,,,,,,N,4,0,1,2,A,-,10,21950,A,M,G,B,B,A,H,-,A,A,0,Y,,,,Y,,A,01,0,0,1,0,1,0,0,0,0,"- ","- ",,,"LOS ANGELES",CARSON,-118.28599013,33.828000039999999
6767217,2014,2015-02-03,1942,2014-12-09,0815,36101,0585,2,5,7,1942,0,0,0,E,0,5A85,"26TH ST",ALMA,100.00,E,N,A,-,N,,,,,,,,,,N,4,0,1,2,A,-,11,21954,A,F,G,B,E,A,H,-,A,D,0,Y,,,,Y,,N,60,0,0,1,0,1,0,0,0,0,"- ","- ",,,"LOS ANGELES","LOS ANGELES",-118.29872177999999,33.720669999999998
6767284,2014,2015-02-03,1942,2014-12-19,1715,39049,0151,5,5,7,1942,0,0,0,A,0,1T24,"6TH ST","FIGUEROA AV",30.00,W,N,A,-,Y,,,,,,,,,,N,4,0,1,2,A,-,10,21952,,F,B,B,F,A,H,-,C,D,0,Y,,,,Y,,-,99,0,0,1,0,1,0,0,0,0,"- ","- ",,,"LOS ANGELES","LOS ANGELES",-118.25862521000001,34.050881830000002
6767288,2014,2015-02-03,1942,2014-12-21,1855,40545,0162,7,5,7,1942,0,0,0,A,0,1T11,"7TH ST","FLOWER ST",0.00,,Y,A,-,N,,,,,,,,,,N,3,0,1,2,A,-,11,21456,B,F,G,B,B,A,H,-,C,A,0,Y,,,,Y,,N,60,0,1,0,0,1,0,0,0,0,"- ","- ",,,"LOS ANGELES","LOS ANGELES",-118.25878,34.04869008
6767308,2014,2015-02-05,1942,2014-12-20,1725,37335,0235,6,5,7,1942,0,0,0,B,0,2FB43,"ALVARADO ST","MIRAMAR ST",0.00,,Y,A,-,N,,,,,,,,,,N,4,0,1,2,A,-,10,21950,A,N,G,B,B,A,H,-,C,D,0,Y,,,,Y,,-,,0,0,1,0,1,0,0,0,0,"- ","- ",,,"LOS ANGELES","LOS ANGELES",-118.27208005,34.06391009
6767336,2014,2015-02-03,1942,2014-12-24,2000,40874,0422,3,5,7,1942,0,0,0,D,0,4T43,"N BROADWAY ST","GATES ST",87.00,N,N,A,-,N,,,,,,,,,,N,3,0,1,2,A,-,11,21954,A,N,D,B,E,A,H,-,B,D,0,Y,,,,Y,,N,60,0,1,0,0,1,0,0,0,0,"- ","- ",,,"LOS ANGELES","LOS ANGELES",-118.20654999999999,34.073770000000003
6767340,2014,2015-02-03,1942,2014-12-25,1530,39889,1142,4,5,7,1942,0,0,0,K,0,11T32,"HALL ST","ALMONT ST",15.00,N,N,A,-,N,,,,,,,,,,N,4,0,1,2,A,-,11,21950,B,F,G,B,E,A,H,-,A,D,0,Y,,,,Y,,-,99,0,0,1,0,1,0,0,0,0,"- ","- ",,,"LOS ANGELES","LOS ANGELES",-118.16603241999999,34.091641080000002
6767456,2014,2015-02-04,1942,2014-12-02,2125,37353,0937,2,5,7,1942,0,0,0,I,0,16T23,"OXNARD ST","HAZELTINE AV",0.00,,Y,C,-,N,,,,,,,,,,N,3,0,1,2,A,-,10,21950,A,N,G,B,B,B,H,-,C,A,0,Y,,,,Y,,A,01,0,1,0,0,1,0,0,0,0,"- ","- ",,,"LOS ANGELES","LOS ANGELES",-118.43997011,34.179400049999998
6767460,2014,2015-02-04,1942,2014-12-02,0620,33829,0981,2,5,7,1942,0,0,0,I,0,16TL25,"VENTURA BL","NOBLE AV",100.00,E,N,C,-,N,,,,,,,,,,N,4,0,1,2,A,-,11,21954,A,N,G,B,D,B,H,-,C,B,0,Y,,,,Y,,N,60,0,0,1,0,1,0,0,0,0,"- ","- ",,,"LOS ANGELES","LOS ANGELES",-118.46147716,34.153023419999997
6767473,2014,2015-02-04,1969,2014-12-02,1500,10165,PATRO,2,5,5,1969,0,0,0,,0,002,"INDEPENDENCE AV","CALIFORNIA AV",0.00,,Y,C,-,N,,,,,,,,,,N,4,0,1,2,A,-,10,21950,A,F,A,B,B,B,H,-,C,A,0,Y,,,,Y,,A,01,0,0,1,0,1,0,0,0,0,"- ","- ",,,"LOS ANGELES","SOUTH GATE",-118.20557003,33.957670090000001
6767487,2014,2015-02-05,1942,2014-12-11,0600,30452,0904,4,5,7,1942,0,0,0,I,0,9TL53,"VAN NUYS BL","KESWICK ST",0.00,,Y,B,-,N,,,,,,,,,,Y,2,0,1,3,A,-,12,21453,A,N,D,C,B,A,H,-,C,A,0,Y,,,,Y,,A,07,1,0,0,0,1,0,0,0,0,"- ","- ",,,"LOS ANGELES","LOS ANGELES",-118.44877009,34.210270059999999
6767491,2014,2015-02-04,1942,2014-12-02,2040,39217,0937,2,5,7,1942,0,0,0,I,0,17TL12,"VICTORY BL","WOODMAN AV",10.00,E,N,C,-,N,,,,,,,,,,N,2,0,1,2,A,-,10,21950,A,N,G,B,B,B,H,-,C,A,0,Y,,,,Y,,A,01,1,0,0,0,1,0,0,0,0,"- ","- ",,,"LOS ANGELES","LOS ANGELES",-118.43122699,34.186680000000003
6767492,2014,2015-02-04,1942,2014-12-02,1810,33294,0941,2,5,7,1942,0,0,0,I,0,10TL32,"SEPULVEDA BL","HATTERAS ST",0.00,,Y,B,C,N,,,,,,,,,,N,4,0,1,2,D,-,00,,,N,G,B,-,B,H,-,C,A,0,Y,,,,Y,,-,"- ",0,0,1,0,1,0,0,0,0,"- ","- ",,,"LOS ANGELES","LOS ANGELES",-118.46616014,34.175730039999998
6767495,2014,2015-02-04,1942,2014-12-02,2043,39217,0937,2,5,7,1942,0,0,0,I,0,17TL12,"VICTORY BL","WOODMAN AV",24.00,E,N,C,-,N,,,,,,,,,,N,3,0,1,2,A,-,03,22350,,N,G,B,E,B,H,-,C,A,0,Y,,,,Y,,A,01,0,1,0,0,1,0,0,0,0,"- ","- ",,,"LOS ANGELES","LOS ANGELES",-118.43118079,34.186680000000003
6767530,2014,2015-02-09,1942,2014-12-02,1240,36530,667,2,5,7,1942,0,0,0,,0,6T7,"HOLLYWOOD BL","MCCADDEN PL",6.00,E,N,C,-,N,,,,,,,,,,N,3,0,1,2,A,-,10,21950,A,N,G,B,-,B,H,-,A,D,0,Y,,,,Y,,A,01,0,1,0,0,1,0,0,0,0,"- ","- ",,,"LOS ANGELES","LOS ANGELES",-118.33742024,34.101550789999997
6767534,2014,2015-02-05,1942,2014-12-07,0800,36164,0638,7,5,7,1942,0,0,0,F,0,6A45,"FRANKLIN AV","WILTON PL",5.00,E,N,A,-,N,,,,,,,,,,N,3,0,1,2,A,-,10,21950,A,N,G,B,B,A,H,-,A,A,0,Y,,,,Y,,-,,0,1,0,0,1,0,0,0,0,"- ","- ",,,"LOS ANGELES","LOS ANGELES",-118.31364363,34.105341600000003
6767535,2014,2015-02-05,1942,2014-12-10,0755,36530,666,3,5,7,1942,0,0,0,,0,6T7,"WILCOX AV","SUNSET BL",14.00,E,N,A,-,N,,,,,,,,,,N,3,0,1,3,A,-,10,21950,A,N,G,B,B,A,H,-,B,A,0,Y,,,,Y,,A,07,0,1,0,0,1,0,0,0,0,"- ","- ",,,"LOS ANGELES","LOS ANGELES",-118.331,34.097990000000003
6767536,2014,2015-02-05,1942,2014-12-09,1715,34959,0668,2,5,7,1942,0,0,0,F,0,7T38,"SUNSET BL","VAN NESS AV",174.00,E,N,A,-,N,,,,,,,,,,N,3,0,1,2,A,-,11,21955,,N,G,B,D,A,H,-,C,D,0,Y,,,,Y,,N,60,0,1,0,0,1,0,0,0,0,"- ","- ",,,"LOS ANGELES","LOS ANGELES",-118.31520648,34.098057869999998
6767543,2014,2015-02-10,1942,2014-12-18,0845,41378,775,4,5,7,1942,0,0,0,,0,7A73,"WASHINGTON BL",VINEYARD,20.00,W,N,A,-,N,,,,,,,,,,N,4,0,1,2,A,-,"- ",,,N,G,B,B,A,H,-,A,A,0,Y,,,,Y,,A,01,0,0,1,0,1,0,0,0,0,"- ","- ",,,"LOS ANGELES","LOS ANGELES",-118.33990589,34.039830000000002
6767553,2014,2015-03-09,1942,2014-12-16,1335,27641,0742,2,5,7,1942,0,0,0,G,0,8T26,"S CRESCENT HEIGHTS BL","OLYMPIC BL",9.00,S,N,B,-,N,,,,,,,,,,N,3,0,1,2,A,-,17,21451,A,N,G,B,B,B,H,-,A,A,0,Y,,,,Y,,A,01,0,1,0,0,1,0,0,0,0,"- ","- ",,,"LOS ANGELES","LOS ANGELES",-118.36924066,34.05878697
6767564,2014,2015-02-05,1942,2014-12-15,2125,39546,0834,1,5,7,1942,0,0,0,H,0,8T35W3,"WILSHIRE BL","SELBY AV",0.00,,Y,A,-,N,,,,,,,,,,N,3,0,1,2,A,-,"- ",,,N,G,B,B,A,H,-,C,D,0,Y,,,,Y,,N,60,0,1,0,0,1,0,0,0,0,"- ","- ",,,"LOS ANGELES","LOS ANGELES",-118.43797001,34.060360009999997
6767569,2014,2015-02-04,1942,2014-12-18,1730,41561,0881,4,5,7,1942,0,0,0,H,0,8A14,"BARRINGTON AV","OLYMPIC BL",0.00,,Y,A,-,N,,,,,,,,,,N,4,0,2,3,A,-,10,21950,C,N,G,B,B,A,H,-,C,A,0,Y,,,,Y,,A,01,0,0,2,0,2,0,0,0,0,"- ","- ",,,"LOS ANGELES","LOS ANGELES",-118.44785014,34.03423007
6767574,2014,2015-02-05,1942,2014-12-06,1010,30830,0882,6,5,7,1942,0,0,0,H,0,8T35,"OLYMPIC BL","SAWTELLE BL",0.00,,Y,A,-,N,,,,,,,,,,N,4,0,1,2,D,-,00,,,N,G,B,-,A,H,-,A,A,0,Y,,,,Y,,-,"- ",0,0,1,0,1,0,0,0,0,"- ","- ",,,"LOS ANGELES","LOS ANGELES",-118.44121009,34.038180019999999
6767577,2014,2015-02-05,1942,2014-12-18,0810,32896,0884,4,5,7,1942,0,0,0,H,0,14T47,"WESTWOOD BL","OLYMPIC BL",0.00,,Y,A,-,N,,,,,,,,,,N,4,0,1,2,A,-,10,21950,A,N,G,B,B,A,H,-,A,A,0,Y,,,,Y,,A,01,0,0,1,0,1,0,0,0,0,"- ","- ",,,"LOS ANGELES","LOS ANGELES",-118.43174008,34.043900120000004
6767578,2014,2015-02-05,1942,2014-12-02,1925,39022,0828,2,5,7,1942,0,0,0,H,0,7T23,"WESTHOLME AV","LE CONTE AV",2.00,E,N,C,-,N,,,,,,,,,,N,4,0,1,2,A,-,10,21950,A,N,G,B,B,B,H,-,C,D,0,Y,,,,Y,,A,01,0,0,1,0,1,0,0,0,0,"- ","- ",,,"LOS ANGELES","LOS ANGELES",-118.43569642,34.066375399999998
6767628,2014,2015-02-05,1942,2014-12-16,1940,40639,1538,2,5,7,1942,0,0,0,O,0,9T53,"OXNARD ST","TUJUNGA AV",358.00,E,N,B,-,N,,,,,,,,,,N,4,0,1,2,B,-,22,,,F,G,B,D,B,H,-,C,D,0,Y,,,,Y,,-,99,0,0,1,0,1,0,0,0,0,"- ","- ",,,"LOS ANGELES","LOS ANGELES",-118.37785864999999,34.179437139999997
6767629,2014,2015-02-05,1942,2014-12-14,2230,39703,1041,7,5,7,1942,0,0,0,J,0,16T23,"TAMPA AV","TOPHAM ST",0.00,,Y,A,-,N,,,,,,,,,,N,3,0,1,2,D,-,00,,,F,G,B,B,A,H,-,C,A,0,Y,,,,Y,,-,"- ",0,1,0,0,1,0,0,0,0,"- ","- ",,,"LOS ANGELES","LOS ANGELES",-118.55346011,34.181010120000003
6767630,2014,2015-02-05,1942,2014-12-09,1415,,1506,2,5,7,1942,0,0,0,O,0,15A39,"VINELAND AV","SHERMAN WY",0.00,,Y,A,-,N,,,,,,,,,,N,4,0,1,2,A,-,12,21453,A,F,G,B,B,A,H,-,A,A,0,Y,,,,Y,Y,-,99,0,0,1,0,1,0,0,0,0,"- ","- ",,,"LOS ANGELES","LOS ANGELES",-118.37032013,34.20118008
6767654,2014,2016-02-17,1942,2014-12-08,1520,39889,192,1,5,7,1942,0,0,0,,0,1T24,"GRAND AV","17TH ST",0.00,,Y,A,-,N,,,,,,,,,,N,4,0,1,4,A,-,10,21950,A,N,G,B,B,A,H,-,A,A,0,Y,,,,Y,,A,01,0,0,1,0,1,0,0,0,0,"- ","- ",,,"LOS ANGELES","LOS ANGELES",-118.29022009000001,33.72878
6767657,2014,2015-02-26,1942,2014-12-17,1840,41520,271,3,5,7,1942,0,0,0,,0,2FB44,"JAMES M WOOD","LAKE ST",0.00,,Y,A,-,N,,,,,,,,,,N,4,0,2,3,A,-,10,21950,A,F,G,B,C,A,H,-,C,D,0,Y,,,,Y,Y,-,99,0,0,2,0,2,0,0,0,0,"- ","- ",,,"LOS ANGELES","LOS ANGELES",-118.27988999999999,34.053870000000003
6767658,2014,2015-02-06,1942,2014-12-16,1800,38050,266,2,5,7,1942,0,0,0,,0,1T11,"BEACON AV","8TH ST",8.00,N,N,A,-,N,,,,,,,,,,N,4,0,1,2,A,-,10,21950,A,N,G,B,B,A,H,-,C,D,0,Y,,,,Y,,A,01,0,0,1,0,1,0,0,0,0,"- ","- ",,,"LOS ANGELES","LOS ANGELES",-118.27333756,34.05288934