CASE_ID,ACCIDENT_YEAR,PROC_DATE,JURIS,COLLISION_DATE,COLLISION_TIME,OFFICER_ID,REPORTING_DISTRICT,DAY_OF_WEEK,CHP_SHIFT,POPULATION,CNTY_CITY_LOC,SPECIAL_COND,BEAT_TYPE,CHP_BEAT_TYPE,CITY_DIVISION_LAPD,CHP_BEAT_CLASS,BEAT_NUMBER,PRIMARY_RD,SECONDARY_RD,DISTANCE,DIRECTION,INTERSECTION,WEATHER_1,WEATHER_2,STATE_HWY_IND,CALTRANS_COUNTY,CALTRANS_DISTRICT,STATE_ROUTE,ROUTE_SUFFIX,POSTMILE_PREFIX,POSTMILE,LOCATION_TYPE,RAMP_INTERSECTION,SIDE_OF_HWY,TOW_AWAY,COLLISION_SEVERITY,NUMBER_KILLED,NUMBER_INJURED,PARTY_COUNT,PRIMARY_COLL_FACTOR,PCF_CODE_OF_VIOL,PCF_VIOL_CATEGORY,PCF_VIOLATION,PCF_VIOL_SUBSECTION,HIT_AND_RUN,TYPE_OF_COLLISION,MVIW,PED_ACTION,ROAD_SURFACE,ROAD_COND_1,ROAD_COND_2,LIGHTING,CONTROL_DEVICE,CHP_ROAD_TYPE,PEDESTRIAN_ACCIDENT,BICYCLE_ACCIDENT,MOTORCYCLE_ACCIDENT,TRUCK_ACCIDENT,NOT_PRIVATE_PROPERTY,ALCOHOL_INVOLVED,STWD_VEHTYPE_AT_FAULT,CHP_VEHTYPE_AT_FAULT,COUNT_SEVERE_INJ,COUNT_VISIBLE_INJ,COUNT_COMPLAINT_PAIN,COUNT_PED_KILLED,COUNT_PED_INJURED,COUNT_BICYCLIST_KILLED,COUNT_BICYCLIST_INJURED,COUNT_MC_KILLED,COUNT_MC_INJURED,PRIMARY_RAMP,SECONDARY_RAMP,LATITUDE,LONGITUDE,COUNTY,CITY,POINT_X,POINT_Y
6775197,2014,2015-02-17,1955,2014-12-10,1807,42014,7,3,5,6,1955,0,0,0,,0,003,"MONTEREY AV","GIBBS ST",42.00,W,N,A,-,N,,,,,,,,,,N,3,0,1,2,A,-,11,21954,A,N,G,B,D,A,H,-,D,A,0,Y,,,,Y,,N,60,0,1,0,0,1,0,0,0,0,"- ","- ",,,"LOS ANGELES",POMONA,-117.74820824,34.06058616
6775217,2014,2015-02-13,1955,2014-12-18,1900,40724,06,4,5,6,1955,0,0,0,,0,001,"HOLT AV","REBECCA ST",0.00,,Y,A,-,N,,,,,,,,,,N,4,0,1,2,A,-,11,21954,A,N,G,B,D,A,H,-,C,A,0,Y,,,,Y,,N,60,0,0,1,0,1,0,0,0,0,"- ","- ",,,"LOS ANGELES",POMONA,-117.75683006,34.062230040000003
6775232,2014,2015-02-13,1942,2014-12-03,1815,37737,2156,3,5,7,1942,0,0,0,,0,15T42,"OWENSMOUTH AV","VICTORY BL",5.00,S,N,C,-,N,,,,,,,,,,N,4,0,1,2,D,-,00,,,N,G,B,E,B,H,-,C,D,0,Y,,,,Y,,-,"- ",0,0,1,0,1,0,0,0,0,"- ","- ",,,"LOS ANGELES","LOS ANGELES",-118.60153987,34.187716279999997
6775237,2014,2015-02-13,1942,2014-12-16,2120,40639,2143,2,5,7,1942,0,0,0,,0,9T53,"FALLBROOK AV","VICTORY BL",538.00,N,N,B,-,N,,,,,,,,,,N,2,0,1,2,A,-,11,21956,A,N,G,B,E,B,H,-,C,D,0,Y,,,,Y,,N,60,1,0,0,0,1,0,0,0,0,"- ","- ",,,"LOS ANGELES","LOS ANGELES",-118.62339,34.187935940000003
6775243,2014,2015-02-17,1942,2014-12-01,1615,40119,2177,1,5,7,1942,0,0,0,,0,15TL44,"DE SOTO AV","BURBANK BL",538.00,S,N,A,-,N,,,,,,,,,,N,4,0,1,2,B,-,22,,,N,G,B,F,A,H,-,B,D,0,Y,,,,Y,,N,60,0,0,1,0,1,0,0,0,0,"- ","- ",,,"LOS ANGELES","LOS ANGELES",-118.58812,34.171855809999997
6775254,2014,2015-02-17,1942,2014-12-12,0600,38185,1998,5,5,7,1942,0,0,0,,0,21TL61,"VAN NUYS BL","LANARK ST",6.00,N,N,B,C,N,,,,,,,,,,N,4,0,1,2,A,-,10,21950,A,N,G,B,B,B,H,-,A,A,0,Y,,,,Y,,A,01,0,0,1,0,1,0,0,0,0,"- ","- ",,,"LOS ANGELES","LOS ANGELES",-118.44875999999999,34.217976460000003
6775261,2014,2015-02-17,1900,2014-12-12,1425,491337,2612,5,5,6,1950,0,0,0,,0,262T1,"35TH ST WEST","FAIRGREEN LN",55.00,S,N,A,-,N,,,,,,,,,,N,4,0,1,2,A,-,21,22106,,N,G,B,E,A,H,-,A,D,0,Y,,,,Y,,A,01,0,0,1,0,1,0,0,0,0,"- ","- ",,,"LOS ANGELES",PALMDALE,-118.19485036,34.618721059999999
6775279,2014,2015-02-17,1900,2014-12-10,1109,253807,2612,3,5,6,1950,0,0,0,,0,261T1,"RANCHO VISTA BL","10TH ST WEST",190.00,W,N,A,-,N,,,,,,,,,,N,3,0,1,2,A,-,11,21954,A,N,G,B,E,A,H,-,A,A,0,Y,,,,Y,,N,60,0,1,0,0,1,0,0,0,0,"- ","- ",,,"LOS ANGELES",PALMDALE,-118.148349,34.601719000000003
6775391,2014,2016-02-18,1900,2014-12-10,1705,532572,0454,3,5,6,1949,0,0,0,,0,43T1,"VOLUNTEER AV","IMPERIAL HWY",250.00,S,N,A,-,N,,,,,,,,,,N,4,0,1,2,A,-,03,22350,,M,G,B,D,A,H,-,C,D,0,Y,,,,Y,,A,01,0,0,1,0,1,0,0,0,0,"- ","- ",,,"LOS ANGELES",NORWALK,-118.06871558,33.916516870000002
6775393,2014,2015-02-18,9590,2014-12-13,1018,020788,,6,1,7,1942,0,1,1,,2,060,"RT 10","CRENSHAW BL",100.00,E,N,A,-,Y,,,10,,,,,,,N,4,0,2,3,C,-,18,,,N,C,C,E,A,H,-,A,D,0,Y,,,,Y,,-,"- ",0,0,2,0,1,0,0,0,0,"- ","- ",34.036900000000003,-118.31468,"LOS ANGELES","LOS ANGELES",-118.31468169999999,34.036926940000001
6775449,2014,2015-02-09,1972,2014-12-30,1220,14197,,2,5,6,1972,0,0,0,,0,,"ANZA AV","PACIFIC COAST HWY",0.00,,Y,A,-,N,,,,,,,,,,N,4,0,1,2,A,-,11,21954,A,N,G,B,D,A,H,-,A,A,0,Y,,,,Y,,N,,0,0,1,0,1,0,0,0,0,"- ","- ",,,"LOS ANGELES",TORRANCE,-118.35789002999999,33.807690010000002
6775469,2014,2015-02-06,1972,2014-12-30,1847,18450,,2,5,6,1972,0,0,0,,0,,"PACIFIC COAST HWY","MADISON ST",0.00,,Y,C,-,Y,,,,,,,,,,N,4,0,1,2,A,-,10,21950,A,N,G,B,B,B,H,-,C,A,0,Y,,,,Y,,A,,0,0,1,0,1,0,0,0,0,"- ","- ",,,"LOS ANGELES",TORRANCE,-118.34783009,33.803560070000003
6775633,2014,2015-02-10,1947,2014-12-22,1930,1401,,1,5,5,1947,0,0,0,,0,00B,"WHITTIER BL","12TH ST",0.00,,Y,A,-,N,,,,,,,,,,N,3,0,1,2,A,-,11,21954,A,N,D,B,D,A,H,-,C,D,0,Y,,,,Y,,N,60,0,1,0,0,1,0,0,0,0,"- ","- ",,,"LOS ANGELES",MONTEBELLO,-118.11295006,34.011010059999997
6775634,2014,2015-02-10,1947,2014-12-11,1709,1249,,4,5,5,1947,0,0,0,,0,03C,"BEVERLY BL","4TH ST",0.00,,Y,A,-,N,,,,,,,,,,N,3,0,1,2,A,-,10,21950,A,N,G,B,B,A,H,-,C,A,0,Y,,,,Y,,A,01,0,1,0,0,1,0,0,0,0,"- ","- ",,,"LOS ANGELES",MONTEBELLO,-118.10174008,34.016300059999999
6775656,2014,2015-02-12,1947,2014-12-26,2018,1366,,5,5,5,1947,0,0,0,,0,00A,"VIA CAMPO","GARFIELD AV",15.00,W,N,A,-,N,,,,,,,,,,N,4,0,1,2,A,-,10,21950,A,N,G,B,B,A,H,-,C,A,0,Y,,,,Y,,A,07,0,0,1,0,1,0,0,0,0,"- ","- ",,,"LOS ANGELES",MONTEBELLO,-118.13001939999999,34.032739999999997
6776943,2014,2015-01-23,1907,2014-10-23,1620,206,2,4,5,4,1907,0,0,0,,0,21D,"WOODWARD AV","RANDOLPH ST",0.00,,Y,A,-,N,,,,,,,,,,N,4,0,1,2,A,-,10,21950,A,F,G,B,B,A,H,-,A,D,0,Y,,,,Y,Y,-,,0,0,1,0,1,0,0,0,0,"- ","- ",,,"LOS ANGELES",BELL,-118.18538013,33.981240030000002
6776947,2014,2015-01-29,1907,2014-10-28,1833,202,1,2,5,4,1907,0,0,0,,0,,"GAGE AV","CALIFORNIA AV",50.00,E,N,A,-,N,,,,,,,,,,N,3,0,1,2,A,-,11,21954,A,N,A,B,D,A,H,-,E,D,0,Y,,,,Y,,N,60,0,1,0,0,1,0,0,0,0,"- ","- ",,,"LOS ANGELES",BELL,-118.20216601,33.979628290000001
6777034,2014,2015-01-28,1948,2014-11-27,0818,451,1948,4,5,5,1948,0,0,0,,0,002,"GARVEY AV","RAMONA AV",0.00,,Y,A,-,N,,,,,,,,,,N,3,0,1,2,A,-,10,21950,A,F,G,B,B,A,H,-,A,A,0,Y,,,,Y,Y,-,,0,1,0,0,1,0,0,0,0,"- ","- ",,,"LOS ANGELES","MONTEREY PARK",-118.12550013000001,34.06254002
6777110,2014,2016-02-18,1905,2014-11-19,1522,1133,411,3,5,4,1905,0,0,0,,0,062,"SAN GABRIEL","9TH ST",0.00,,Y,A,-,N,,,,,,,,,,N,4,0,1,2,A,-,10,21950,A,N,A,B,B,A,H,-,A,A,0,Y,,,,Y,,-,,0,0,1,0,1,0,0,0,0,"- ","- ",,,"LOS ANGELES",AZUSA,-117.90879013,34.137210019999998
6777121,2014,2015-01-28,1905,2014-11-24,1741,1101,311,1,5,4,1905,0,0,0,,0,072,"SAN GABRIEL AV","5TH ST",401.00,N,N,A,-,N,,,,,,,,,,Y,3,0,2,3,A,-,11,21954,A,N,A,B,D,A,H,-,C,D,0,Y,,,,Y,,N,60,0,2,0,0,2,0,0,0,0,"- ","- ",,,"LOS ANGELES",AZUSA,-117.90883637,34.130949309999998
6777743,2014,2015-02-12,9565,2014-12-10,1930,20439,,3,2,9,1900,0,2,4,,2,022,"NORMANDIE AV","105TH ST",30.00,N,N,A,-,N,,,,,,,,,,N,3,0,1,3,A,-,03,22350,,N,C,C,-,A,H,-,C,D,0,Y,,,,Y,,A,08,0,1,0,0,1,0,0,0,0,"- ","- ",33.939500000000002,-118.30029999999999,"LOS ANGELES",UNINCORPORATED,-118.30028197999999,33.941282260000001
6778074,2014,2015-01-29,1946,2014-10-28,0728,P15,,2,5,4,1946,0,0,0,,0,001,FOOTHILL,MYRTLE,0.00,,Y,A,-,N,,,,,,,,,,N,4,0,1,2,A,-,12,21453,A,N,G,B,B,A,H,-,A,A,0,Y,,,,Y,,A,01,0,0,1,0,1,0,0,0,0,"- ","- ",,,"LOS ANGELES",MONROVIA,-118.00105006,34.151350110000003
6778076,2014,2015-01-29,1946,2014-10-22,0829,P37,,3,5,4,1946,0,0,0,,0,002,HUNTINGTON,5TH,0.00,,Y,A,-,N,,,,,,,,,,N,4,0,1,2,A,-,10,21950,A,N,G,B,B,A,H,-,A,A,0,Y,,,,Y,,A,01,0,0,1,0,1,0,0,0,0,"- ","- ",,,"LOS ANGELES",MONROVIA,-118.02050009,34.140180059999999
6778331,2014,2015-07-17,9565,2014-12-21,1110,020710,,7,1,9,1900,0,2,4,,2,021,"VERMONT AV","105TH ST",0.00,,Y,A,-,N,,,,,,,,,,Y,2,0,2,2,A,-,11,21950,B,N,D,B,B,A,H,-,A,D,0,Y,,,,Y,,A,01,1,1,0,0,1,0,0,0,0,"- ","- ",33.942239999999998,-118.29187,"LOS ANGELES",UNINCORPORATED,-118.2919101,33.941220020000003
6778343,2014,2015-07-20,9565,2014-12-19,2350,020518,,5,3,9,1900,0,3,5,,2,003,"LA BREA AV","SLAUSON AV",750.00,S,N,A,-,N,,,,,,,,,,N,2,0,1,2,A,-,11,21954,A,F,G,B,E,A,H,-,C,D,0,Y,,,,Y,,N,60,1,0,0,0,1,0,0,0,0,"- ","- ",33.986379999999997,-118.35778000000001,"LOS ANGELES",UNINCORPORATED,-118.35796967,33.986575819999999
6778416,2014,2015-02-13,1920,2014-12-16,1734,12035,,2,5,6,1920,0,0,0,,0,,"FLORENCE AV","DOWNEY AV",0.00,,Y,A,-,N,,,,,,,,,,N,4,0,1,2,A,-,10,21950,A,N,G,B,B,A,H,-,B,A,0,Y,,,,Y,,A,07,0,0,1,0,1,0,0,0,0,"- ","- ",,,"LOS ANGELES",DOWNEY,-118.12575001,33.951420059999997
6778425,2014,2015-02-13,9565,2014-12-19,2355,020518,,5,3,9,1900,0,3,5,,2,003,"LA BREA AV","SLAUSON AV",730.00,S,N,A,-,N,,,,,,,,,,N,2,0,1,2,A,-,21,22106,,F,G,B,E,A,H,-,C,D,0,Y,,,,Y,,-,99,1,0,0,0,1,0,0,0,0,"- ","- ",33.986379999999997,-118.35778000000001,"LOS ANGELES",UNINCORPORATED,-118.35799007999999,33.986627970000001
6778426,2014,2015-02-13,9565,2014-12-22,2235,020490,,1,3,9,1900,0,3,5,,2,002,"BERENDO AV","115TH PL",15.00,N,N,A,-,N,,,,,,,,,,N,4,0,1,2,A,-,10,21950,A,N,G,B,B,A,H,-,C,D,0,Y,,,,Y,,A,01,0,0,1,0,1,0,0,0,0,"- ","- ",33.929609999999997,-118.29451,"LOS ANGELES",UNINCORPORATED,-118.29458973,33.92948114
6778430,2014,2015-02-13,1900,2014-12-02,1054,529395,0523,2,5,4,1971,0,0,0,,0,52T1AM,"ENCINITA AV","OLIVE ST",0.00,,Y,C,-,N,,,,,,,,,,N,4,0,1,2,A,-,10,21950,A,N,G,B,B,B,H,-,A,A,0,Y,,,,Y,,A,07,0,0,1,0,1,0,0,0,0,"- ","- ",,,"LOS ANGELES","TEMPLE CITY",-118.06787006,34.096630050000002
6778432,2014,2015-02-13,1900,2014-12-29,0832,476847,0532,1,5,5,1959,0,0,0,,0,53T1AM,"DEL MAR AV","HELLMAN AV",0.00,,Y,A,-,N,,,,,,,,,,N,3,0,1,2,A,-,10,21950,A,N,G,B,B,A,H,-,A,A,0,Y,,,,Y,,A,01,0,1,0,0,1,0,0,0,0,"- ","- ",,,"LOS ANGELES",ROSEMEAD,-118.09954001,34.06986002
6778633,2014,2015-01-16,9525,2014-09-24,1750,17867,,3,2,9,1900,0,3,5,,2,004,"FAIRGROVE AV","CALIFORNIA AV",0.00,,Y,A,-,N,,,,,,,,,,Y,3,0,1,2,A,-,10,21950,A,N,G,B,B,A,H,-,B,D,0,Y,,,,Y,,A,01,0,1,0,0,1,0,0,0,0,"- ","- ",34.045470000000002,-117.95461,"LOS ANGELES",UNINCORPORATED,-117.95436012,34.045670100000002
6778637,2014,2015-01-21,9525,2014-09-25,1510,18536,,4,2,9,1900,0,3,5,,2,003,"WING LN","VALINDA AV",0.00,,Y,A,-,N,,,,,,,,,,N,4,0,1,2,A,-,17,21451,A,N,G,B,B,A,H,-,A,A,0,Y,,,,Y,,A,07,0,0,1,0,1,0,0,0,0,"- ","- ",34.02778,-117.92733,"LOS ANGELES",UNINCORPORATED,-117.92708003,34.027780100000001
6778760,2014,2015-02-10,1942,2014-12-28,1725,35936,1249,7,5,7,1942,0,0,0,L,0,12T41,"FLORENCE AV","ESTRELLA AV",10.00,W,N,A,-,N,,,,,,,,,,Y,2,0,1,2,A,-,11,21953,,N,G,B,D,A,H,-,C,D,0,Y,,,,Y,,N,60,1,0,0,0,1,0,0,0,0,"- ","- ",,,"LOS ANGELES","LOS ANGELES",-118.28492292,33.97466
6779018,2014,2015-02-13,1955,2014-12-22,1830,42108,20,1,5,6,1955,0,0,0,,0,002,"ARROW HWY","TOWNE AV",30.00,W,N,A,-,N,,,,,,,,,,N,4,0,1,2,A,-,13,22515,A,N,E,B,F,A,H,-,C,D,0,Y,,,,Y,,D,22,0,0,1,0,1,0,0,0,0,"- ","- ",,,"LOS ANGELES",POMONA,-117.73689844,34.090172709999997
6779076,2014,2015-01-26,1942,2014-11-18,0820,41364,1466,2,5,7,1942,0,0,0,N,0,14A73,"NANCY ST","DUNFIELD AV",172.00,W,N,A,-,N,,,,,,,,,,N,3,0,1,2,A,-,21,22106,,N,G,B,F,A,H,-,A,D,0,Y,,,,Y,,-,,0,1,0,0,1,0,0,0,0,"- ","- ",,,"LOS ANGELES","LOS ANGELES",-118.39815025,33.976871439999996
6779081,2014,2015-02-13,1955,2014-12-12,0844,41873,0044,5,5,6,1955,0,0,0,,0,001,"ARROYO AV","FAIRPLEX AV",300.00,E,N,C,-,N,,,,,,,,,,N,4,0,1,2,A,-,09,21804,A,N,G,B,C,B,H,-,A,A,0,Y,,,,Y,,A,01,0,0,1,0,1,0,0,0,0,"- ","- ",,,"LOS ANGELES",POMONA,-117.7865754,34.064763939999999
6779105,2014,2015-02-13,1942,2014-12-17,2030,37575,1441,3,5,7,1942,0,0,0,N,0,14T47,"PACIFIC AV","26TH PL",103.00,S,N,A,-,N,,,,,,,,,,N,3,0,1,2,A,-,11,21954,A,N,G,B,-,A,H,-,C,D,0,Y,,,,Y,,N,60,0,1,0,0,1,0,0,0,0,"- ","- ",,,"LOS ANGELES","LOS ANGELES",-118.46749847,33.98190683
6779109,2014,2015-02-13,1942,2014-12-18,1615,37700,1412,4,5,7,1942,0,0,0,N,0,8TL28,"NAVY ST","MAIN ST",4.00,W,N,A,-,N,,,,,,,,,,N,3,0,1,2,A,-,10,21950,A,N,G,B,B,A,H,-,A,D,0,Y,,,,Y,,A,01,0,1,0,0,1,0,0,0,0,"- ","- ",,,"LOS ANGELES","LOS ANGELES",-118.47903056,33.997433440000002
6779117,2014,2015-02-19,1942,2014-12-15,0945,34956,1427,1,5,7,1942,0,0,0,N,0,14A27,"SEPULVEDA BL","PALMS BL",3.00,N,N,A,-,N,,,,,,,,,,N,4,0,1,2,A,-,10,21950,A,N,G,B,B,A,H,-,A,A,0,Y,,,,Y,,-,"- ",0,0,1,0,1,0,0,0,0,"- ","- ",,,"LOS ANGELES","LOS ANGELES",-118.42220558,34.019246789999997
6779142,2014,2015-02-12,1900,2014-12-26,0600,462141,2117,5,5,5,1943,0,0,0,,0,212T4,"LONG BEACH BL","LYNWOOD RD",210.00,N,N,A,-,N,,,,,,,,,,N,4,0,1,2,A,-,11,21954,A,N,G,B,E,B,F,-,C,A,0,Y,,,,Y,,N,60,0,0,1,0,1,0,0,0,0,"- ","- ",,,"LOS ANGELES",LYNWOOD,-118.20991505000001,33.923773969999999
6779144,2014,2015-02-13,1942,2014-12-08,1000,41529,1432,1,5,7,1942,0,0,0,N,0,14A13,"SUBERBA AV","LINCOLN BL",5.00,E,N,A,-,N,,,,,,,,,,Y,4,0,1,2,A,-,10,21950,A,N,G,B,B,A,H,-,A,A,0,Y,,,,Y,,-,,0,0,1,0,1,0,0,0,0,"- ","- ",,,"LOS ANGELES","LOS ANGELES",-118.45762999999999,33.996409999999997
6779148,2014,2015-02-13,1942,2014-12-28,0650,14020,1494,7,5,7,1942,0,0,0,N,0,5D73,"WORLD WY",SKYWAY,247.00,W,N,A,-,N,,,,,,,,,,N,4,0,1,2,A,-,11,21954,A,N,G,B,E,A,H,-,B,D,0,Y,,,,Y,,N,60,0,0,1,0,1,0,0,0,0,"- ","- ",,,"LOS ANGELES","LOS ANGELES",-118.400662,33.945447999999999
6779168,2014,2015-02-23,1942,2014-12-16,0640,35660,2079,2,5,7,1942,0,0,0,,0,20A69,"PICO BL",VERMONT,120.00,W,N,B,C,N,,,,,,,,,,Y,4,0,1,2,A,-,11,21955,,N,G,B,D,B,H,-,B,D,0,Y,,,,Y,,N,60,0,0,1,0,1,0,0,0,0,"- ","- ",,,"LOS ANGELES","LOS ANGELES",-118.29199525,34.047267900000001
6779202,2014,2015-02-09,1942,2014-12-03,1850,37556,2026,3,5,7,1942,0,0,0,,0,20A14,"S VERMONT AV","3RD ST",300.00,S,N,C,-,N,,,,,,,,,,N,4,0,1,2,A,-,10,21952,,N,G,B,F,B,H,-,C,-,0,Y,,,,Y,,A,01,0,0,1,0,1,0,0,0,0,"- ","- ",,,"LOS ANGELES","LOS ANGELES",-118.29166474,34.068227350000001
6779207,2014,2015-02-10,1942,2014-12-24,1705,40695,1269,3,5,7,1942,0,0,0,L,0,12X66,AVALON,82ND,75.00,S,N,A,-,N,,,,,,,,,,N,3,0,1,2,A,-,11,21954,A,F,C,B,-,A,H,-,C,D,0,Y,,,,Y,,N,60,0,1,0,0,1,0,0,0,0,"- ","- ",,,"LOS ANGELES","LOS ANGELES",-118.26515000000001,33.964454310000001
6779268,2014,2015-02-10,1942,2014-12-13,2225,40447,2033,6,5,7,1942,0,0,0,,0,7A76,"WESTERN AV","SAN MARINO",100.00,S,N,A,-,N,,,,,,,,,,N,4,0,1,2,A,-,11,21954,A,F,G,B,D,A,H,-,C,D,0,Y,,,,Y,,N,60,0,0,1,0,1,0,0,0,0,"- ","- ",,,"LOS ANGELES","LOS ANGELES",-118.30907999999999,34.054155739999999
6779269,2014,2015-02-10,1942,2014-12-28,1155,30702,0636,7,5,7,1942,0,0,0,F,0,6A31,"WILCOX AV","HOLLYWOOD BL",430.00,N,N,A,-,N,,,,,,,,,,N,4,0,1,2,A,-,10,21952,,N,-,B,F,A,H,-,A,D,0,Y,Y,,,Y,,L,04,0,0,1,0,1,0,0,0,0,"- ","- ",,,"LOS ANGELES","LOS ANGELES",-118.33104277,34.10276932
6779303,2014,2015-02-13,1942,2014-12-17,2150,41231,1266,3,5,7,1942,0,0,0,L,0,12T41,"81ST ST","DENVER AV",239.00,E,-,A,-,N,,,,,,,,,,N,2,0,1,2,A,-,21,22106,,F,G,B,E,A,H,-,C,D,0,Y,,,,Y,,-,99,1,0,0,0,1,0,0,0,0,"- ","- ",,,"LOS ANGELES","LOS ANGELES",-118.3039,33.965462000000002
6779304,2014,2015-02-13,1942,2014-12-07,2100,37306,1232,7,5,7,1942,0,0,0,L,0,X55,"SLAUSON AV","HAAS AV",0.00,,Y,A,-,N,,,,,,,,,,N,3,0,1,2,A,-,11,21956,A,F,G,B,D,A,H,-,C,D,0,Y,,,,Y,,N,60,0,1,0,0,1,0,0,0,0,"- ","- ",,,"LOS ANGELES","LOS ANGELES",-118.31668000000001,33.989110029999999
6779340,2014,2015-02-11,1942,2014-12-20,0020,39764,0805,6,5,7,1942,0,0,0,H,0,20TL59,"MORAGA DR","BELLAGIO RD",300.00,E,N,A,-,N,,,,,,,,,,N,4,0,1,3,A,-,03,22350,,N,B,E,E,A,H,-,D,D,0,Y,,,,Y,,A,01,0,0,1,0,1,0,0,0,0,"- ","- ",,,"LOS ANGELES","LOS ANGELES",-118.46848881,34.078890309999998
6779345,2014,2015-02-11,1942,2014-12-10,1005,41054,1409,3,5,7,1942,0,0,0,N,0,6T7,"REGENT ST","CARDIFF AV",485.00,S,N,A,-,N,,,,,,,,,,N,4,0,1,3,A,-,17,22517,,N,B,E,E,A,H,-,A,D,0,Y,,,,Y,,N,60,0,0,1,0,1,0,0,0,0,"- ","- ",,,"LOS ANGELES","LOS ANGELES",-118.39905736999999,34.0264351
6779346,2014,2015-02-11,1942,2014-12-20,1000,36553,1409,6,5,7,1942,0,0,0,N,0,6T7,"WATSEKA AV","VENICE BL",8.00,S,N,A,-,N,,,,,,,,,,N,3,0,1,2,A,-,10,21950,A,N,G,B,-,A,H,-,A,-,0,Y,,,,Y,,A,01,0,1,0,0,1,0,0,0,0,"- ","- ",,,"LOS ANGELES","LOS ANGELES",-118.39697,34.02449
6779371,2014,2015-02-11,1942,2014-12-30,1720,37611,1142,2,5,7,1942,0,0,0,K,0,1T24,"RODNEY DR","FRANKLIN AV",3.00,N,N,C,-,N,,,,,,,,,,N,4,0,1,2,A,-,10,21950,A,F,G,B,-,A,H,-,C,D,0,Y,,,,Y,,-,99,0,0,1,0,1,0,0,0,0,"- ","- ",,,"LOS ANGELES","LOS ANGELES",-118.28962,34.105409999999999
6779377,2014,2015-02-11,1942,2014-12-22,1512,39889,1361,1,5,7,1942,0,0,0,M,0,1T24,"S BROADWAY","46TH ST",7.00,S,N,A,-,N,,,,,,,,,,N,3,0,1,2,A,-,10,21950,A,N,G,B,B,A,H,-,A,A,0,Y,,,,Y,,A,01,0,1,0,0,1,0,0,0,0,"- ","- ",,,"LOS ANGELES","LOS ANGELES",-118.27835,34.001960799999999
6779379,2014,2015-02-11,1942,2014-12-22,1500,39889,1345,1,5,7,1942,0,0,0,M,0,1T24,"HOOPER AV","33RD ST",0.00,,Y,A,-,N,,,,,,,,,,N,3,0,4,5,A,-,10,21950,A,N,G,B,B,A,H,-,A,A,0,Y,,,,Y,,A,01,0,3,1,0,4,0,0,0,0,"- ","- ",,,"LOS ANGELES","LOS ANGELES",-118.25216008,34.01370008
6779383,2014,2015-02-18,1942,2014-12-19,1140,40514,1303,5,5,7,1942,0,0,0,M,0,BA13,12TH,CROCKER,0.00,,Y,A,-,N,,,,,,,,,,N,4,0,1,2,A,-,"- ",,,N,A,B,B,A,H,-,A,D,0,Y,,,,Y,,-,,0,0,1,0,1,0,0,0,0,"- ","- ",,,"LOS ANGELES","LOS ANGELES",-118.25177005,34.032940050000001
6779389,2014,2015-02-11,1942,2014-12-25,1650,38171,0124,4,5,7,1942,0,0,0,A,0,11T32,"1ST ST","MAIN ST",60.00,W,N,A,-,N,,,,,,,,,,N,4,0,1,2,A,-,11,21950,B,N,G,-,D,A,H,-,C,D,0,Y,,,,Y,,N,60,0,0,1,0,1,0,0,0,0,"- ","- ",,,"LOS ANGELES","LOS ANGELES",-118.24355382,34.052333349999998
6779394,2014,2015-02-11,1942,2014-12-16,2120,40874,0128,2,5,7,1942,0,0,0,A,0,13T53,"CENTRAL ST","1ST ST",16.00,S,N,C,-,N,,,,,,,,,,N,4,0,2,3,A,-,10,21950,A,N,D,B,B,B,H,-,C,A,0,Y,,,,Y,,A,01,0,0,2,0,2,0,0,0,0,"- ","- ",,,"LOS ANGELES","LOS ANGELES",-118.23915608,34.049166409999998
6779397,2014,2016-02-18,1942,2014-12-20,2015,36023,0271,6,5,7,1942,0,0,0,B,0,8T15,"HOOVER ST","OLYMPIC BL",9.00,N,N,A,-,N,,,,,,,,,,N,4,0,1,2,A,-,10,21950,A,N,G,B,B,A,H,-,C,A,0,Y,,,,Y,,A,08,0,0,1,0,1,0,0,0,0,"- ","- ",,,"LOS ANGELES","LOS ANGELES",-118.28422,34.052424680000001
6779401,2014,2015-02-17,1942,2014-12-29,1350,40008,0236,1,5,7,1942,0,0,0,B,0,13T55,"BEVERLY BL",ALVARADO,0.00,,Y,A,-,N,,,,,,,,,,N,3,0,1,2,A,-,12,21453,A,F,D,B,E,A,H,-,A,A,0,Y,,,,Y,,-,99,0,1,0,0,1,0,0,0,0,"- ","- ",,,"LOS ANGELES","LOS ANGELES",-118.27032009,34.066670049999999
6779458,2014,2015-03-02,1965,2014-12-28,2010,3830,0B1L,7,5,5,1965,0,0,0,,0,B001,"OCEAN AV","WILSHIRE BL",0.00,,Y,A,-,N,,,,,,,,,,N,4,0,1,2,A,-,10,21950,A,N,G,B,B,A,H,-,C,A,0,Y,,,,Y,,A,01,0,0,1,0,1,0,0,0,0,"- ","- ",,,"LOS ANGELES","SANTA MONICA",-118.50124008,34.016780099999998