CASE_ID,ACCIDENT_YEAR,PROC_DATE,JURIS,COLLISION_DATE,COLLISION_TIME,OFFICER_ID,REPORTING_DISTRICT,DAY_OF_WEEK,CHP_SHIFT,POPULATION,CNTY_CITY_LOC,SPECIAL_COND,BEAT_TYPE,CHP_BEAT_TYPE,CITY_DIVISION_LAPD,CHP_BEAT_CLASS,BEAT_NUMBER,PRIMARY_RD,SECONDARY_RD,DISTANCE,DIRECTION,INTERSECTION,WEATHER_1,WEATHER_2,STATE_HWY_IND,CALTRANS_COUNTY,CALTRANS_DISTRICT,STATE_ROUTE,ROUTE_SUFFIX,POSTMILE_PREFIX,POSTMILE,LOCATION_TYPE,RAMP_INTERSECTION,SIDE_OF_HWY,TOW_AWAY,COLLISION_SEVERITY,NUMBER_KILLED,NUMBER_INJURED,PARTY_COUNT,PRIMARY_COLL_FACTOR,PCF_CODE_OF_VIOL,PCF_VIOL_CATEGORY,PCF_VIOLATION,PCF_VIOL_SUBSECTION,HIT_AND_RUN,TYPE_OF_COLLISION,MVIW,PED_ACTION,ROAD_SURFACE,ROAD_COND_1,ROAD_COND_2,LIGHTING,CONTROL_DEVICE,CHP_ROAD_TYPE,PEDESTRIAN_ACCIDENT,BICYCLE_ACCIDENT,MOTORCYCLE_ACCIDENT,TRUCK_ACCIDENT,NOT_PRIVATE_PROPERTY,ALCOHOL_INVOLVED,STWD_VEHTYPE_AT_FAULT,CHP_VEHTYPE_AT_FAULT,COUNT_SEVERE_INJ,COUNT_VISIBLE_INJ,COUNT_COMPLAINT_PAIN,COUNT_PED_KILLED,COUNT_PED_INJURED,COUNT_BICYCLIST_KILLED,COUNT_BICYCLIST_INJURED,COUNT_MC_KILLED,COUNT_MC_INJURED,PRIMARY_RAMP,SECONDARY_RAMP,LATITUDE,LONGITUDE,COUNTY,CITY,POINT_X,POINT_Y
7176326,2014,2016-02-09,1910,2014-01-21,0625,00802,,2,5,4,1910,0,0,0,,0,004,"BENEDICT CANYON DR","TOWER RD",0.00,,Y,A,-,N,,,,,,,,,,N,4,0,1,2,D,-,00,,,N,G,B,E,-,H,-,B,A,0,Y,,,,Y,,-,"- ",0,0,1,0,1,0,0,0,0,"- ","- ",34.08567,-118.4226,"LOS ANGELES","BEVERLY HILLS",-118.42260011,34.085610109999998
7176331,2014,2016-02-09,1910,2014-01-11,1441,03494,,6,5,4,1910,0,0,0,,0,004,"LINDEN DR","ELEVADO AV",326.00,N,N,A,-,N,,,,,,,,,,N,3,0,1,2,A,-,09,21804,,N,G,B,E,A,H,-,A,D,0,Y,,,,Y,,A,01,0,1,0,0,1,0,0,0,0,"- ","- ",34.071890000000003,-118.41495,"LOS ANGELES","BEVERLY HILLS",-118.41469821,34.071795219999998
7176334,2014,2016-02-09,1910,2014-02-17,1645,03633,,1,5,4,1910,0,0,0,,0,007,"MAPLE DR","OLYMPIC BL",10.00,N,N,A,-,N,,,,,,,,,,N,3,0,1,2,A,-,10,21950,A,N,G,B,B,A,H,-,A,D,0,Y,,,,Y,,-,,0,1,0,0,1,0,0,0,0,"- ","- ",,,"LOS ANGELES","BEVERLY HILLS",-118.3928401,34.059377429999998
7176362,2014,2016-02-09,1910,2014-02-23,0913,370,,7,5,4,1910,0,0,0,,0,005,"OLYMPIC BL","S SPALDING DR",0.00,,Y,A,-,N,,,,,,,,,,N,3,0,1,2,A,-,10,21950,A,N,G,B,B,A,H,-,-,A,0,Y,,,,Y,,-,,0,1,0,0,1,0,0,0,0,"- ","- ",34.058729999999997,-118.40711,"LOS ANGELES","BEVERLY HILLS",-118.40893009,34.05969005
7176371,2014,2016-02-09,1910,2014-01-29,1100,00802,,3,5,4,1910,0,0,0,,0,009,"WILSHIRE BL","WILLAMAN DR",0.00,,Y,A,-,N,,,,,,,,,,N,4,0,1,2,A,-,12,21453,A,N,G,B,B,A,H,-,A,A,0,Y,,,,Y,,A,01,0,0,1,0,1,0,0,0,0,"- ","- ",34.066240000000001,-118.38043,"LOS ANGELES","BEVERLY HILLS",-118.38050011,34.066270029999998
7176382,2014,2016-02-08,1910,2014-02-12,0715,03633,,3,5,4,1910,0,0,0,,0,005,"SANTA MONICA BL","RODEO DR",10.00,E,N,A,-,N,,,,,,,,,,N,4,0,1,2,A,-,10,21950,A,N,G,B,B,A,H,-,A,A,0,Y,,,,Y,,A,01,0,0,1,0,1,0,0,0,0,"- ","- ",,,"LOS ANGELES","BEVERLY HILLS",-118.40466449,34.070987369999997
7176396,2014,2016-02-09,1910,2014-01-18,1730,04119,,6,5,4,1910,0,0,0,,0,005,"SOUTH SANTA MONICA BL","LASKY DR",5.00,W,N,A,-,N,,,,,,,,,,N,3,0,1,2,A,-,10,21950,A,N,G,B,C,A,H,-,C,D,0,Y,,,,Y,,-,,0,1,0,0,1,0,0,0,0,"- ","- ",34.066569999999999,-118.41011,"LOS ANGELES","BEVERLY HILLS",-118.41004224,34.066680820000002
7176412,2014,2016-02-08,1910,2014-02-01,2343,04223,,6,5,4,1910,0,0,0,,0,009,"WILSHIRE BL","N CARSON RD",0.00,,Y,A,-,N,,,,,,,,,,Y,4,0,1,2,A,-,10,21950,A,N,G,B,B,A,A,H,C,D,0,Y,,,,Y,,A,01,0,0,1,0,1,0,0,0,0,"- ","- ",34.065989999999999,-118.3793,"LOS ANGELES","BEVERLY HILLS",-118.37943011,34.066010009999999
7176424,2014,2016-02-08,1910,2014-02-27,1851,4170,,4,5,4,1910,0,0,0,,0,009,"N REXFORD DR","SANTA MONICA BL",282.00,S,N,A,-,N,,,,,,,,,,N,4,0,1,2,A,-,10,21950,A,N,G,B,C,A,H,-,C,D,0,Y,,,,Y,,A,01,0,0,1,0,1,0,0,0,0,"- ","- ",34.073619999999998,-118.40035,"LOS ANGELES","BEVERLY HILLS",-118.40002518999999,34.073165639999999
7178893,2014,2016-02-20,1910,2014-07-03,1716,3438,,4,5,4,1910,0,0,0,,0,007,"SOUTH SANTA MONICA BL","BEVERLY DR",5.00,W,N,A,-,N,,,,,,,,,,N,4,0,1,2,A,-,10,21950,A,F,G,B,B,A,H,-,A,A,0,Y,,,,Y,,A,01,0,0,1,0,1,0,0,0,0,"- ","- ",34.071869999999997,-118.40358999999999,"LOS ANGELES","BEVERLY HILLS",-118.40330293,34.071291500000001
7178918,2014,2016-02-20,1910,2014-07-03,1721,3494,,4,5,4,1910,0,0,0,,0,005,"BEVERLY DR","GREGORY WY",0.00,,Y,A,-,N,,,,,,,,,,N,3,0,2,3,A,-,12,21453,A,N,G,B,B,A,H,-,A,A,0,Y,,,,Y,,A,01,0,2,0,0,2,0,0,0,0,"- ","- ",,,"LOS ANGELES","BEVERLY HILLS",-118.39912006,34.062230110000002
7178931,2014,2016-02-17,1910,2014-07-08,1820,3438,,2,5,4,1910,0,0,0,,0,007,"S REXFORD DR","WILSHIRE BL",220.00,S,N,A,-,N,,,,,,,,,,N,4,0,1,2,A,-,21,22106,,F,C,B,E,A,H,-,A,D,0,Y,,,,Y,,A,01,0,0,1,0,1,0,0,0,0,"- ","- ",34.072200000000002,-118.39866000000001,"LOS ANGELES","BEVERLY HILLS",-118.39390883,34.066456649999999
7178946,2014,2016-02-20,1910,2014-07-22,0843,2839,,2,5,4,1910,0,0,0,,0,005,"S RODEO DR","CHARLEVILLE DR",0.00,,Y,A,-,N,,,,,,,,,,N,4,0,1,2,A,-,10,21950,A,N,G,B,B,A,H,-,A,A,0,Y,,,,Y,,A,01,0,0,1,0,1,0,0,0,0,"- ","- ",34.064990000000002,-118.40124,"LOS ANGELES","BEVERLY HILLS",-118.40127008,34.064990029999997
7178948,2014,2016-02-17,1910,2014-07-17,1129,2839,,4,5,4,1910,0,0,0,,0,007,"S WILSHIRE BL","S ELM DR",0.00,,Y,A,-,N,,,,,,,,,,N,4,0,1,2,A,-,10,21950,A,N,H,B,B,A,H,-,A,A,0,Y,,,,Y,,A,01,0,0,1,0,1,0,0,0,0,"- ","- ",34.066929999999999,-118.39485999999999,"LOS ANGELES","BEVERLY HILLS",-118.39488006000001,34.067040030000001
7178951,2014,2016-02-17,1910,2014-07-11,1513,34075,,5,5,4,1910,0,0,0,,0,007,"WILSHIRE BL","REXFORD DR",0.00,,Y,A,-,N,,,,,,,,,,N,2,0,1,2,A,-,17,21451,A,N,G,B,B,A,H,-,A,A,0,Y,,,,Y,,A,01,1,0,0,0,1,0,0,0,0,"- ","- ",,,"LOS ANGELES","BEVERLY HILLS",-118.39401006999999,34.067060099999999
7178953,2014,2016-02-20,1910,2014-07-30,1948,1748,,3,5,4,1910,0,0,0,,0,006,"S ALTA DR","W SUNSET BL",0.00,,Y,A,-,N,,,,,,,,,,N,3,0,1,2,A,-,10,21950,A,N,G,B,B,A,H,-,B,D,0,Y,,,,Y,,A,01,0,1,0,0,1,0,0,0,0,"- ","- ",34.088380000000001,-118.39545,"LOS ANGELES","BEVERLY HILLS",-118.39557009000001,34.088630080000001
7178954,2014,2016-02-20,1910,2014-07-25,1733,2839,,5,5,4,1910,0,0,0,,0,005,"S BEVERLY DR","GREGORY WY",0.00,,Y,A,-,N,,,,,,,,,,N,3,0,1,2,A,-,11,21950,B,N,H,G,B,A,H,-,A,A,0,Y,Y,,,Y,,N,60,0,1,0,0,1,0,0,0,0,"- ","- ",34.068379999999998,-118.40047,"LOS ANGELES","BEVERLY HILLS",-118.39912006,34.062230110000002
7179004,2014,2016-02-20,1910,2014-03-24,1030,3633,,1,5,4,1910,0,0,0,,0,007,"S CRESCENT DR","BRIGHTON WY",50.00,S,N,A,-,N,,,,,,,,,,N,4,0,1,3,A,-,08,22107,,N,E,E,E,A,H,-,A,D,0,Y,,,,Y,,A,01,0,0,1,0,1,0,0,0,0,"- ","- ",,,"LOS ANGELES","BEVERLY HILLS",-118.39979805999999,34.071222239999997
7179006,2014,2016-02-20,1910,2014-03-10,0705,3633,,1,5,4,1910,0,0,0,,0,006,"ALTA DR","SUNSET BL",100.00,S,N,A,-,N,,,,,,,,,,N,3,0,1,2,A,-,11,21954,A,N,G,B,D,A,H,-,B,D,0,Y,,,,Y,,N,60,0,1,0,0,1,0,0,0,0,"- ","- ",,,"LOS ANGELES","BEVERLY HILLS",-118.39544133,34.088378329999998
7179012,2014,2016-02-20,1910,2014-03-25,1220,3438,,2,5,4,1910,0,0,0,,0,006,"N HILLCREST RD","BARRIE DR",2640.00,S,N,A,-,N,,,,,,,,,,N,4,0,1,2,A,-,05,21650,,F,B,B,E,A,H,-,A,D,0,Y,,,,Y,,A,01,0,0,1,0,1,0,0,0,0,"- ","- ",34.097880000000004,-118.39465,"LOS ANGELES","BEVERLY HILLS",-118.39506,34.097209999999997
7179038,2014,2016-02-20,1910,2014-03-01,1555,3494,,6,5,4,1910,0,0,0,,0,005,"BEVERLY DR","BRIGHTON WY",60.00,N,N,C,-,N,,,,,,,,,,N,4,0,1,2,A,-,11,21954,A,N,G,B,E,B,H,-,A,D,0,Y,,,,Y,,N,60,0,0,1,0,1,0,0,0,0,"- ","- ",34.070039999999999,-118.40206000000001,"LOS ANGELES","BEVERLY HILLS",-118.40210316,34.070068759999998
7179046,2014,2016-02-18,1910,2014-08-20,1355,2839,,3,5,4,1910,0,0,0,,0,005,"S ROXBURY DR","CHARLEVILLE DR",275.00,N,N,A,-,N,,,,,,,,,,N,3,0,1,2,A,-,"- ",,,N,G,B,D,A,H,-,A,D,0,Y,,,,Y,,A,01,0,1,0,0,1,0,0,0,0,"- ","- ",34.065800000000003,-118.40569000000001,"LOS ANGELES","BEVERLY HILLS",-118.40566465000001,34.065764190000003
7179051,2014,2016-02-19,1910,2014-08-11,1836,3438,,1,5,4,1910,0,0,0,,0,005,"SOUTH SANTA MONICA BL","CHARLEVILLE BL",2.00,W,N,A,-,N,,,,,,,,,,N,4,0,1,2,A,-,03,22350,,N,A,B,B,A,H,-,A,A,0,Y,,,,Y,,A,01,0,0,1,0,1,0,0,0,0,"- ","- ",34.065719999999999,-118.41146000000001,"LOS ANGELES","BEVERLY HILLS",-118.41161506,34.065596489999997
7179080,2014,2016-02-19,1910,2014-08-26,0802,3410,,2,5,4,1910,0,0,0,,0,004,"CANON DR","ELEVADO AV",0.00,,Y,A,-,N,,,,,,,,,,N,4,0,1,2,A,-,10,21950,A,N,G,B,B,A,H,-,A,D,0,Y,,,,Y,,A,01,0,0,1,0,1,0,0,0,0,"- ","- ",34.078229999999998,-118.40818,"LOS ANGELES","BEVERLY HILLS",-118.40811008,34.078180099999997
7179091,2014,2016-02-20,1910,2014-10-23,1941,4160,,4,5,4,1910,0,0,0,,0,005,"WILSHIRE BL","SPALDING DR",0.00,,Y,A,-,N,,,,,,,,,,N,4,0,1,2,A,-,10,21950,A,N,G,B,B,A,H,-,C,D,0,Y,,,,Y,,A,01,0,0,1,0,1,0,0,0,0,"- ","- ",,,"LOS ANGELES","BEVERLY HILLS",-118.40892003,34.067080109999999
7179092,2014,2016-02-20,1910,2014-06-28,0915,3494,,6,5,4,1910,0,0,0,,0,009,"LA CIENEGA BL","GREGORY WY",0.00,,Y,A,-,N,,,,,,,,,,N,4,0,1,2,D,-,00,,,N,G,B,B,A,H,-,A,A,0,Y,,,,Y,,-,"- ",0,0,1,0,1,0,0,0,0,"- ","- ",,,"LOS ANGELES","BEVERLY HILLS",-118.37614001,34.062650040000001
7179097,2014,2016-02-20,1910,2014-06-24,1916,4405,,2,5,4,1910,0,0,0,,0,,"BRIGHTON WY","CAMDEN DR",9.00,W,N,A,-,N,,,,,,,,,,N,3,0,1,2,D,-,00,,,N,G,B,B,A,H,-,A,A,0,Y,,,,Y,,-,"- ",0,1,0,0,1,0,0,0,0,"- ","- ",34.068420000000003,-118.40405,"LOS ANGELES","BEVERLY HILLS",-118.40401255,34.068503960000001
7179103,2014,2016-03-11,1910,2014-06-30,1813,4145,,1,5,4,1910,0,0,0,,0,,"SANTA MONICA BL","CHARLEVILLE BL",0.00,,Y,A,-,N,,,,,,,,,,N,4,0,1,2,A,-,10,21950,A,N,G,B,B,A,H,-,A,A,0,Y,,,,Y,,A,01,0,0,1,0,1,0,0,0,0,"- ","- ",34.065559999999998,-118.41168999999999,"LOS ANGELES","BEVERLY HILLS",-118.41161008,34.065600070000002
7179112,2014,2016-02-20,1910,2014-06-07,2228,4169,,6,5,4,1910,0,0,0,,0,,"WILSHIRE BL","BEVERLY DR",0.00,,Y,A,-,N,,,,,,,,,,N,4,0,1,2,A,-,10,21950,A,N,G,B,B,A,H,-,C,A,0,Y,,,,Y,Y,-,,0,0,1,0,1,0,0,0,0,"- ","- ",,,"LOS ANGELES","BEVERLY HILLS",-118.39919007,34.067070020000003
7179132,2014,2016-03-11,1910,2014-10-16,2206,04394,,4,5,4,1910,0,0,0,,0,006,"NORTH SANTA MONICA BL","ARDEN DR",0.00,,Y,A,-,N,,,,,,,,,,N,4,0,1,2,A,-,10,21950,A,N,G,B,B,A,H,-,D,D,0,Y,,,,Y,,A,07,0,0,1,0,1,0,0,0,0,"- ","- ",34.07873,-118.39351000000001,"LOS ANGELES","BEVERLY HILLS",-118.39344004,34.078680030000001
7179141,2014,2016-02-17,1910,2014-10-31,0938,34075,,5,5,4,1910,0,0,0,,0,006,"N REXFORD DR","ELEVADO AV",0.00,,Y,B,-,N,,,,,,,,,,N,4,0,1,2,A,-,10,21950,A,N,G,A,B,A,H,-,A,A,0,Y,,,,Y,,A,01,0,0,1,0,1,0,0,0,0,"- ","- ",34.07987,-118.40534,"LOS ANGELES","BEVERLY HILLS",-118.40536003,34.079890020000001
7179145,2014,2016-03-11,1910,2014-10-04,0948,04267,,6,5,4,1910,0,0,0,,0,004,"SANTA MONICA BL","N CANON DR",0.00,,Y,A,-,N,,,,,,,,,,N,3,0,1,2,A,-,10,21950,A,N,G,B,B,A,H,-,A,A,0,Y,,,,Y,,A,07,0,1,0,0,1,0,0,0,0,"- ","- ",34.07235,-118.40278000000001,"LOS ANGELES","BEVERLY HILLS",-118.40263002,34.072370040000003
7179147,2014,2016-02-17,1910,2014-10-12,1706,04405,,7,5,4,1910,0,0,0,,0,009,"LA CIENEGA BL","GREGORY WY",0.00,,Y,A,-,N,,,,,,,,,,N,3,0,1,2,A,-,10,21950,A,N,G,B,B,A,H,-,A,A,0,Y,,,,Y,,A,01,0,1,0,0,1,0,0,0,0,"- ","- ",34.062649999999998,-118.37627000000001,"LOS ANGELES","BEVERLY HILLS",-118.37614001,34.062650040000001
7179161,2014,2016-02-20,1910,2014-03-28,1132,2839,,5,5,4,1910,0,0,0,,0,005,"S LINDEN DR","OLYMPIC BL",159.00,N,N,A,-,N,,,,,,,,,,N,3,0,1,3,A,-,09,21804,A,N,G,B,D,A,H,-,A,D,0,Y,,,,Y,,N,60,0,1,0,0,1,0,0,0,0,"- ","- ",34.060189999999999,-118.24281000000001,"LOS ANGELES","BEVERLY HILLS",-118.40782,34.060126109999999
7179174,2014,2016-02-20,1910,2014-11-17,1215,3410,,1,5,4,1910,0,0,0,,0,007,"CHARLEVILLE BL","S BEVERLY DR",0.00,,Y,A,-,N,,,,,,,,,,N,3,0,1,2,A,-,11,21956,,N,G,B,D,A,H,-,A,D,0,Y,,,,Y,,N,60,0,1,0,0,0,0,0,0,0,"- ","- ",34.065019999999997,-118.39854,"LOS ANGELES","BEVERLY HILLS",-118.39912009,34.065000019999999
7179177,2014,2016-02-20,1910,2014-11-21,1828,4394,,5,5,4,1910,0,0,0,,0,005,"N CANON DR","DAYTON WY",0.00,,Y,A,-,N,,,,,,,,,,Y,4,0,1,2,A,-,01,23153,A,F,G,B,B,A,H,-,C,A,0,Y,,,,Y,Y,A,01,0,0,1,0,1,0,0,0,0,"- ","- ",34.069189999999999,-118.39952,"LOS ANGELES","BEVERLY HILLS",-118.3995401,34.069220100000003
7179183,2014,2016-02-20,1910,2014-12-13,1355,4405,,6,5,4,1910,0,0,0,,0,009,"LA CIENEGA BL","WILSHIRE BL",0.00,,Y,A,-,N,,,,,,,,,,Y,4,0,2,4,A,-,08,22100,A,N,B,C,B,A,H,-,A,A,0,Y,,,,Y,,A,01,0,0,2,0,1,0,0,0,0,"- ","- ",34.065260000000002,-118.37625,"LOS ANGELES","BEVERLY HILLS",-118.37623004,34.065180089999998
7179185,2014,2016-02-20,1910,2014-11-22,0219,4393,,6,5,4,1910,0,0,0,,0,006,"LEXINGTON RD","WOODLAND DR",0.00,,Y,A,-,N,,,,,,,,,,N,3,0,1,2,A,-,11,21950,B,N,G,B,E,A,H,-,C,A,0,Y,,,,Y,Y,N,60,0,1,0,0,1,0,0,0,0,"- ","- ",34.08032,-118.41034999999999,"LOS ANGELES","BEVERLY HILLS",-118.41044003,34.086350009999997
7179245,2014,2016-02-17,1910,2014-04-21,0840,3633,,1,5,4,1910,0,0,0,,0,006,"S CRESCENT DR","CARMELITA BL",8.00,N,N,A,-,N,,,,,,,,,,N,4,0,1,2,A,-,10,21950,A,N,G,B,B,A,H,-,A,A,0,Y,,,,Y,,A,01,0,0,1,0,1,0,0,0,0,"- ","- ",,,"LOS ANGELES","BEVERLY HILLS",-118.40406396,34.076028620000002
7179250,2014,2016-02-17,1910,2014-04-11,1759,02839,,5,5,4,1910,0,0,0,,0,005,"SOUTH SANTA MONICA BL","CHARLEVILLE BL",0.00,,Y,A,-,N,,,,,,,,,,N,3,0,1,2,A,-,10,21950,A,N,G,B,B,A,H,-,A,A,0,Y,,,,Y,,-,,0,1,0,0,1,0,0,0,0,"- ","- ",34.065550000000002,-118.24420000000001,"LOS ANGELES","BEVERLY HILLS",-118.41161008,34.065600070000002
7179254,2014,2016-02-17,1910,2014-04-10,1444,03209,,4,5,4,1910,0,0,0,,0,007,"WILSHIRE BL","S BEVERLY DR",0.00,,Y,B,-,N,,,,,,,,,,N,3,0,1,2,D,-,00,,,N,G,B,B,A,H,-,A,A,0,Y,,,,Y,,-,"- ",0,1,0,0,0,0,0,0,0,"- ","- ",34.066980000000001,-118.39896,"LOS ANGELES","BEVERLY HILLS",-118.39919007,34.067070020000003
7179259,2014,2016-02-17,1910,2014-04-30,1631,02839,,3,5,4,1910,0,0,0,,0,007,"N BEVERLY DR N","DAYTON WY",130.00,S,N,A,-,N,,,,,,,,,,Y,4,0,1,2,A,-,17,22517,,N,B,C,E,A,H,-,A,D,0,Y,,,,Y,,N,60,0,0,1,0,1,0,0,0,0,"- ","- ",34.068069999999999,-118.40000000000001,"LOS ANGELES","BEVERLY HILLS",-118.40030993000001,34.06823318
7179270,2014,2016-02-18,1910,2014-04-04,1622,03494,,5,5,4,1910,0,0,0,,0,006,"SANTA MONICA BL","PALM DR",16.00,W,N,A,-,N,,,,,,,,,,N,3,0,1,2,A,-,11,21950,B,N,G,B,B,A,A,H,A,A,0,Y,,,,Y,,N,60,0,1,0,0,1,0,0,0,0,"- ","- ",34.077219999999997,-118.39566000000001,"LOS ANGELES","BEVERLY HILLS",-118.39569002,34.077161420000003
7179368,2014,2016-02-17,1910,2014-12-19,1145,34075,,5,5,4,1910,0,0,0,,0,004,"CANON DR","CARMELITA AV",0.00,,Y,A,-,N,,,,,,,,,,N,3,0,1,2,A,-,11,21954,A,F,G,B,D,A,H,-,A,A,0,Y,,,,Y,,N,60,0,1,0,0,1,0,0,0,0,"- ","- ",,,"LOS ANGELES","BEVERLY HILLS",-118.40527006000001,34.075380039999999
7179382,2014,2016-02-20,1910,2014-09-23,1228,3209,,2,5,4,1910,0,0,0,,0,007,"N CANON DR","CANON DR",7.00,W,N,A,-,N,,,,,,,,,,N,4,0,1,2,A,-,12,22450,A,F,G,B,F,A,H,-,A,A,0,Y,,,,Y,,A,07,0,0,1,0,1,0,0,0,0,"- ","- ",34.067740000000001,-118.39819,"LOS ANGELES","BEVERLY HILLS",-118.41401,34.080100000000002
7179384,2014,2016-02-20,1910,2014-09-05,1300,2839,,5,5,4,1910,0,0,0,,0,007,"S CRESCENT DR","WILSHIRE BL",128.00,S,N,A,-,N,,,,,,,,,,N,4,0,1,2,A,-,21,22106,,N,G,B,F,A,H,-,A,D,0,Y,,,,Y,,A,01,0,0,1,0,1,0,0,0,0,"- ","- ",34.06662,-118.39497,"LOS ANGELES","BEVERLY HILLS",-118.39594,34.06669892
7179399,2014,2016-03-11,1910,2014-09-10,1136,2230,,3,5,4,1910,0,0,0,,0,009,"WILSHIRE BL","LAPEER DR",0.00,,Y,A,-,N,,,,,,,,,,N,3,0,1,2,A,-,10,21950,A,N,G,B,B,A,H,-,A,A,0,Y,,,,Y,,A,01,0,1,0,0,1,0,0,0,0,"- ","- ",,,"LOS ANGELES","BEVERLY HILLS",-118.38668006,34.067060079999997
7179400,2014,2016-02-20,1910,2014-09-02,0821,25212,,2,5,4,1910,0,0,0,,0,007,"CRESCENT DR","DAYTON WY",0.00,,Y,A,-,N,,,,,,,,,,N,4,0,1,2,A,-,10,21950,A,N,D,B,B,-,H,-,A,A,0,Y,,,,Y,,A,01,0,0,1,0,1,0,0,0,0,"- ","- ",34.06991,-118.39856,"LOS ANGELES","BEVERLY HILLS",-118.39854009,34.069920080000003
7179411,2014,2016-02-17,1910,2014-05-22,1802,2820,,4,5,4,1910,0,0,0,,0,009,"ROBERTSON BL","WILSHIRE BL",282.00,N,N,A,-,N,,,,,,,,,,N,4,0,1,2,B,-,22,,,N,D,B,F,A,H,-,A,D,0,Y,,,,Y,,N,60,0,0,1,0,1,0,0,0,0,"- ","- ",,,"LOS ANGELES","BEVERLY HILLS",-118.38373774999999,34.06782244
7179418,2014,2016-02-17,1910,2014-05-07,1253,2820,,3,5,4,1910,0,0,0,,0,005,"N CANON DR","CANON DR 235",0.00,,N,A,-,N,,,,,,,,,,N,3,0,1,2,A,-,21,22106,,N,G,B,C,A,H,-,A,D,0,Y,,,,Y,,A,01,0,1,0,0,1,0,0,0,0,"- ","- ",,,"LOS ANGELES","BEVERLY HILLS",-118.39895546,34.068596059999997
7179419,2014,2016-02-17,1910,2014-05-23,1711,2230,,5,5,4,1910,0,0,0,,0,007,"S BEVERLY DR","GREGORY WY",24.00,S,N,A,-,N,,,,,,,,,,N,3,0,1,2,D,-,00,,,N,G,B,D,A,H,-,-,A,0,Y,,,,Y,,-,"- ",0,1,0,0,1,0,0,0,0,"- ","- ",,,"LOS ANGELES","BEVERLY HILLS",-118.39912,34.062164170000003
7179423,2014,2016-02-17,1910,2014-05-23,1734,2839,,5,5,4,1910,0,0,0,,0,007,"N CANON DR","CANON DR",63.00,E,N,A,-,N,,,,,,,,,,N,3,0,1,2,B,-,22,,,N,G,B,F,A,H,-,A,D,0,Y,,,,Y,,A,01,0,1,0,0,1,0,0,0,0,"- ","- ",34.069749999999999,-118.39963,"LOS ANGELES","BEVERLY HILLS",-118.41380494000001,34.080072659999999
7179428,2014,2016-02-24,1910,2014-05-19,1412,3209,,1,5,4,1910,0,0,0,,0,006,"SANTA MONICA BL","REXFORD DR",0.00,,Y,A,-,N,,,,,,,,,,N,4,0,1,2,A,-,10,21950,A,N,G,B,B,A,H,-,A,A,0,Y,,,,Y,,A,01,0,0,1,0,1,0,0,0,0,"- ","- ",34.073709999999998,-118.40072000000001,"LOS ANGELES","BEVERLY HILLS",-118.40062009,34.073760069999999
7199513,2014,2016-03-28,1941,2014-07-17,2142,10553,,4,5,7,1941,0,0,0,,0,,"OCEAN BL","FALCON AV",0.00,,Y,A,-,N,,,,,,,,,,Y,1,2,0,4,A,-,10,21950,A,N,A,B,B,A,H,-,C,D,0,Y,,Y,,Y,,C,,0,0,0,1,0,0,0,1,0,"- ","- ",,,"LOS ANGELES","LONG BEACH",-118.17381003,33.7652
8006765,2014,2016-03-30,1900,2014-06-07,2230,502210,0631,6,5,6,1985,0,0,0,,0,61T1,"SOLEDAD CANYON RD","SOLAMINT RD",5.00,E,N,A,-,N,,,,,,,,,,N,2,0,1,2,A,-,12,21453,A,N,G,B,B,A,H,-,C,A,0,Y,,,,Y,,D,22,1,0,0,0,1,0,0,0,0,"- ","- ",,,"LOS ANGELES","SANTA CLARITA",-118.45242345,34.416540140000002
8007119,2014,2016-03-30,1942,2014-09-26,1430,39028,0355,5,5,7,1942,0,0,0,C,0,5TL25,"36TH ST","SAINT ANDREWS PL",83.00,E,N,A,-,N,,,,,,,,,,N,4,0,1,2,A,-,21,22106,,F,G,B,E,A,H,-,A,A,0,Y,,,,Y,,-,99,0,0,1,0,1,0,0,0,0,"- ","- ",,,"LOS ANGELES","LOS ANGELES",-118.31162661,34.02281
8073147,2014,2016-07-05,1942,2014-06-06,1530,41397,1544,5,5,7,1942,0,0,0,O,0,15TL44,"LAUREL CYN BL","HUSTON ST",44.00,S,N,A,-,N,,,,,,,,,,N,4,0,1,2,A,-,11,21955,,N,G,B,D,A,H,-,A,D,0,Y,,,,Y,,N,60,0,0,1,0,1,0,0,0,0,"- ","- ",,,"LOS ANGELES","LOS ANGELES",-118.3965,34.159299320000002